,primary_key,id_estacao,data_medicao,altura_agua,data_particao
0,2_2024-03-23 13:00:00,2,2024-03-23 13:00:00,0.42,2024-03-23
1,2_2024-03-23 12:15:00,2,2024-03-23 12:15:00,0.42,2024-03-23
2,2_2024-03-23 12:30:00,2,2024-03-23 12:30:00,0.42,2024-03-23
3,2_2024-03-23 12:45:00,2,2024-03-23 12:45:00,0.42,2024-03-23
4,2_2024-03-23 11:45:00,2,2024-03-23 11:45:00,0.43,2024-03-23
5,2_2024-03-23 11:15:00,2,2024-03-23 11:15:00,0.43,2024-03-23
6,2_2024-03-23 11:30:00,2,2024-03-23 11:30:00,0.43,2024-03-23
7,2_2024-03-23 12:00:00,2,2024-03-23 12:00:00,0.42,2024-03-23
8,2_2024-03-23 10:15:00,2,2024-03-23 10:15:00,0.44,2024-03-23
9,2_2024-03-23 10:30:00,2,2024-03-23 10:30:00,0.44,2024-03-23
10,2_2024-03-23 11:00:00,2,2024-03-23 11:00:00,0.43,2024-03-23
11,2_2024-03-23 10:45:00,2,2024-03-23 10:45:00,0.43,2024-03-23
12,2_2024-03-23 09:45:00,2,2024-03-23 09:45:00,0.44,2024-03-23
13,2_2024-03-23 10:00:00,2,2024-03-23 10:00:00,0.44,2024-03-23
14,2_2024-03-23 09:30:00,2,2024-03-23 09:30:00,0.44,2024-03-23
15,2_2024-03-23 09:15:00,2,2024-03-23 09:15:00,0.45,2024-03-23
16,2_2024-03-23 08:45:00,2,2024-03-23 08:45:00,0.45,2024-03-23
17,2_2024-03-23 08:15:00,2,2024-03-23 08:15:00,0.45,2024-03-23
18,2_2024-03-23 09:00:00,2,2024-03-23 09:00:00,0.45,2024-03-23
19,2_2024-03-23 05:00:00,2,2024-03-23 05:00:00,0.5,2024-03-23
20,2_2024-03-23 00:30:00,2,2024-03-23 00:30:00,0.75,2024-03-23
21,2_2024-03-23 01:15:00,2,2024-03-23 01:15:00,0.72,2024-03-23
22,2_2024-03-23 06:15:00,2,2024-03-23 06:15:00,0.47,2024-03-23
23,2_2024-03-23 06:45:00,2,2024-03-23 06:45:00,0.47,2024-03-23
24,2_2024-03-23 06:30:00,2,2024-03-23 06:30:00,0.47,2024-03-23
25,2_2024-03-23 02:15:00,2,2024-03-23 02:15:00,0.63,2024-03-23
26,2_2024-03-23 03:00:00,2,2024-03-23 03:00:00,0.57,2024-03-23
27,2_2024-03-23 03:45:00,2,2024-03-23 03:45:00,0.54,2024-03-23
28,2_2024-03-23 04:45:00,2,2024-03-23 04:45:00,0.51,2024-03-23
29,2_2024-03-23 04:30:00,2,2024-03-23 04:30:00,0.51,2024-03-23
30,2_2024-03-23 00:45:00,2,2024-03-23 00:45:00,0.76,2024-03-23
31,2_2024-03-23 00:15:00,2,2024-03-23 00:15:00,0.76,2024-03-23
32,2_2024-03-23 00:00:00,2,2024-03-23 00:00:00,0.76,2024-03-23
33,2_2024-03-23 05:15:00,2,2024-03-23 05:15:00,0.49,2024-03-23
34,2_2024-03-23 05:30:00,2,2024-03-23 05:30:00,0.49,2024-03-23
35,2_2024-03-23 01:30:00,2,2024-03-23 01:30:00,0.7,2024-03-23
36,2_2024-03-23 07:45:00,2,2024-03-23 07:45:00,0.46,2024-03-23
37,2_2024-03-23 07:30:00,2,2024-03-23 07:30:00,0.46,2024-03-23
38,2_2024-03-23 07:00:00,2,2024-03-23 07:00:00,0.46,2024-03-23
39,2_2024-03-23 07:15:00,2,2024-03-23 07:15:00,0.46,2024-03-23
40,2_2024-03-23 01:45:00,2,2024-03-23 01:45:00,0.67,2024-03-23
41,2_2024-03-23 02:30:00,2,2024-03-23 02:30:00,0.61,2024-03-23
42,2_2024-03-23 03:30:00,2,2024-03-23 03:30:00,0.55,2024-03-23
43,2_2024-03-23 04:15:00,2,2024-03-23 04:15:00,0.52,2024-03-23
44,2_2024-03-23 01:00:00,2,2024-03-23 01:00:00,0.74,2024-03-23
45,2_2024-03-23 06:00:00,2,2024-03-23 06:00:00,0.48,2024-03-23
46,2_2024-03-23 05:45:00,2,2024-03-23 05:45:00,0.48,2024-03-23
47,2_2024-03-23 08:00:00,2,2024-03-23 08:00:00,0.45,2024-03-23
48,2_2024-03-23 02:00:00,2,2024-03-23 02:00:00,0.65,2024-03-23
49,2_2024-03-23 02:45:00,2,2024-03-23 02:45:00,0.59,2024-03-23
50,2_2024-03-23 03:15:00,2,2024-03-23 03:15:00,0.56,2024-03-23
51,2_2024-03-23 04:00:00,2,2024-03-23 04:00:00,0.53,2024-03-23
52,2_2024-03-23 08:30:00,2,2024-03-23 08:30:00,0.45,2024-03-23
53,5_2024-03-23 14:15:00,5,2024-03-23 14:15:00,0.25,2024-03-23
54,5_2024-03-23 14:45:00,5,2024-03-23 14:45:00,0.26,2024-03-23
55,5_2024-03-23 14:30:00,5,2024-03-23 14:30:00,0.26,2024-03-23
56,5_2024-03-23 14:00:00,5,2024-03-23 14:00:00,0.26,2024-03-23
57,5_2024-03-23 13:30:00,5,2024-03-23 13:30:00,,2024-03-23
58,5_2024-03-23 13:45:00,5,2024-03-23 13:45:00,0.26,2024-03-23
59,5_2024-03-23 12:45:00,5,2024-03-23 12:45:00,0.27,2024-03-23
60,5_2024-03-23 13:00:00,5,2024-03-23 13:00:00,0.27,2024-03-23
61,5_2024-03-23 13:15:00,5,2024-03-23 13:15:00,0.26,2024-03-23
62,5_2024-03-23 12:30:00,5,2024-03-23 12:30:00,0.28,2024-03-23
63,5_2024-03-23 12:15:00,5,2024-03-23 12:15:00,0.28,2024-03-23
64,5_2024-03-23 12:00:00,5,2024-03-23 12:00:00,0.28,2024-03-23
65,5_2024-03-23 11:30:00,5,2024-03-23 11:30:00,0.28,2024-03-23
66,5_2024-03-23 11:45:00,5,2024-03-23 11:45:00,0.27,2024-03-23
67,5_2024-03-23 11:15:00,5,2024-03-23 11:15:00,0.28,2024-03-23
68,5_2024-03-23 11:00:00,5,2024-03-23 11:00:00,0.29,2024-03-23
69,5_2024-03-23 10:30:00,5,2024-03-23 10:30:00,0.28,2024-03-23
70,5_2024-03-23 10:15:00,5,2024-03-23 10:15:00,,2024-03-23
71,5_2024-03-23 10:45:00,5,2024-03-23 10:45:00,,2024-03-23
72,5_2024-03-23 08:30:00,5,2024-03-23 08:30:00,,2024-03-23
73,5_2024-03-23 08:00:00,5,2024-03-23 08:00:00,,2024-03-23
74,5_2024-03-23 07:00:00,5,2024-03-23 07:00:00,,2024-03-23
75,5_2024-03-23 06:30:00,5,2024-03-23 06:30:00,,2024-03-23
76,5_2024-03-23 05:15:00,5,2024-03-23 05:15:00,,2024-03-23
77,5_2024-03-23 04:45:00,5,2024-03-23 04:45:00,,2024-03-23
78,5_2024-03-23 04:15:00,5,2024-03-23 04:15:00,,2024-03-23
79,5_2024-03-23 02:15:00,5,2024-03-23 02:15:00,,2024-03-23
80,5_2024-03-23 00:00:00,5,2024-03-23 00:00:00,,2024-03-23
81,5_2024-03-23 02:30:00,5,2024-03-23 02:30:00,0.5,2024-03-23
82,5_2024-03-23 08:15:00,5,2024-03-23 08:15:00,0.36,2024-03-23
83,5_2024-03-23 04:00:00,5,2024-03-23 04:00:00,0.36,2024-03-23
84,5_2024-03-23 01:00:00,5,2024-03-23 01:00:00,0.72,2024-03-23
85,5_2024-03-23 02:45:00,5,2024-03-23 02:45:00,0.47,2024-03-23
86,5_2024-03-23 09:00:00,5,2024-03-23 09:00:00,0.33,2024-03-23
87,5_2024-03-23 07:30:00,5,2024-03-23 07:30:00,0.33,2024-03-23
88,5_2024-03-23 07:15:00,5,2024-03-23 07:15:00,0.33,2024-03-23
89,5_2024-03-23 04:30:00,5,2024-03-23 04:30:00,0.33,2024-03-23
90,5_2024-03-23 01:15:00,5,2024-03-23 01:15:00,0.66,2024-03-23
91,5_2024-03-23 03:00:00,5,2024-03-23 03:00:00,0.44,2024-03-23
92,5_2024-03-23 01:30:00,5,2024-03-23 01:30:00,0.63,2024-03-23
93,5_2024-03-23 10:00:00,5,2024-03-23 10:00:00,0.3,2024-03-23
94,5_2024-03-23 06:45:00,5,2024-03-23 06:45:00,0.3,2024-03-23
95,5_2024-03-23 05:30:00,5,2024-03-23 05:30:00,0.3,2024-03-23
96,5_2024-03-23 09:45:00,5,2024-03-23 09:45:00,0.3,2024-03-23
97,5_2024-03-23 01:45:00,5,2024-03-23 01:45:00,0.6,2024-03-23
98,5_2024-03-23 00:15:00,5,2024-03-23 00:15:00,0.85,2024-03-23
99,5_2024-03-23 03:30:00,5,2024-03-23 03:30:00,0.41,2024-03-23
100,5_2024-03-23 09:15:00,5,2024-03-23 09:15:00,0.32,2024-03-23
101,5_2024-03-23 05:45:00,5,2024-03-23 05:45:00,0.29,2024-03-23
102,5_2024-03-23 00:30:00,5,2024-03-23 00:30:00,0.8,2024-03-23
103,5_2024-03-23 08:45:00,5,2024-03-23 08:45:00,0.34,2024-03-23
104,5_2024-03-23 07:45:00,5,2024-03-23 07:45:00,0.34,2024-03-23
105,5_2024-03-23 05:00:00,5,2024-03-23 05:00:00,0.31,2024-03-23
106,5_2024-03-23 09:30:00,5,2024-03-23 09:30:00,0.31,2024-03-23
107,5_2024-03-23 03:15:00,5,2024-03-23 03:15:00,0.42,2024-03-23
108,5_2024-03-23 06:00:00,5,2024-03-23 06:00:00,0.28,2024-03-23
109,5_2024-03-23 06:15:00,5,2024-03-23 06:15:00,0.28,2024-03-23
110,5_2024-03-23 02:00:00,5,2024-03-23 02:00:00,0.56,2024-03-23
111,5_2024-03-23 03:45:00,5,2024-03-23 03:45:00,0.39,2024-03-23
112,5_2024-03-23 00:45:00,5,2024-03-23 00:45:00,0.78,2024-03-23
113,5_2024-03-22 23:30:00,5,2024-03-22 23:30:00,0.78,2024-03-22
114,5_2024-03-22 23:15:00,5,2024-03-22 23:15:00,0.7,2024-03-22
115,5_2024-03-22 23:45:00,5,2024-03-22 23:45:00,0.91,2024-03-22
116,2_2024-03-22 21:45:00,2,2024-03-22 21:45:00,1.0,2024-03-22
117,2_2024-03-22 21:30:00,2,2024-03-22 21:30:00,1.02,2024-03-22
118,2_2024-03-22 22:00:00,2,2024-03-22 22:00:00,0.98,2024-03-22
119,2_2024-03-22 21:15:00,2,2024-03-22 21:15:00,1.02,2024-03-22
120,2_2024-03-22 20:15:00,2,2024-03-22 20:15:00,0.78,2024-03-22
121,2_2024-03-22 20:45:00,2,2024-03-22 20:45:00,0.92,2024-03-22
122,2_2024-03-22 20:30:00,2,2024-03-22 20:30:00,0.84,2024-03-22
123,2_2024-03-22 21:00:00,2,2024-03-22 21:00:00,0.98,2024-03-22
124,2_2024-03-22 15:30:00,2,2024-03-22 15:30:00,0.75,2024-03-22
125,2_2024-03-22 15:00:00,2,2024-03-22 15:00:00,0.75,2024-03-22
126,2_2024-03-22 09:00:00,2,2024-03-22 09:00:00,0.36,2024-03-22
127,2_2024-03-22 14:45:00,2,2024-03-22 14:45:00,0.72,2024-03-22
128,2_2024-03-22 13:30:00,2,2024-03-22 13:30:00,0.47,2024-03-22
129,2_2024-03-22 08:15:00,2,2024-03-22 08:15:00,0.33,2024-03-22
130,2_2024-03-22 07:15:00,2,2024-03-22 07:15:00,0.33,2024-03-22
131,2_2024-03-22 07:45:00,2,2024-03-22 07:45:00,0.33,2024-03-22
132,2_2024-03-22 08:00:00,2,2024-03-22 08:00:00,0.33,2024-03-22
133,2_2024-03-22 07:30:00,2,2024-03-22 07:30:00,0.33,2024-03-22
134,2_2024-03-22 06:45:00,2,2024-03-22 06:45:00,0.33,2024-03-22
135,2_2024-03-22 07:00:00,2,2024-03-22 07:00:00,0.33,2024-03-22
136,2_2024-03-22 06:30:00,2,2024-03-22 06:30:00,0.33,2024-03-22
137,2_2024-03-22 06:15:00,2,2024-03-22 06:15:00,0.33,2024-03-22
138,2_2024-03-22 06:00:00,2,2024-03-22 06:00:00,0.33,2024-03-22
139,2_2024-03-22 05:45:00,2,2024-03-22 05:45:00,0.33,2024-03-22
140,2_2024-03-22 05:30:00,2,2024-03-22 05:30:00,0.33,2024-03-22
141,2_2024-03-22 05:15:00,2,2024-03-22 05:15:00,0.33,2024-03-22
142,2_2024-03-22 04:45:00,2,2024-03-22 04:45:00,0.33,2024-03-22
143,2_2024-03-22 05:00:00,2,2024-03-22 05:00:00,0.33,2024-03-22
144,2_2024-03-22 04:30:00,2,2024-03-22 04:30:00,0.33,2024-03-22
145,2_2024-03-22 04:15:00,2,2024-03-22 04:15:00,0.33,2024-03-22
146,2_2024-03-22 03:15:00,2,2024-03-22 03:15:00,0.33,2024-03-22
147,2_2024-03-22 03:45:00,2,2024-03-22 03:45:00,0.33,2024-03-22
148,2_2024-03-22 04:00:00,2,2024-03-22 04:00:00,0.33,2024-03-22
149,2_2024-03-22 03:30:00,2,2024-03-22 03:30:00,0.33,2024-03-22
150,2_2024-03-22 02:30:00,2,2024-03-22 02:30:00,0.33,2024-03-22
151,2_2024-03-22 02:45:00,2,2024-03-22 02:45:00,0.33,2024-03-22
152,2_2024-03-22 02:00:00,2,2024-03-22 02:00:00,0.33,2024-03-22
153,2_2024-03-22 01:30:00,2,2024-03-22 01:30:00,0.33,2024-03-22
154,2_2024-03-22 00:45:00,2,2024-03-22 00:45:00,0.33,2024-03-22
155,2_2024-03-22 00:15:00,2,2024-03-22 00:15:00,0.33,2024-03-22
156,2_2024-03-22 00:30:00,2,2024-03-22 00:30:00,0.33,2024-03-22
157,2_2024-03-22 01:00:00,2,2024-03-22 01:00:00,0.33,2024-03-22
158,2_2024-03-22 00:00:00,2,2024-03-22 00:00:00,0.33,2024-03-22
159,2_2024-03-22 01:45:00,2,2024-03-22 01:45:00,0.33,2024-03-22
160,2_2024-03-22 01:15:00,2,2024-03-22 01:15:00,0.33,2024-03-22
161,2_2024-03-22 03:00:00,2,2024-03-22 03:00:00,0.33,2024-03-22
162,2_2024-03-22 02:15:00,2,2024-03-22 02:15:00,0.33,2024-03-22
163,2_2024-03-22 13:00:00,2,2024-03-22 13:00:00,0.44,2024-03-22
164,2_2024-03-22 17:00:00,2,2024-03-22 17:00:00,0.6,2024-03-22
165,2_2024-03-22 14:15:00,2,2024-03-22 14:15:00,0.6,2024-03-22
166,2_2024-03-22 11:30:00,2,2024-03-22 11:30:00,0.41,2024-03-22
167,2_2024-03-22 19:00:00,2,2024-03-22 19:00:00,0.57,2024-03-22
168,2_2024-03-22 18:45:00,2,2024-03-22 18:45:00,0.57,2024-03-22
169,2_2024-03-22 17:45:00,2,2024-03-22 17:45:00,0.57,2024-03-22
170,2_2024-03-22 14:00:00,2,2024-03-22 14:00:00,0.54,2024-03-22
171,2_2024-03-22 10:15:00,2,2024-03-22 10:15:00,0.38,2024-03-22
172,2_2024-03-22 10:00:00,2,2024-03-22 10:00:00,0.38,2024-03-22
173,2_2024-03-22 09:15:00,2,2024-03-22 09:15:00,0.38,2024-03-22
174,2_2024-03-22 09:30:00,2,2024-03-22 09:30:00,0.38,2024-03-22
175,2_2024-03-22 15:15:00,2,2024-03-22 15:15:00,0.76,2024-03-22
176,2_2024-03-22 13:45:00,2,2024-03-22 13:45:00,0.49,2024-03-22
177,2_2024-03-22 08:45:00,2,2024-03-22 08:45:00,0.35,2024-03-22
178,2_2024-03-22 12:45:00,2,2024-03-22 12:45:00,0.43,2024-03-22
179,2_2024-03-22 16:45:00,2,2024-03-22 16:45:00,0.61,2024-03-22
180,2_2024-03-22 17:30:00,2,2024-03-22 17:30:00,0.58,2024-03-22
181,2_2024-03-22 17:15:00,2,2024-03-22 17:15:00,0.58,2024-03-22
182,2_2024-03-22 11:00:00,2,2024-03-22 11:00:00,0.4,2024-03-22
183,2_2024-03-22 10:45:00,2,2024-03-22 10:45:00,0.4,2024-03-22
184,2_2024-03-22 11:15:00,2,2024-03-22 11:15:00,0.4,2024-03-22
185,2_2024-03-22 09:45:00,2,2024-03-22 09:45:00,0.37,2024-03-22
186,2_2024-03-22 20:00:00,2,2024-03-22 20:00:00,0.74,2024-03-22
187,2_2024-03-22 19:45:00,2,2024-03-22 19:45:00,0.71,2024-03-22
188,2_2024-03-22 15:45:00,2,2024-03-22 15:45:00,0.71,2024-03-22
189,2_2024-03-22 08:30:00,2,2024-03-22 08:30:00,0.34,2024-03-22
190,2_2024-03-22 16:00:00,2,2024-03-22 16:00:00,0.68,2024-03-22
191,2_2024-03-22 14:30:00,2,2024-03-22 14:30:00,0.68,2024-03-22
192,2_2024-03-22 13:15:00,2,2024-03-22 13:15:00,0.45,2024-03-22
193,2_2024-03-22 19:30:00,2,2024-03-22 19:30:00,0.65,2024-03-22
194,2_2024-03-22 16:15:00,2,2024-03-22 16:15:00,0.65,2024-03-22
195,2_2024-03-22 16:30:00,2,2024-03-22 16:30:00,0.62,2024-03-22
196,2_2024-03-22 12:30:00,2,2024-03-22 12:30:00,0.42,2024-03-22
197,2_2024-03-22 12:15:00,2,2024-03-22 12:15:00,0.42,2024-03-22
198,2_2024-03-22 12:00:00,2,2024-03-22 12:00:00,0.42,2024-03-22
199,2_2024-03-22 11:45:00,2,2024-03-22 11:45:00,0.42,2024-03-22
200,2_2024-03-22 19:15:00,2,2024-03-22 19:15:00,0.59,2024-03-22
201,2_2024-03-22 18:30:00,2,2024-03-22 18:30:00,0.56,2024-03-22
202,2_2024-03-22 18:15:00,2,2024-03-22 18:15:00,0.56,2024-03-22
203,2_2024-03-22 18:00:00,2,2024-03-22 18:00:00,0.56,2024-03-22
204,2_2024-03-22 10:30:00,2,2024-03-22 10:30:00,0.39,2024-03-22
205,5_2024-03-22 22:30:00,5,2024-03-22 22:30:00,0.99,2024-03-22
206,5_2024-03-22 22:15:00,5,2024-03-22 22:15:00,,2024-03-22
207,5_2024-03-22 21:30:00,5,2024-03-22 21:30:00,,2024-03-22
208,5_2024-03-22 20:30:00,5,2024-03-22 20:30:00,,2024-03-22
209,5_2024-03-22 19:30:00,5,2024-03-22 19:30:00,,2024-03-22
210,5_2024-03-22 19:00:00,5,2024-03-22 19:00:00,,2024-03-22
211,5_2024-03-22 18:30:00,5,2024-03-22 18:30:00,,2024-03-22
212,5_2024-03-22 17:45:00,5,2024-03-22 17:45:00,,2024-03-22
213,5_2024-03-22 17:15:00,5,2024-03-22 17:15:00,,2024-03-22
214,5_2024-03-22 16:00:00,5,2024-03-22 16:00:00,,2024-03-22
215,5_2024-03-22 16:15:00,5,2024-03-22 16:15:00,,2024-03-22
216,5_2024-03-22 14:45:00,5,2024-03-22 14:45:00,,2024-03-22
217,5_2024-03-22 14:00:00,5,2024-03-22 14:00:00,,2024-03-22
218,5_2024-03-22 14:15:00,5,2024-03-22 14:15:00,,2024-03-22
219,5_2024-03-22 13:30:00,5,2024-03-22 13:30:00,,2024-03-22
220,5_2024-03-22 12:30:00,5,2024-03-22 12:30:00,,2024-03-22
221,5_2024-03-22 11:15:00,5,2024-03-22 11:15:00,,2024-03-22
222,5_2024-03-22 11:30:00,5,2024-03-22 11:30:00,,2024-03-22
223,5_2024-03-22 10:45:00,5,2024-03-22 10:45:00,,2024-03-22
224,5_2024-03-22 08:00:00,5,2024-03-22 08:00:00,,2024-03-22
225,5_2024-03-22 08:45:00,5,2024-03-22 08:45:00,,2024-03-22
226,5_2024-03-22 08:15:00,5,2024-03-22 08:15:00,,2024-03-22
227,5_2024-03-22 07:15:00,5,2024-03-22 07:15:00,,2024-03-22
228,5_2024-03-22 07:00:00,5,2024-03-22 07:00:00,,2024-03-22
229,5_2024-03-22 03:30:00,5,2024-03-22 03:30:00,,2024-03-22
230,5_2024-03-22 02:15:00,5,2024-03-22 02:15:00,,2024-03-22
231,5_2024-03-22 02:30:00,5,2024-03-22 02:30:00,,2024-03-22
232,5_2024-03-22 09:15:00,5,2024-03-22 09:15:00,,2024-03-22
233,5_2024-03-22 10:15:00,5,2024-03-22 10:15:00,,2024-03-22
234,5_2024-03-22 09:30:00,5,2024-03-22 09:30:00,,2024-03-22
235,5_2024-03-22 15:15:00,5,2024-03-22 15:15:00,,2024-03-22
236,5_2024-03-22 13:00:00,5,2024-03-22 13:00:00,0.75,2024-03-22
237,5_2024-03-22 06:45:00,5,2024-03-22 06:45:00,0.09,2024-03-22
238,5_2024-03-22 06:30:00,5,2024-03-22 06:30:00,0.09,2024-03-22
239,5_2024-03-22 06:00:00,5,2024-03-22 06:00:00,0.09,2024-03-22
240,5_2024-03-22 05:00:00,5,2024-03-22 05:00:00,0.09,2024-03-22
241,5_2024-03-22 05:15:00,5,2024-03-22 05:15:00,0.09,2024-03-22
242,5_2024-03-22 04:15:00,5,2024-03-22 04:15:00,0.09,2024-03-22
243,5_2024-03-22 04:00:00,5,2024-03-22 04:00:00,0.09,2024-03-22
244,5_2024-03-22 03:15:00,5,2024-03-22 03:15:00,0.09,2024-03-22
245,5_2024-03-22 03:00:00,5,2024-03-22 03:00:00,0.09,2024-03-22
246,5_2024-03-22 03:45:00,5,2024-03-22 03:45:00,0.09,2024-03-22
247,5_2024-03-22 06:15:00,5,2024-03-22 06:15:00,0.09,2024-03-22
248,5_2024-03-22 09:45:00,5,2024-03-22 09:45:00,0.18,2024-03-22
249,5_2024-03-22 18:00:00,5,2024-03-22 18:00:00,0.69,2024-03-22
250,5_2024-03-22 22:00:00,5,2024-03-22 22:00:00,1.13,2024-03-22
251,5_2024-03-22 02:00:00,5,2024-03-22 02:00:00,0.11,2024-03-22
252,5_2024-03-22 08:30:00,5,2024-03-22 08:30:00,0.15,2024-03-22
253,5_2024-03-22 09:00:00,5,2024-03-22 09:00:00,0.15,2024-03-22
254,5_2024-03-22,5,,0.15,2024-03-22
255,5_2024-03-22 18:15:00,5,2024-03-22 18:15:00,0.6,2024-03-22
256,5_2024-03-22 12:45:00,5,2024-03-22 12:45:00,0.6,2024-03-22
257,5_2024-03-22 21:45:00,5,2024-03-22 21:45:00,1.2,2024-03-22
258,5_2024-03-22 21:15:00,5,2024-03-22 21:15:00,1.2,2024-03-22
259,5_2024-03-22 12:15:00,5,2024-03-22 12:15:00,0.41,2024-03-22
260,5_2024-03-22 19:15:00,5,2024-03-22 19:15:00,0.79,2024-03-22
261,5_2024-03-22 12:00:00,5,2024-03-22 12:00:00,0.38,2024-03-22
262,5_2024-03-22 21:00:00,5,2024-03-22 21:00:00,1.15,2024-03-22
263,5_2024-03-22 10:30:00,5,2024-03-22 10:30:00,0.23,2024-03-22
264,5_2024-03-22 16:30:00,5,2024-03-22 16:30:00,0.67,2024-03-22
265,5_2024-03-22 17:00:00,5,2024-03-22 17:00:00,0.67,2024-03-22
266,5_2024-03-22 13:45:00,5,2024-03-22 13:45:00,0.92,2024-03-22
267,5_2024-03-22 05:30:00,5,2024-03-22 05:30:00,0.08,2024-03-22
268,5_2024-03-22 05:45:00,5,2024-03-22 05:45:00,0.08,2024-03-22
269,5_2024-03-22 04:45:00,5,2024-03-22 04:45:00,0.08,2024-03-22
270,5_2024-03-22 04:30:00,5,2024-03-22 04:30:00,0.08,2024-03-22
271,5_2024-03-22 11:45:00,5,2024-03-22 11:45:00,0.32,2024-03-22
272,5_2024-03-22 18:45:00,5,2024-03-22 18:45:00,0.64,2024-03-22
273,5_2024-03-22 02:45:00,5,2024-03-22 02:45:00,0.1,2024-03-22
274,5_2024-03-22 17:30:00,5,2024-03-22 17:30:00,0.8,2024-03-22
275,5_2024-03-22 13:15:00,5,2024-03-22 13:15:00,0.8,2024-03-22
276,5_2024-03-22 01:15:00,5,2024-03-22 01:15:00,0.13,2024-03-22
277,5_2024-03-22 01:00:00,5,2024-03-22 01:00:00,0.13,2024-03-22
278,5_2024-03-22 00:45:00,5,2024-03-22 00:45:00,0.13,2024-03-22
279,5_2024-03-22 00:30:00,5,2024-03-22 00:30:00,0.13,2024-03-22
280,5_2024-03-22 07:45:00,5,2024-03-22 07:45:00,0.13,2024-03-22
281,5_2024-03-22 19:45:00,5,2024-03-22 19:45:00,0.74,2024-03-22
282,5_2024-03-22 20:00:00,5,2024-03-22 20:00:00,0.74,2024-03-22
283,5_2024-03-22 07:30:00,5,2024-03-22 07:30:00,0.12,2024-03-22
284,5_2024-03-22 01:30:00,5,2024-03-22 01:30:00,0.12,2024-03-22
285,5_2024-03-22 01:45:00,5,2024-03-22 01:45:00,0.12,2024-03-22
286,5_2024-03-22 11:00:00,5,2024-03-22 11:00:00,0.24,2024-03-22
287,5_2024-03-22 10:00:00,5,2024-03-22 10:00:00,0.17,2024-03-22
288,5_2024-03-22 14:30:00,5,2024-03-22 14:30:00,0.93,2024-03-22
289,5_2024-03-22 16:45:00,5,2024-03-22 16:45:00,0.65,2024-03-22
290,5_2024-03-22 15:30:00,5,2024-03-22 15:30:00,0.9,2024-03-22
291,5_2024-03-22 15:00:00,5,2024-03-22 15:00:00,1.05,2024-03-22
292,5_2024-03-22 00:15:00,5,2024-03-22 00:15:00,0.14,2024-03-22
293,5_2024-03-22 15:45:00,5,2024-03-22 15:45:00,0.81,2024-03-22
294,5_2024-03-22 20:15:00,5,2024-03-22 20:15:00,0.78,2024-03-22
295,5_2024-03-22 20:45:00,5,2024-03-22 20:45:00,1.06,2024-03-22
296,5_2024-03-22 22:45:00,5,2024-03-22 22:45:00,0.87,2024-03-22
297,5_2024-03-22 23:00:00,5,2024-03-22 23:00:00,0.78,2024-03-22
298,5_2024-03-21 23:45:00,5,2024-03-21 23:45:00,0.15,2024-03-21
299,5_2024-03-21 23:15:00,5,2024-03-21 23:15:00,,2024-03-21
300,5_2024-03-21 23:30:00,5,2024-03-21 23:30:00,0.16,2024-03-21
301,2_2024-03-21 21:45:00,2,2024-03-21 21:45:00,0.33,2024-03-21
302,2_2024-03-21 22:00:00,2,2024-03-21 22:00:00,0.33,2024-03-21
303,2_2024-03-21 21:30:00,2,2024-03-21 21:30:00,0.33,2024-03-21
304,2_2024-03-21 21:15:00,2,2024-03-21 21:15:00,0.33,2024-03-21
305,2_2024-03-21 20:15:00,2,2024-03-21 20:15:00,0.33,2024-03-21
306,2_2024-03-21 20:45:00,2,2024-03-21 20:45:00,0.33,2024-03-21
307,2_2024-03-21 21:00:00,2,2024-03-21 21:00:00,0.33,2024-03-21
308,2_2024-03-21 20:00:00,2,2024-03-21 20:00:00,0.33,2024-03-21
309,2_2024-03-21 19:15:00,2,2024-03-21 19:15:00,0.33,2024-03-21
310,2_2024-03-21 19:45:00,2,2024-03-21 19:45:00,0.33,2024-03-21
311,2_2024-03-21 19:30:00,2,2024-03-21 19:30:00,0.33,2024-03-21
312,2_2024-03-21 18:30:00,2,2024-03-21 18:30:00,0.33,2024-03-21
313,2_2024-03-21 18:15:00,2,2024-03-21 18:15:00,0.33,2024-03-21
314,2_2024-03-21 19:00:00,2,2024-03-21 19:00:00,0.33,2024-03-21
315,2_2024-03-21 18:45:00,2,2024-03-21 18:45:00,0.33,2024-03-21
316,2_2024-03-21 17:45:00,2,2024-03-21 17:45:00,0.33,2024-03-21
317,2_2024-03-21 17:30:00,2,2024-03-21 17:30:00,0.33,2024-03-21
318,2_2024-03-21 17:15:00,2,2024-03-21 17:15:00,0.33,2024-03-21
319,2_2024-03-21 18:00:00,2,2024-03-21 18:00:00,0.33,2024-03-21
320,2_2024-03-21 16:45:00,2,2024-03-21 16:45:00,0.33,2024-03-21
321,2_2024-03-21 16:15:00,2,2024-03-21 16:15:00,0.33,2024-03-21
322,2_2024-03-21 16:30:00,2,2024-03-21 16:30:00,0.33,2024-03-21
323,2_2024-03-21 17:00:00,2,2024-03-21 17:00:00,0.33,2024-03-21
324,2_2024-03-21 15:30:00,2,2024-03-21 15:30:00,0.33,2024-03-21
325,2_2024-03-21 14:15:00,2,2024-03-21 14:15:00,0.33,2024-03-21
326,2_2024-03-21 14:45:00,2,2024-03-21 14:45:00,0.33,2024-03-21
327,2_2024-03-21 15:00:00,2,2024-03-21 15:00:00,0.33,2024-03-21
328,2_2024-03-21 14:30:00,2,2024-03-21 14:30:00,0.33,2024-03-21
329,2_2024-03-21 13:30:00,2,2024-03-21 13:30:00,0.33,2024-03-21
330,2_2024-03-21 13:15:00,2,2024-03-21 13:15:00,0.33,2024-03-21
331,2_2024-03-21 13:45:00,2,2024-03-21 13:45:00,0.33,2024-03-21
332,2_2024-03-21 14:00:00,2,2024-03-21 14:00:00,0.33,2024-03-21
333,2_2024-03-21 12:30:00,2,2024-03-21 12:30:00,0.33,2024-03-21
334,2_2024-03-21 12:15:00,2,2024-03-21 12:15:00,0.33,2024-03-21
335,2_2024-03-21 12:45:00,2,2024-03-21 12:45:00,0.33,2024-03-21
336,2_2024-03-21 13:00:00,2,2024-03-21 13:00:00,0.33,2024-03-21
337,2_2024-03-21 11:15:00,2,2024-03-21 11:15:00,0.33,2024-03-21
338,2_2024-03-21 12:00:00,2,2024-03-21 12:00:00,0.33,2024-03-21
339,2_2024-03-21 11:45:00,2,2024-03-21 11:45:00,0.33,2024-03-21
340,2_2024-03-21 11:30:00,2,2024-03-21 11:30:00,0.33,2024-03-21
341,2_2024-03-21 10:45:00,2,2024-03-21 10:45:00,0.33,2024-03-21
342,2_2024-03-21 11:00:00,2,2024-03-21 11:00:00,0.33,2024-03-21
343,2_2024-03-21 10:30:00,2,2024-03-21 10:30:00,0.33,2024-03-21
344,2_2024-03-21 10:15:00,2,2024-03-21 10:15:00,0.33,2024-03-21
345,2_2024-03-21 09:15:00,2,2024-03-21 09:15:00,0.33,2024-03-21
346,2_2024-03-21 09:45:00,2,2024-03-21 09:45:00,0.33,2024-03-21
347,2_2024-03-21 09:30:00,2,2024-03-21 09:30:00,0.33,2024-03-21
348,2_2024-03-21 10:00:00,2,2024-03-21 10:00:00,0.33,2024-03-21
349,2_2024-03-21 08:45:00,2,2024-03-21 08:45:00,0.33,2024-03-21
350,2_2024-03-21 09:00:00,2,2024-03-21 09:00:00,0.33,2024-03-21
351,2_2024-03-21 08:30:00,2,2024-03-21 08:30:00,0.33,2024-03-21
352,2_2024-03-21 00:15:00,2,2024-03-21 00:15:00,0.33,2024-03-21
353,2_2024-03-21 08:15:00,2,2024-03-21 08:15:00,0.34,2024-03-21
354,2_2024-03-21 08:00:00,2,2024-03-21 08:00:00,0.34,2024-03-21
355,2_2024-03-21 07:30:00,2,2024-03-21 07:30:00,0.34,2024-03-21
356,2_2024-03-21 06:15:00,2,2024-03-21 06:15:00,0.34,2024-03-21
357,2_2024-03-21 06:45:00,2,2024-03-21 06:45:00,0.34,2024-03-21
358,2_2024-03-21 06:30:00,2,2024-03-21 06:30:00,0.34,2024-03-21
359,2_2024-03-21 07:00:00,2,2024-03-21 07:00:00,0.34,2024-03-21
360,2_2024-03-21 05:15:00,2,2024-03-21 05:15:00,0.34,2024-03-21
361,2_2024-03-21 06:00:00,2,2024-03-21 06:00:00,0.34,2024-03-21
362,2_2024-03-21 05:30:00,2,2024-03-21 05:30:00,0.34,2024-03-21
363,2_2024-03-21 05:45:00,2,2024-03-21 05:45:00,0.34,2024-03-21
364,2_2024-03-21 04:00:00,2,2024-03-21 04:00:00,0.34,2024-03-21
365,2_2024-03-21 03:45:00,2,2024-03-21 03:45:00,0.34,2024-03-21
366,2_2024-03-21 03:15:00,2,2024-03-21 03:15:00,0.34,2024-03-21
367,2_2024-03-21 03:30:00,2,2024-03-21 03:30:00,0.34,2024-03-21
368,2_2024-03-21 01:15:00,2,2024-03-21 01:15:00,0.34,2024-03-21
369,2_2024-03-21 02:00:00,2,2024-03-21 02:00:00,0.34,2024-03-21
370,2_2024-03-21 01:30:00,2,2024-03-21 01:30:00,0.34,2024-03-21
371,2_2024-03-21 01:00:00,2,2024-03-21 01:00:00,0.34,2024-03-21
372,2_2024-03-21 00:45:00,2,2024-03-21 00:45:00,0.34,2024-03-21
373,2_2024-03-21 00:30:00,2,2024-03-21 00:30:00,0.34,2024-03-21
374,2_2024-03-21 00:00:00,2,2024-03-21 00:00:00,0.34,2024-03-21
375,2_2024-03-21 01:45:00,2,2024-03-21 01:45:00,0.34,2024-03-21
376,2_2024-03-21 03:00:00,2,2024-03-21 03:00:00,0.34,2024-03-21
377,2_2024-03-21 02:45:00,2,2024-03-21 02:45:00,0.34,2024-03-21
378,2_2024-03-21 02:15:00,2,2024-03-21 02:15:00,0.34,2024-03-21
379,2_2024-03-21 02:30:00,2,2024-03-21 02:30:00,0.34,2024-03-21
380,2_2024-03-21 07:15:00,2,2024-03-21 07:15:00,0.34,2024-03-21
381,2_2024-03-21 07:45:00,2,2024-03-21 07:45:00,0.34,2024-03-21
382,2_2024-03-21 15:45:00,2,2024-03-21 15:45:00,0.33,2024-03-21
383,2_2024-03-21 16:00:00,2,2024-03-21 16:00:00,0.33,2024-03-21
384,2_2024-03-21 15:15:00,2,2024-03-21 15:15:00,0.33,2024-03-21
385,2_2024-03-21 20:30:00,2,2024-03-21 20:30:00,0.33,2024-03-21
386,5_2024-03-21 22:45:00,5,2024-03-21 22:45:00,0.17,2024-03-21
387,5_2024-03-21 23:00:00,5,2024-03-21 23:00:00,0.16,2024-03-21
388,5_2024-03-21 22:30:00,5,2024-03-21 22:30:00,0.17,2024-03-21
389,5_2024-03-21 22:00:00,5,2024-03-21 22:00:00,0.17,2024-03-21
390,5_2024-03-21 22:15:00,5,2024-03-21 22:15:00,0.17,2024-03-21
391,5_2024-03-21 21:45:00,5,2024-03-21 21:45:00,0.17,2024-03-21
392,5_2024-03-21 21:15:00,5,2024-03-21 21:15:00,,2024-03-21
393,5_2024-03-21 21:30:00,5,2024-03-21 21:30:00,,2024-03-21
394,5_2024-03-21 21:00:00,5,2024-03-21 21:00:00,0.17,2024-03-21
395,5_2024-03-21 20:30:00,5,2024-03-21 20:30:00,,2024-03-21
396,5_2024-03-21 20:45:00,5,2024-03-21 20:45:00,0.17,2024-03-21
397,5_2024-03-21 20:15:00,5,2024-03-21 20:15:00,0.18,2024-03-21
398,5_2024-03-21 20:00:00,5,2024-03-21 20:00:00,0.18,2024-03-21
399,5_2024-03-21 19:45:00,5,2024-03-21 19:45:00,0.18,2024-03-21
400,5_2024-03-21 19:15:00,5,2024-03-21 19:15:00,,2024-03-21
401,5_2024-03-21 19:30:00,5,2024-03-21 19:30:00,0.17,2024-03-21
402,5_2024-03-21 18:30:00,5,2024-03-21 18:30:00,,2024-03-21
403,5_2024-03-21 19:00:00,5,2024-03-21 19:00:00,0.17,2024-03-21
404,5_2024-03-21 18:45:00,5,2024-03-21 18:45:00,0.16,2024-03-21
405,5_2024-03-21 18:15:00,5,2024-03-21 18:15:00,0.16,2024-03-21
406,5_2024-03-21 17:30:00,5,2024-03-21 17:30:00,0.17,2024-03-21
407,5_2024-03-21 17:15:00,5,2024-03-21 17:15:00,0.17,2024-03-21
408,5_2024-03-21 16:30:00,5,2024-03-21 16:30:00,,2024-03-21
409,5_2024-03-21 16:45:00,5,2024-03-21 16:45:00,,2024-03-21
410,5_2024-03-21 17:00:00,5,2024-03-21 17:00:00,0.17,2024-03-21
411,5_2024-03-21 16:00:00,5,2024-03-21 16:00:00,,2024-03-21
412,5_2024-03-21 15:30:00,5,2024-03-21 15:30:00,,2024-03-21
413,5_2024-03-21 14:30:00,5,2024-03-21 14:30:00,,2024-03-21
414,5_2024-03-21 14:00:00,5,2024-03-21 14:00:00,,2024-03-21
415,5_2024-03-21 11:45:00,5,2024-03-21 11:45:00,,2024-03-21
416,5_2024-03-21 11:15:00,5,2024-03-21 11:15:00,,2024-03-21
417,5_2024-03-21 10:30:00,5,2024-03-21 10:30:00,,2024-03-21
418,5_2024-03-21 10:45:00,5,2024-03-21 10:45:00,,2024-03-21
419,5_2024-03-21 11:00:00,5,2024-03-21 11:00:00,,2024-03-21
420,5_2024-03-21 09:45:00,5,2024-03-21 09:45:00,,2024-03-21
421,5_2024-03-21 08:45:00,5,2024-03-21 08:45:00,,2024-03-21
422,5_2024-03-21 08:00:00,5,2024-03-21 08:00:00,,2024-03-21
423,5_2024-03-21 07:00:00,5,2024-03-21 07:00:00,,2024-03-21
424,5_2024-03-21 07:15:00,5,2024-03-21 07:15:00,,2024-03-21
425,5_2024-03-21 07:30:00,5,2024-03-21 07:30:00,,2024-03-21
426,5_2024-03-21 05:15:00,5,2024-03-21 05:15:00,,2024-03-21
427,5_2024-03-21 04:30:00,5,2024-03-21 04:30:00,,2024-03-21
428,5_2024-03-21 01:30:00,5,2024-03-21 01:30:00,,2024-03-21
429,5_2024-03-21 00:45:00,5,2024-03-21 00:45:00,,2024-03-21
430,5_2024-03-21 05:45:00,5,2024-03-21 05:45:00,0.09,2024-03-21
431,5_2024-03-21 06:00:00,5,2024-03-21 06:00:00,0.09,2024-03-21
432,5_2024-03-21 05:30:00,5,2024-03-21 05:30:00,0.09,2024-03-21
433,5_2024-03-21 05:00:00,5,2024-03-21 05:00:00,0.09,2024-03-21
434,5_2024-03-21 04:45:00,5,2024-03-21 04:45:00,0.09,2024-03-21
435,5_2024-03-21 03:30:00,5,2024-03-21 03:30:00,0.09,2024-03-21
436,5_2024-03-21 04:00:00,5,2024-03-21 04:00:00,0.09,2024-03-21
437,5_2024-03-21 03:45:00,5,2024-03-21 03:45:00,0.09,2024-03-21
438,5_2024-03-21 15:00:00,5,2024-03-21 15:00:00,0.18,2024-03-21
439,5_2024-03-21 14:45:00,5,2024-03-21 14:45:00,0.18,2024-03-21
440,5_2024-03-21 11:30:00,5,2024-03-21 11:30:00,0.18,2024-03-21
441,5_2024-03-21 10:15:00,5,2024-03-21 10:15:00,0.18,2024-03-21
442,5_2024-03-21 10:00:00,5,2024-03-21 10:00:00,0.18,2024-03-21
443,5_2024-03-21 09:30:00,5,2024-03-21 09:30:00,0.18,2024-03-21
444,5_2024-03-21 13:45:00,5,2024-03-21 13:45:00,0.18,2024-03-21
445,5_2024-03-21 13:30:00,5,2024-03-21 13:30:00,0.18,2024-03-21
446,5_2024-03-21 06:30:00,5,2024-03-21 06:30:00,0.11,2024-03-21
447,5_2024-03-21 06:45:00,5,2024-03-21 06:45:00,0.11,2024-03-21
448,5_2024-03-21 02:30:00,5,2024-03-21 02:30:00,0.11,2024-03-21
449,5_2024-03-21 02:00:00,5,2024-03-21 02:00:00,0.11,2024-03-21
450,5_2024-03-21 07:45:00,5,2024-03-21 07:45:00,0.15,2024-03-21
451,5_2024-03-21 00:30:00,5,2024-03-21 00:30:00,0.15,2024-03-21
452,5_2024-03-21 00:00:00,5,2024-03-21 00:00:00,0.15,2024-03-21
453,5_2024-03-21 00:15:00,5,2024-03-21 00:15:00,0.15,2024-03-21
454,5_2024-03-21 14:15:00,5,2024-03-21 14:15:00,0.19,2024-03-21
455,5_2024-03-21 13:15:00,5,2024-03-21 13:15:00,0.19,2024-03-21
456,5_2024-03-21 13:00:00,5,2024-03-21 13:00:00,0.19,2024-03-21
457,5_2024-03-21 12:30:00,5,2024-03-21 12:30:00,0.19,2024-03-21
458,5_2024-03-21 12:45:00,5,2024-03-21 12:45:00,0.19,2024-03-21
459,5_2024-03-21 12:15:00,5,2024-03-21 12:15:00,0.19,2024-03-21
460,5_2024-03-21 12:00:00,5,2024-03-21 12:00:00,0.19,2024-03-21
461,5_2024-03-21 08:15:00,5,2024-03-21 08:15:00,0.16,2024-03-21
462,5_2024-03-21 06:15:00,5,2024-03-21 06:15:00,0.1,2024-03-21
463,5_2024-03-21 04:15:00,5,2024-03-21 04:15:00,0.1,2024-03-21
464,5_2024-03-21 03:15:00,5,2024-03-21 03:15:00,0.1,2024-03-21
465,5_2024-03-21 03:00:00,5,2024-03-21 03:00:00,0.1,2024-03-21
466,5_2024-03-21 02:45:00,5,2024-03-21 02:45:00,0.1,2024-03-21
467,5_2024-03-21 09:15:00,5,2024-03-21 09:15:00,0.2,2024-03-21
468,5_2024-03-21 01:00:00,5,2024-03-21 01:00:00,0.13,2024-03-21
469,5_2024-03-21 01:15:00,5,2024-03-21 01:15:00,0.13,2024-03-21
470,5_2024-03-21 02:15:00,5,2024-03-21 02:15:00,0.12,2024-03-21
471,5_2024-03-21 01:45:00,5,2024-03-21 01:45:00,0.12,2024-03-21
472,5_2024-03-21 16:15:00,5,2024-03-21 16:15:00,0.17,2024-03-21
473,5_2024-03-21 15:45:00,5,2024-03-21 15:45:00,0.17,2024-03-21
474,5_2024-03-21 09:00:00,5,2024-03-21 09:00:00,0.17,2024-03-21
475,5_2024-03-21 08:30:00,5,2024-03-21 08:30:00,0.17,2024-03-21
476,5_2024-03-21 18:00:00,5,2024-03-21 18:00:00,0.17,2024-03-21
477,5_2024-03-21 17:45:00,5,2024-03-21 17:45:00,,2024-03-21
478,2_2024-03-15 14:00:00,2,2024-03-15 14:00:00,,2024-03-15
479,2_2024-03-15 01:15:00,2,2024-03-15 01:15:00,,2024-03-15
480,2_2024-03-15 03:00:00,2,2024-03-15 03:00:00,,2024-03-15
481,2_2024-03-15 08:00:00,2,2024-03-15 08:00:00,,2024-03-15
482,2_2024-03-15 04:15:00,2,2024-03-15 04:15:00,,2024-03-15
483,2_2024-03-15 05:45:00,2,2024-03-15 05:45:00,,2024-03-15
484,2_2024-03-15 12:00:00,2,2024-03-15 12:00:00,,2024-03-15
485,2_2024-03-15 08:15:00,2,2024-03-15 08:15:00,,2024-03-15
486,2_2024-03-15 09:00:00,2,2024-03-15 09:00:00,,2024-03-15
487,2_2024-03-15 05:30:00,2,2024-03-15 05:30:00,,2024-03-15
488,2_2024-03-15 13:45:00,2,2024-03-15 13:45:00,,2024-03-15
489,2_2024-03-15 02:00:00,2,2024-03-15 02:00:00,,2024-03-15
490,2_2024-03-15 02:15:00,2,2024-03-15 02:15:00,,2024-03-15
491,2_2024-03-15 03:15:00,2,2024-03-15 03:15:00,,2024-03-15
492,2_2024-03-15 11:15:00,2,2024-03-15 11:15:00,,2024-03-15
493,2_2024-03-15 02:30:00,2,2024-03-15 02:30:00,,2024-03-15
494,2_2024-03-15 10:30:00,2,2024-03-15 10:30:00,,2024-03-15
495,2_2024-03-15 02:45:00,2,2024-03-15 02:45:00,,2024-03-15
496,2_2024-03-15 06:30:00,2,2024-03-15 06:30:00,,2024-03-15
497,2_2024-03-15 12:30:00,2,2024-03-15 12:30:00,,2024-03-15
498,2_2024-03-15 08:30:00,2,2024-03-15 08:30:00,,2024-03-15
499,2_2024-03-15 03:45:00,2,2024-03-15 03:45:00,,2024-03-15
500,2_2024-03-15 05:00:00,2,2024-03-15 05:00:00,,2024-03-15
501,2_2024-03-15 12:15:00,2,2024-03-15 12:15:00,,2024-03-15
502,2_2024-03-15 13:15:00,2,2024-03-15 13:15:00,,2024-03-15
503,2_2024-03-15 07:45:00,2,2024-03-15 07:45:00,,2024-03-15
504,2_2024-03-15 13:30:00,2,2024-03-15 13:30:00,,2024-03-15
505,2_2024-03-15 07:30:00,2,2024-03-15 07:30:00,,2024-03-15
506,2_2024-03-15 07:15:00,2,2024-03-15 07:15:00,,2024-03-15
507,2_2024-03-15 04:30:00,2,2024-03-15 04:30:00,,2024-03-15
508,2_2024-03-15 09:15:00,2,2024-03-15 09:15:00,,2024-03-15
509,2_2024-03-15 01:45:00,2,2024-03-15 01:45:00,,2024-03-15
510,2_2024-03-15 05:15:00,2,2024-03-15 05:15:00,,2024-03-15
511,2_2024-03-15 00:00:00,2,2024-03-15 00:00:00,,2024-03-15
512,2_2024-03-15 10:45:00,2,2024-03-15 10:45:00,,2024-03-15
513,2_2024-03-15 07:00:00,2,2024-03-15 07:00:00,,2024-03-15
514,2_2024-03-15 04:00:00,2,2024-03-15 04:00:00,,2024-03-15
515,2_2024-03-15 10:15:00,2,2024-03-15 10:15:00,,2024-03-15
516,2_2024-03-15 08:45:00,2,2024-03-15 08:45:00,,2024-03-15
517,2_2024-03-15 13:00:00,2,2024-03-15 13:00:00,,2024-03-15
518,2_2024-03-15 09:45:00,2,2024-03-15 09:45:00,,2024-03-15
519,2_2024-03-15 11:00:00,2,2024-03-15 11:00:00,,2024-03-15
520,2_2024-03-15 01:30:00,2,2024-03-15 01:30:00,,2024-03-15
521,2_2024-03-15 00:15:00,2,2024-03-15 00:15:00,,2024-03-15
522,2_2024-03-15 01:00:00,2,2024-03-15 01:00:00,,2024-03-15
523,2_2024-03-15 06:00:00,2,2024-03-15 06:00:00,,2024-03-15
524,2_2024-03-15 03:30:00,2,2024-03-15 03:30:00,,2024-03-15
525,2_2024-03-15 12:45:00,2,2024-03-15 12:45:00,,2024-03-15
526,2_2024-03-15 11:30:00,2,2024-03-15 11:30:00,,2024-03-15
527,2_2024-03-15 09:30:00,2,2024-03-15 09:30:00,,2024-03-15
528,2_2024-03-15 10:00:00,2,2024-03-15 10:00:00,,2024-03-15
529,2_2024-03-15 11:45:00,2,2024-03-15 11:45:00,,2024-03-15
530,2_2024-03-15 04:45:00,2,2024-03-15 04:45:00,,2024-03-15
531,2_2024-03-15 06:45:00,2,2024-03-15 06:45:00,,2024-03-15
532,2_2024-03-15 00:30:00,2,2024-03-15 00:30:00,,2024-03-15
533,2_2024-03-15 00:45:00,2,2024-03-15 00:45:00,,2024-03-15
534,2_2024-03-15 06:15:00,2,2024-03-15 06:15:00,,2024-03-15
535,2_2024-03-15 21:15:00,2,2024-03-15 21:15:00,0.34,2024-03-15
536,2_2024-03-15 21:30:00,2,2024-03-15 21:30:00,0.34,2024-03-15
537,2_2024-03-15 22:00:00,2,2024-03-15 22:00:00,0.34,2024-03-15
538,2_2024-03-15 21:45:00,2,2024-03-15 21:45:00,0.34,2024-03-15
539,2_2024-03-15 20:15:00,2,2024-03-15 20:15:00,0.34,2024-03-15
540,2_2024-03-15 20:30:00,2,2024-03-15 20:30:00,0.34,2024-03-15
541,2_2024-03-15 20:45:00,2,2024-03-15 20:45:00,0.34,2024-03-15
542,2_2024-03-15 21:00:00,2,2024-03-15 21:00:00,0.34,2024-03-15
543,2_2024-03-15 19:45:00,2,2024-03-15 19:45:00,0.34,2024-03-15
544,2_2024-03-15 20:00:00,2,2024-03-15 20:00:00,0.34,2024-03-15
545,2_2024-03-15 19:30:00,2,2024-03-15 19:30:00,0.34,2024-03-15
546,2_2024-03-15 19:15:00,2,2024-03-15 19:15:00,0.34,2024-03-15
547,2_2024-03-15 16:15:00,2,2024-03-15 16:15:00,0.34,2024-03-15
548,2_2024-03-15 16:45:00,2,2024-03-15 16:45:00,0.34,2024-03-15
549,2_2024-03-15 17:45:00,2,2024-03-15 17:45:00,0.34,2024-03-15
550,2_2024-03-15 17:30:00,2,2024-03-15 17:30:00,0.34,2024-03-15
551,2_2024-03-15 17:00:00,2,2024-03-15 17:00:00,0.34,2024-03-15
552,2_2024-03-15 16:30:00,2,2024-03-15 16:30:00,0.34,2024-03-15
553,2_2024-03-15 18:00:00,2,2024-03-15 18:00:00,0.34,2024-03-15
554,2_2024-03-15 17:15:00,2,2024-03-15 17:15:00,0.34,2024-03-15
555,2_2024-03-15 14:30:00,2,2024-03-15 14:30:00,0.34,2024-03-15
556,2_2024-03-15 15:45:00,2,2024-03-15 15:45:00,0.34,2024-03-15
557,2_2024-03-15 15:30:00,2,2024-03-15 15:30:00,0.34,2024-03-15
558,2_2024-03-15 14:45:00,2,2024-03-15 14:45:00,0.34,2024-03-15
559,2_2024-03-15 15:15:00,2,2024-03-15 15:15:00,0.34,2024-03-15
560,2_2024-03-15 15:00:00,2,2024-03-15 15:00:00,0.34,2024-03-15
561,2_2024-03-15 16:00:00,2,2024-03-15 16:00:00,0.34,2024-03-15
562,2_2024-03-15 14:15:00,2,2024-03-15 14:15:00,0.34,2024-03-15
563,2_2024-03-15 18:30:00,2,2024-03-15 18:30:00,0.34,2024-03-15
564,2_2024-03-15 18:45:00,2,2024-03-15 18:45:00,0.34,2024-03-15
565,2_2024-03-15 18:15:00,2,2024-03-15 18:15:00,0.34,2024-03-15
566,2_2024-03-15 19:00:00,2,2024-03-15 19:00:00,0.34,2024-03-15
567,2_2024-03-18 18:15:00,2,2024-03-18 18:15:00,,2024-03-18
568,2_2024-03-18 01:00:00,2,2024-03-18 01:00:00,,2024-03-18
569,2_2024-03-18 04:00:00,2,2024-03-18 04:00:00,,2024-03-18
570,2_2024-03-18 06:45:00,2,2024-03-18 06:45:00,,2024-03-18
571,2_2024-03-18 07:45:00,2,2024-03-18 07:45:00,,2024-03-18
572,2_2024-03-18 10:00:00,2,2024-03-18 10:00:00,,2024-03-18
573,2_2024-03-18 08:15:00,2,2024-03-18 08:15:00,,2024-03-18
574,2_2024-03-18 06:00:00,2,2024-03-18 06:00:00,,2024-03-18
575,2_2024-03-18 09:30:00,2,2024-03-18 09:30:00,,2024-03-18
576,2_2024-03-18 01:45:00,2,2024-03-18 01:45:00,,2024-03-18
577,2_2024-03-18 07:15:00,2,2024-03-18 07:15:00,,2024-03-18
578,2_2024-03-18 00:00:00,2,2024-03-18 00:00:00,,2024-03-18
579,2_2024-03-18 04:30:00,2,2024-03-18 04:30:00,,2024-03-18
580,2_2024-03-18 02:15:00,2,2024-03-18 02:15:00,,2024-03-18
581,2_2024-03-18 02:45:00,2,2024-03-18 02:45:00,,2024-03-18
582,2_2024-03-18 02:30:00,2,2024-03-18 02:30:00,,2024-03-18
583,2_2024-03-18 07:00:00,2,2024-03-18 07:00:00,,2024-03-18
584,2_2024-03-18 03:00:00,2,2024-03-18 03:00:00,,2024-03-18
585,2_2024-03-18 09:45:00,2,2024-03-18 09:45:00,,2024-03-18
586,2_2024-03-18 03:15:00,2,2024-03-18 03:15:00,,2024-03-18
587,2_2024-03-18 05:00:00,2,2024-03-18 05:00:00,,2024-03-18
588,2_2024-03-18 04:45:00,2,2024-03-18 04:45:00,,2024-03-18
589,2_2024-03-18 01:15:00,2,2024-03-18 01:15:00,,2024-03-18
590,2_2024-03-18 05:45:00,2,2024-03-18 05:45:00,,2024-03-18
591,2_2024-03-18 08:45:00,2,2024-03-18 08:45:00,,2024-03-18
592,2_2024-03-18 00:30:00,2,2024-03-18 00:30:00,,2024-03-18
593,2_2024-03-18 00:45:00,2,2024-03-18 00:45:00,,2024-03-18
594,2_2024-03-18 05:15:00,2,2024-03-18 05:15:00,,2024-03-18
595,2_2024-03-18 04:15:00,2,2024-03-18 04:15:00,,2024-03-18
596,2_2024-03-18 02:00:00,2,2024-03-18 02:00:00,,2024-03-18
597,2_2024-03-18 07:30:00,2,2024-03-18 07:30:00,,2024-03-18
598,2_2024-03-18 08:30:00,2,2024-03-18 08:30:00,,2024-03-18
599,2_2024-03-18 03:30:00,2,2024-03-18 03:30:00,,2024-03-18
600,2_2024-03-18 09:00:00,2,2024-03-18 09:00:00,,2024-03-18
601,2_2024-03-18 01:30:00,2,2024-03-18 01:30:00,,2024-03-18
602,2_2024-03-18 09:15:00,2,2024-03-18 09:15:00,,2024-03-18
603,2_2024-03-18 05:30:00,2,2024-03-18 05:30:00,,2024-03-18
604,2_2024-03-18 06:15:00,2,2024-03-18 06:15:00,,2024-03-18
605,2_2024-03-18 08:00:00,2,2024-03-18 08:00:00,,2024-03-18
606,2_2024-03-18 06:30:00,2,2024-03-18 06:30:00,,2024-03-18
607,2_2024-03-18 00:15:00,2,2024-03-18 00:15:00,,2024-03-18
608,2_2024-03-18 03:45:00,2,2024-03-18 03:45:00,,2024-03-18
609,2_2024-03-18 21:45:00,2,2024-03-18 21:45:00,0.33,2024-03-18
610,2_2024-03-18 20:30:00,2,2024-03-18 20:30:00,0.33,2024-03-18
611,2_2024-03-18 20:45:00,2,2024-03-18 20:45:00,0.33,2024-03-18
612,2_2024-03-18 21:00:00,2,2024-03-18 21:00:00,0.33,2024-03-18
613,2_2024-03-18 20:15:00,2,2024-03-18 20:15:00,0.33,2024-03-18
614,2_2024-03-18 19:45:00,2,2024-03-18 19:45:00,0.33,2024-03-18
615,2_2024-03-18 20:00:00,2,2024-03-18 20:00:00,0.33,2024-03-18
616,2_2024-03-18 19:30:00,2,2024-03-18 19:30:00,0.33,2024-03-18
617,2_2024-03-18 19:15:00,2,2024-03-18 19:15:00,0.33,2024-03-18
618,2_2024-03-18 18:30:00,2,2024-03-18 18:30:00,0.33,2024-03-18
619,2_2024-03-18 19:00:00,2,2024-03-18 19:00:00,0.33,2024-03-18
620,2_2024-03-18 18:45:00,2,2024-03-18 18:45:00,0.33,2024-03-18
621,2_2024-03-18 17:30:00,2,2024-03-18 17:30:00,0.33,2024-03-18
622,2_2024-03-18 18:00:00,2,2024-03-18 18:00:00,0.33,2024-03-18
623,2_2024-03-18 17:45:00,2,2024-03-18 17:45:00,0.33,2024-03-18
624,2_2024-03-18 17:15:00,2,2024-03-18 17:15:00,0.33,2024-03-18
625,2_2024-03-18 16:15:00,2,2024-03-18 16:15:00,0.33,2024-03-18
626,2_2024-03-18 17:00:00,2,2024-03-18 17:00:00,0.33,2024-03-18
627,2_2024-03-18 16:30:00,2,2024-03-18 16:30:00,0.33,2024-03-18
628,2_2024-03-18 16:45:00,2,2024-03-18 16:45:00,0.33,2024-03-18
629,2_2024-03-18 15:30:00,2,2024-03-18 15:30:00,0.33,2024-03-18
630,2_2024-03-18 15:15:00,2,2024-03-18 15:15:00,0.33,2024-03-18
631,2_2024-03-18 14:45:00,2,2024-03-18 14:45:00,0.33,2024-03-18
632,2_2024-03-18 14:30:00,2,2024-03-18 14:30:00,0.33,2024-03-18
633,2_2024-03-18 15:45:00,2,2024-03-18 15:45:00,0.33,2024-03-18
634,2_2024-03-18 14:15:00,2,2024-03-18 14:15:00,0.33,2024-03-18
635,2_2024-03-18 15:00:00,2,2024-03-18 15:00:00,0.33,2024-03-18
636,2_2024-03-18 16:00:00,2,2024-03-18 16:00:00,0.33,2024-03-18
637,2_2024-03-18 13:30:00,2,2024-03-18 13:30:00,0.33,2024-03-18
638,2_2024-03-18 13:45:00,2,2024-03-18 13:45:00,0.33,2024-03-18
639,2_2024-03-18 14:00:00,2,2024-03-18 14:00:00,0.33,2024-03-18
640,2_2024-03-18 21:15:00,2,2024-03-18 21:15:00,0.34,2024-03-18
641,2_2024-03-18 13:15:00,2,2024-03-18 13:15:00,0.34,2024-03-18
642,2_2024-03-18 12:15:00,2,2024-03-18 12:15:00,0.34,2024-03-18
643,2_2024-03-18 12:30:00,2,2024-03-18 12:30:00,0.34,2024-03-18
644,2_2024-03-18 12:45:00,2,2024-03-18 12:45:00,0.34,2024-03-18
645,2_2024-03-18 13:00:00,2,2024-03-18 13:00:00,0.34,2024-03-18
646,2_2024-03-18 11:45:00,2,2024-03-18 11:45:00,0.34,2024-03-18
647,2_2024-03-18 11:00:00,2,2024-03-18 11:00:00,0.34,2024-03-18
648,2_2024-03-18 11:30:00,2,2024-03-18 11:30:00,0.34,2024-03-18
649,2_2024-03-18 10:30:00,2,2024-03-18 10:30:00,0.34,2024-03-18
650,2_2024-03-18 11:15:00,2,2024-03-18 11:15:00,0.34,2024-03-18
651,2_2024-03-18 12:00:00,2,2024-03-18 12:00:00,0.34,2024-03-18
652,2_2024-03-18 10:45:00,2,2024-03-18 10:45:00,0.34,2024-03-18
653,2_2024-03-18 10:15:00,2,2024-03-18 10:15:00,0.34,2024-03-18
654,2_2024-03-18 21:30:00,2,2024-03-18 21:30:00,0.34,2024-03-18
655,2_2024-03-18 22:00:00,2,2024-03-18 22:00:00,0.34,2024-03-18
656,2_2024-03-19 02:30:00,2,2024-03-19 02:30:00,,2024-03-19
657,2_2024-03-19 05:00:00,2,2024-03-19 05:00:00,,2024-03-19
658,2_2024-03-19 06:00:00,2,2024-03-19 06:00:00,,2024-03-19
659,2_2024-03-19 06:45:00,2,2024-03-19 06:45:00,,2024-03-19
660,2_2024-03-19 05:45:00,2,2024-03-19 05:45:00,,2024-03-19
661,2_2024-03-19 03:45:00,2,2024-03-19 03:45:00,,2024-03-19
662,2_2024-03-19 00:00:00,2,2024-03-19 00:00:00,,2024-03-19
663,2_2024-03-19 07:00:00,2,2024-03-19 07:00:00,,2024-03-19
664,2_2024-03-19 04:00:00,2,2024-03-19 04:00:00,,2024-03-19
665,2_2024-03-19 01:00:00,2,2024-03-19 01:00:00,,2024-03-19
666,2_2024-03-19 02:00:00,2,2024-03-19 02:00:00,,2024-03-19
667,2_2024-03-19 06:30:00,2,2024-03-19 06:30:00,,2024-03-19
668,2_2024-03-19 00:15:00,2,2024-03-19 00:15:00,,2024-03-19
669,2_2024-03-19 03:30:00,2,2024-03-19 03:30:00,,2024-03-19
670,2_2024-03-19 04:45:00,2,2024-03-19 04:45:00,,2024-03-19
671,2_2024-03-19 00:30:00,2,2024-03-19 00:30:00,,2024-03-19
672,2_2024-03-19 00:45:00,2,2024-03-19 00:45:00,,2024-03-19
673,2_2024-03-19 01:15:00,2,2024-03-19 01:15:00,,2024-03-19
674,2_2024-03-19 03:00:00,2,2024-03-19 03:00:00,,2024-03-19
675,2_2024-03-19 05:30:00,2,2024-03-19 05:30:00,,2024-03-19
676,2_2024-03-19 02:15:00,2,2024-03-19 02:15:00,,2024-03-19
677,2_2024-03-19 01:30:00,2,2024-03-19 01:30:00,,2024-03-19
678,2_2024-03-19 06:15:00,2,2024-03-19 06:15:00,,2024-03-19
679,2_2024-03-19 04:15:00,2,2024-03-19 04:15:00,,2024-03-19
680,2_2024-03-19 03:15:00,2,2024-03-19 03:15:00,,2024-03-19
681,2_2024-03-19 02:45:00,2,2024-03-19 02:45:00,,2024-03-19
682,2_2024-03-19 04:30:00,2,2024-03-19 04:30:00,,2024-03-19
683,2_2024-03-19 01:45:00,2,2024-03-19 01:45:00,,2024-03-19
684,2_2024-03-19 05:15:00,2,2024-03-19 05:15:00,,2024-03-19
685,2_2024-03-19 16:30:00,2,2024-03-19 16:30:00,0.33,2024-03-19
686,2_2024-03-19 16:15:00,2,2024-03-19 16:15:00,0.33,2024-03-19
687,2_2024-03-19 15:45:00,2,2024-03-19 15:45:00,0.33,2024-03-19
688,2_2024-03-19 16:00:00,2,2024-03-19 16:00:00,0.33,2024-03-19
689,2_2024-03-19 14:15:00,2,2024-03-19 14:15:00,0.33,2024-03-19
690,2_2024-03-19 14:30:00,2,2024-03-19 14:30:00,0.33,2024-03-19
691,2_2024-03-19 15:00:00,2,2024-03-19 15:00:00,0.33,2024-03-19
692,2_2024-03-19 14:45:00,2,2024-03-19 14:45:00,0.33,2024-03-19
693,2_2024-03-19 21:15:00,2,2024-03-19 21:15:00,0.34,2024-03-19
694,2_2024-03-19 22:00:00,2,2024-03-19 22:00:00,0.34,2024-03-19
695,2_2024-03-19 21:30:00,2,2024-03-19 21:30:00,0.34,2024-03-19
696,2_2024-03-19 21:45:00,2,2024-03-19 21:45:00,0.34,2024-03-19
697,2_2024-03-19 21:00:00,2,2024-03-19 21:00:00,0.34,2024-03-19
698,2_2024-03-19 20:45:00,2,2024-03-19 20:45:00,0.34,2024-03-19
699,2_2024-03-19 19:45:00,2,2024-03-19 19:45:00,0.34,2024-03-19
700,2_2024-03-19 20:00:00,2,2024-03-19 20:00:00,0.34,2024-03-19
701,2_2024-03-19 19:15:00,2,2024-03-19 19:15:00,0.34,2024-03-19
702,2_2024-03-19 18:30:00,2,2024-03-19 18:30:00,0.34,2024-03-19
703,2_2024-03-19 19:00:00,2,2024-03-19 19:00:00,0.34,2024-03-19
704,2_2024-03-19 18:15:00,2,2024-03-19 18:15:00,0.34,2024-03-19
705,2_2024-03-19 18:45:00,2,2024-03-19 18:45:00,0.34,2024-03-19
706,2_2024-03-19 17:45:00,2,2024-03-19 17:45:00,0.34,2024-03-19
707,2_2024-03-19 18:00:00,2,2024-03-19 18:00:00,0.34,2024-03-19
708,2_2024-03-19 17:15:00,2,2024-03-19 17:15:00,0.34,2024-03-19
709,2_2024-03-19 17:30:00,2,2024-03-19 17:30:00,0.34,2024-03-19
710,2_2024-03-19 16:45:00,2,2024-03-19 16:45:00,0.34,2024-03-19
711,2_2024-03-19 17:00:00,2,2024-03-19 17:00:00,0.34,2024-03-19
712,2_2024-03-19 15:30:00,2,2024-03-19 15:30:00,0.34,2024-03-19
713,2_2024-03-19 15:15:00,2,2024-03-19 15:15:00,0.34,2024-03-19
714,2_2024-03-19 13:30:00,2,2024-03-19 13:30:00,0.34,2024-03-19
715,2_2024-03-19 13:45:00,2,2024-03-19 13:45:00,0.34,2024-03-19
716,2_2024-03-19 13:15:00,2,2024-03-19 13:15:00,0.34,2024-03-19
717,2_2024-03-19 14:00:00,2,2024-03-19 14:00:00,0.34,2024-03-19
718,2_2024-03-19 11:45:00,2,2024-03-19 11:45:00,0.34,2024-03-19
719,2_2024-03-19 11:30:00,2,2024-03-19 11:30:00,0.34,2024-03-19
720,2_2024-03-19 11:15:00,2,2024-03-19 11:15:00,0.34,2024-03-19
721,2_2024-03-19 11:00:00,2,2024-03-19 11:00:00,0.34,2024-03-19
722,2_2024-03-19 10:15:00,2,2024-03-19 10:15:00,0.34,2024-03-19
723,2_2024-03-19 10:45:00,2,2024-03-19 10:45:00,0.34,2024-03-19
724,2_2024-03-19 10:30:00,2,2024-03-19 10:30:00,0.34,2024-03-19
725,2_2024-03-19 08:15:00,2,2024-03-19 08:15:00,0.34,2024-03-19
726,2_2024-03-19 07:15:00,2,2024-03-19 07:15:00,0.34,2024-03-19
727,2_2024-03-19 09:45:00,2,2024-03-19 09:45:00,0.34,2024-03-19
728,2_2024-03-19 07:45:00,2,2024-03-19 07:45:00,0.34,2024-03-19
729,2_2024-03-19 07:30:00,2,2024-03-19 07:30:00,0.34,2024-03-19
730,2_2024-03-19 08:45:00,2,2024-03-19 08:45:00,0.34,2024-03-19
731,2_2024-03-19 08:00:00,2,2024-03-19 08:00:00,0.34,2024-03-19
732,2_2024-03-19 09:15:00,2,2024-03-19 09:15:00,0.34,2024-03-19
733,2_2024-03-19 09:30:00,2,2024-03-19 09:30:00,0.34,2024-03-19
734,2_2024-03-19 09:00:00,2,2024-03-19 09:00:00,0.34,2024-03-19
735,2_2024-03-19 08:30:00,2,2024-03-19 08:30:00,0.34,2024-03-19
736,2_2024-03-19 10:00:00,2,2024-03-19 10:00:00,0.34,2024-03-19
737,2_2024-03-19 12:00:00,2,2024-03-19 12:00:00,0.34,2024-03-19
738,2_2024-03-19 12:45:00,2,2024-03-19 12:45:00,0.34,2024-03-19
739,2_2024-03-19 12:30:00,2,2024-03-19 12:30:00,0.34,2024-03-19
740,2_2024-03-19 12:15:00,2,2024-03-19 12:15:00,0.34,2024-03-19
741,2_2024-03-19 13:00:00,2,2024-03-19 13:00:00,0.34,2024-03-19
742,2_2024-03-19 19:30:00,2,2024-03-19 19:30:00,0.34,2024-03-19
743,2_2024-03-19 20:30:00,2,2024-03-19 20:30:00,0.34,2024-03-19
744,2_2024-03-19 20:15:00,2,2024-03-19 20:15:00,0.34,2024-03-19
745,2_2024-03-20 22:00:00,2,2024-03-20 22:00:00,0.33,2024-03-20
746,2_2024-03-20 21:45:00,2,2024-03-20 21:45:00,0.33,2024-03-20
747,2_2024-03-20 21:15:00,2,2024-03-20 21:15:00,0.33,2024-03-20
748,2_2024-03-20 21:30:00,2,2024-03-20 21:30:00,0.33,2024-03-20
749,2_2024-03-20 20:45:00,2,2024-03-20 20:45:00,0.33,2024-03-20
750,2_2024-03-20 20:30:00,2,2024-03-20 20:30:00,0.33,2024-03-20
751,2_2024-03-20 21:00:00,2,2024-03-20 21:00:00,0.33,2024-03-20
752,2_2024-03-20 20:15:00,2,2024-03-20 20:15:00,0.33,2024-03-20
753,2_2024-03-20 19:30:00,2,2024-03-20 19:30:00,0.33,2024-03-20
754,2_2024-03-20 20:00:00,2,2024-03-20 20:00:00,0.33,2024-03-20
755,2_2024-03-20 19:15:00,2,2024-03-20 19:15:00,0.33,2024-03-20
756,2_2024-03-20 19:45:00,2,2024-03-20 19:45:00,0.33,2024-03-20
757,2_2024-03-20 18:45:00,2,2024-03-20 18:45:00,0.33,2024-03-20
758,2_2024-03-20 18:30:00,2,2024-03-20 18:30:00,0.33,2024-03-20
759,2_2024-03-20 18:15:00,2,2024-03-20 18:15:00,0.33,2024-03-20
760,2_2024-03-20 19:00:00,2,2024-03-20 19:00:00,0.33,2024-03-20
761,2_2024-03-20 17:30:00,2,2024-03-20 17:30:00,0.33,2024-03-20
762,2_2024-03-20 18:00:00,2,2024-03-20 18:00:00,0.33,2024-03-20
763,2_2024-03-20 17:15:00,2,2024-03-20 17:15:00,0.33,2024-03-20
764,2_2024-03-20 17:45:00,2,2024-03-20 17:45:00,0.33,2024-03-20
765,2_2024-03-20 16:30:00,2,2024-03-20 16:30:00,0.33,2024-03-20
766,2_2024-03-20 17:00:00,2,2024-03-20 17:00:00,0.33,2024-03-20
767,2_2024-03-20 16:15:00,2,2024-03-20 16:15:00,0.33,2024-03-20
768,2_2024-03-20 16:45:00,2,2024-03-20 16:45:00,0.33,2024-03-20
769,2_2024-03-20 15:30:00,2,2024-03-20 15:30:00,0.33,2024-03-20
770,2_2024-03-20 15:15:00,2,2024-03-20 15:15:00,0.33,2024-03-20
771,2_2024-03-20 16:00:00,2,2024-03-20 16:00:00,0.33,2024-03-20
772,2_2024-03-20 14:45:00,2,2024-03-20 14:45:00,0.33,2024-03-20
773,2_2024-03-20 14:30:00,2,2024-03-20 14:30:00,0.33,2024-03-20
774,2_2024-03-20 15:00:00,2,2024-03-20 15:00:00,0.33,2024-03-20
775,2_2024-03-20 14:15:00,2,2024-03-20 14:15:00,0.33,2024-03-20
776,2_2024-03-20 13:45:00,2,2024-03-20 13:45:00,0.33,2024-03-20
777,2_2024-03-20 14:00:00,2,2024-03-20 14:00:00,0.33,2024-03-20
778,2_2024-03-20 13:15:00,2,2024-03-20 13:15:00,0.33,2024-03-20
779,2_2024-03-20 13:30:00,2,2024-03-20 13:30:00,0.33,2024-03-20
780,2_2024-03-20 12:30:00,2,2024-03-20 12:30:00,0.33,2024-03-20
781,2_2024-03-20 12:45:00,2,2024-03-20 12:45:00,0.33,2024-03-20
782,2_2024-03-20 12:15:00,2,2024-03-20 12:15:00,0.33,2024-03-20
783,2_2024-03-20 13:00:00,2,2024-03-20 13:00:00,0.33,2024-03-20
784,2_2024-03-20 12:00:00,2,2024-03-20 12:00:00,0.33,2024-03-20
785,2_2024-03-20 15:45:00,2,2024-03-20 15:45:00,0.33,2024-03-20
786,2_2024-03-20 11:45:00,2,2024-03-20 11:45:00,0.34,2024-03-20
787,2_2024-03-20 11:30:00,2,2024-03-20 11:30:00,0.34,2024-03-20
788,2_2024-03-20 11:15:00,2,2024-03-20 11:15:00,0.34,2024-03-20
789,2_2024-03-20 10:45:00,2,2024-03-20 10:45:00,0.34,2024-03-20
790,2_2024-03-20 10:15:00,2,2024-03-20 10:15:00,0.34,2024-03-20
791,2_2024-03-20 10:30:00,2,2024-03-20 10:30:00,0.34,2024-03-20
792,2_2024-03-20 09:45:00,2,2024-03-20 09:45:00,0.34,2024-03-20
793,2_2024-03-20 10:00:00,2,2024-03-20 10:00:00,0.34,2024-03-20
794,2_2024-03-20 09:15:00,2,2024-03-20 09:15:00,0.34,2024-03-20
795,2_2024-03-20 09:30:00,2,2024-03-20 09:30:00,0.34,2024-03-20
796,2_2024-03-20 08:45:00,2,2024-03-20 08:45:00,0.34,2024-03-20
797,2_2024-03-20 08:15:00,2,2024-03-20 08:15:00,0.34,2024-03-20
798,2_2024-03-20 08:30:00,2,2024-03-20 08:30:00,0.34,2024-03-20
799,2_2024-03-20 09:00:00,2,2024-03-20 09:00:00,0.34,2024-03-20
800,2_2024-03-20 07:45:00,2,2024-03-20 07:45:00,0.34,2024-03-20
801,2_2024-03-20 07:15:00,2,2024-03-20 07:15:00,0.34,2024-03-20
802,2_2024-03-20 08:00:00,2,2024-03-20 08:00:00,0.34,2024-03-20
803,2_2024-03-20 06:30:00,2,2024-03-20 06:30:00,0.34,2024-03-20
804,2_2024-03-20 06:15:00,2,2024-03-20 06:15:00,0.34,2024-03-20
805,2_2024-03-20 06:45:00,2,2024-03-20 06:45:00,0.34,2024-03-20
806,2_2024-03-20 07:00:00,2,2024-03-20 07:00:00,0.34,2024-03-20
807,2_2024-03-20 05:45:00,2,2024-03-20 05:45:00,0.34,2024-03-20
808,2_2024-03-20 05:15:00,2,2024-03-20 05:15:00,0.34,2024-03-20
809,2_2024-03-20 05:30:00,2,2024-03-20 05:30:00,0.34,2024-03-20
810,2_2024-03-20 06:00:00,2,2024-03-20 06:00:00,0.34,2024-03-20
811,2_2024-03-20 04:45:00,2,2024-03-20 04:45:00,0.34,2024-03-20
812,2_2024-03-20 04:30:00,2,2024-03-20 04:30:00,0.34,2024-03-20
813,2_2024-03-20 05:00:00,2,2024-03-20 05:00:00,0.34,2024-03-20
814,2_2024-03-20 04:15:00,2,2024-03-20 04:15:00,0.34,2024-03-20
815,2_2024-03-20 04:00:00,2,2024-03-20 04:00:00,0.34,2024-03-20
816,2_2024-03-20 03:30:00,2,2024-03-20 03:30:00,0.34,2024-03-20
817,2_2024-03-20 03:15:00,2,2024-03-20 03:15:00,0.34,2024-03-20
818,2_2024-03-20 03:45:00,2,2024-03-20 03:45:00,0.34,2024-03-20
819,2_2024-03-20 02:45:00,2,2024-03-20 02:45:00,0.34,2024-03-20
820,2_2024-03-20 03:00:00,2,2024-03-20 03:00:00,0.34,2024-03-20
821,2_2024-03-20 02:15:00,2,2024-03-20 02:15:00,0.34,2024-03-20
822,2_2024-03-20 01:15:00,2,2024-03-20 01:15:00,0.34,2024-03-20
823,2_2024-03-20 00:15:00,2,2024-03-20 00:15:00,0.34,2024-03-20
824,2_2024-03-20 01:00:00,2,2024-03-20 01:00:00,0.34,2024-03-20
825,2_2024-03-20 00:30:00,2,2024-03-20 00:30:00,0.34,2024-03-20
826,2_2024-03-20 00:45:00,2,2024-03-20 00:45:00,0.34,2024-03-20
827,2_2024-03-20 00:00:00,2,2024-03-20 00:00:00,0.34,2024-03-20
828,2_2024-03-20 02:00:00,2,2024-03-20 02:00:00,0.34,2024-03-20
829,2_2024-03-20 01:30:00,2,2024-03-20 01:30:00,0.34,2024-03-20
830,2_2024-03-20 01:45:00,2,2024-03-20 01:45:00,0.34,2024-03-20
831,2_2024-03-20 02:30:00,2,2024-03-20 02:30:00,0.34,2024-03-20
832,2_2024-03-20 07:30:00,2,2024-03-20 07:30:00,0.34,2024-03-20
833,2_2024-03-20 11:00:00,2,2024-03-20 11:00:00,0.34,2024-03-20
834,5_2024-03-14 16:30:00,5,2024-03-14 16:30:00,,2024-03-14
835,5_2024-03-14 17:15:00,5,2024-03-14 17:15:00,,2024-03-14
836,5_2024-03-14 19:00:00,5,2024-03-14 19:00:00,,2024-03-14
837,5_2024-03-14 19:30:00,5,2024-03-14 19:30:00,,2024-03-14
838,5_2024-03-14 20:30:00,5,2024-03-14 20:30:00,,2024-03-14
839,5_2024-03-14 20:45:00,5,2024-03-14 20:45:00,,2024-03-14
840,5_2024-03-14 21:00:00,5,2024-03-14 21:00:00,,2024-03-14
841,5_2024-03-14 21:15:00,5,2024-03-14 21:15:00,,2024-03-14
842,5_2024-03-14 21:45:00,5,2024-03-14 21:45:00,,2024-03-14
843,5_2024-03-14 23:15:00,5,2024-03-14 23:15:00,,2024-03-14
844,5_2024-03-14 18:45:00,5,2024-03-14 18:45:00,0.18,2024-03-14
845,5_2024-03-14 19:15:00,5,2024-03-14 19:15:00,0.18,2024-03-14
846,5_2024-03-14 19:45:00,5,2024-03-14 19:45:00,0.18,2024-03-14
847,5_2024-03-14 20:00:00,5,2024-03-14 20:00:00,0.18,2024-03-14
848,5_2024-03-14 20:15:00,5,2024-03-14 20:15:00,0.18,2024-03-14
849,5_2024-03-14 22:15:00,5,2024-03-14 22:15:00,0.18,2024-03-14
850,5_2024-03-14 22:45:00,5,2024-03-14 22:45:00,0.18,2024-03-14
851,5_2024-03-14 23:00:00,5,2024-03-14 23:00:00,0.18,2024-03-14
852,5_2024-03-14 21:30:00,5,2024-03-14 21:30:00,0.19,2024-03-14
853,5_2024-03-14 22:00:00,5,2024-03-14 22:00:00,0.19,2024-03-14
854,5_2024-03-14 22:30:00,5,2024-03-14 22:30:00,0.19,2024-03-14
855,5_2024-03-14 18:00:00,5,2024-03-14 18:00:00,0.16,2024-03-14
856,5_2024-03-14 16:45:00,5,2024-03-14 16:45:00,0.17,2024-03-14
857,5_2024-03-14 17:00:00,5,2024-03-14 17:00:00,0.17,2024-03-14
858,5_2024-03-14 17:30:00,5,2024-03-14 17:30:00,0.17,2024-03-14
859,5_2024-03-14 17:45:00,5,2024-03-14 17:45:00,0.17,2024-03-14
860,5_2024-03-14 18:15:00,5,2024-03-14 18:15:00,0.17,2024-03-14
861,5_2024-03-14 18:30:00,5,2024-03-14 18:30:00,0.17,2024-03-14
862,5_2024-03-14 23:30:00,5,2024-03-14 23:30:00,0.17,2024-03-14
863,5_2024-03-14 23:45:00,5,2024-03-14 23:45:00,0.17,2024-03-14
864,5_2024-03-15 19:00:00,5,2024-03-15 19:00:00,,2024-03-15
865,5_2024-03-15 18:30:00,5,2024-03-15 18:30:00,,2024-03-15
866,5_2024-03-15 11:15:00,5,2024-03-15 11:15:00,,2024-03-15
867,5_2024-03-15 11:45:00,5,2024-03-15 11:45:00,,2024-03-15
868,5_2024-03-15 12:00:00,5,2024-03-15 12:00:00,,2024-03-15
869,5_2024-03-15 12:15:00,5,2024-03-15 12:15:00,,2024-03-15
870,5_2024-03-15 12:45:00,5,2024-03-15 12:45:00,,2024-03-15
871,5_2024-03-15 00:00:00,5,2024-03-15 00:00:00,,2024-03-15
872,5_2024-03-15 00:45:00,5,2024-03-15 00:45:00,,2024-03-15
873,5_2024-03-15 01:15:00,5,2024-03-15 01:15:00,,2024-03-15
874,5_2024-03-15 01:30:00,5,2024-03-15 01:30:00,,2024-03-15
875,5_2024-03-15 02:30:00,5,2024-03-15 02:30:00,,2024-03-15
876,5_2024-03-15 03:15:00,5,2024-03-15 03:15:00,,2024-03-15
877,5_2024-03-15 03:45:00,5,2024-03-15 03:45:00,,2024-03-15
878,5_2024-03-15 04:45:00,5,2024-03-15 04:45:00,,2024-03-15
879,5_2024-03-15 06:30:00,5,2024-03-15 06:30:00,,2024-03-15
880,5_2024-03-15 07:00:00,5,2024-03-15 07:00:00,,2024-03-15
881,5_2024-03-15 09:00:00,5,2024-03-15 09:00:00,,2024-03-15
882,5_2024-03-15 09:30:00,5,2024-03-15 09:30:00,,2024-03-15
883,5_2024-03-15 10:30:00,5,2024-03-15 10:30:00,,2024-03-15
884,5_2024-03-15 14:00:00,5,2024-03-15 14:00:00,,2024-03-15
885,5_2024-03-15 16:30:00,5,2024-03-15 16:30:00,,2024-03-15
886,5_2024-03-15 15:30:00,5,2024-03-15 15:30:00,,2024-03-15
887,5_2024-03-15 17:45:00,5,2024-03-15 17:45:00,,2024-03-15
888,5_2024-03-15 14:45:00,5,2024-03-15 14:45:00,,2024-03-15
889,5_2024-03-15 15:15:00,5,2024-03-15 15:15:00,,2024-03-15
890,5_2024-03-15 16:15:00,5,2024-03-15 16:15:00,,2024-03-15
891,5_2024-03-15 20:00:00,5,2024-03-15 20:00:00,,2024-03-15
892,5_2024-03-15 19:45:00,5,2024-03-15 19:45:00,,2024-03-15
893,5_2024-03-15 21:00:00,5,2024-03-15 21:00:00,,2024-03-15
894,5_2024-03-15 20:45:00,5,2024-03-15 20:45:00,,2024-03-15
895,5_2024-03-15 21:45:00,5,2024-03-15 21:45:00,,2024-03-15
896,5_2024-03-15 22:15:00,5,2024-03-15 22:15:00,,2024-03-15
897,5_2024-03-15 23:15:00,5,2024-03-15 23:15:00,,2024-03-15
898,5_2024-03-15 23:45:00,5,2024-03-15 23:45:00,,2024-03-15
899,5_2024-03-15 09:15:00,5,2024-03-15 09:15:00,0.18,2024-03-15
900,5_2024-03-15 09:45:00,5,2024-03-15 09:45:00,0.18,2024-03-15
901,5_2024-03-15 16:00:00,5,2024-03-15 16:00:00,0.18,2024-03-15
902,5_2024-03-15 16:45:00,5,2024-03-15 16:45:00,0.18,2024-03-15
903,5_2024-03-15 04:00:00,5,2024-03-15 04:00:00,0.11,2024-03-15
904,5_2024-03-15 04:15:00,5,2024-03-15 04:15:00,0.11,2024-03-15
905,5_2024-03-15 04:30:00,5,2024-03-15 04:30:00,0.11,2024-03-15
906,5_2024-03-15 05:45:00,5,2024-03-15 05:45:00,0.11,2024-03-15
907,5_2024-03-15 06:00:00,5,2024-03-15 06:00:00,0.11,2024-03-15
908,5_2024-03-15 06:15:00,5,2024-03-15 06:15:00,0.11,2024-03-15
909,5_2024-03-15 00:30:00,5,2024-03-15 00:30:00,0.15,2024-03-15
910,5_2024-03-15 07:30:00,5,2024-03-15 07:30:00,0.15,2024-03-15
911,5_2024-03-15 07:45:00,5,2024-03-15 07:45:00,0.15,2024-03-15
912,5_2024-03-15 23:30:00,5,2024-03-15 23:30:00,0.15,2024-03-15
913,5_2024-03-15 10:00:00,5,2024-03-15 10:00:00,0.19,2024-03-15
914,5_2024-03-15 10:15:00,5,2024-03-15 10:15:00,0.19,2024-03-15
915,5_2024-03-15 14:15:00,5,2024-03-15 14:15:00,0.19,2024-03-15
916,5_2024-03-15 15:45:00,5,2024-03-15 15:45:00,0.19,2024-03-15
917,5_2024-03-15 15:00:00,5,2024-03-15 15:00:00,0.19,2024-03-15
918,5_2024-03-15 23:00:00,5,2024-03-15 23:00:00,0.16,2024-03-15
919,5_2024-03-15 00:15:00,5,2024-03-15 00:15:00,0.16,2024-03-15
920,5_2024-03-15 08:00:00,5,2024-03-15 08:00:00,0.16,2024-03-15
921,5_2024-03-15 18:15:00,5,2024-03-15 18:15:00,0.16,2024-03-15
922,5_2024-03-15 22:45:00,5,2024-03-15 22:45:00,0.16,2024-03-15
923,5_2024-03-15 22:30:00,5,2024-03-15 22:30:00,0.16,2024-03-15
924,5_2024-03-15 03:30:00,5,2024-03-15 03:30:00,0.1,2024-03-15
925,5_2024-03-15 05:00:00,5,2024-03-15 05:00:00,0.1,2024-03-15
926,5_2024-03-15 05:15:00,5,2024-03-15 05:15:00,0.1,2024-03-15
927,5_2024-03-15 05:30:00,5,2024-03-15 05:30:00,0.1,2024-03-15
928,5_2024-03-15 11:00:00,5,2024-03-15 11:00:00,0.2,2024-03-15
929,5_2024-03-15 11:30:00,5,2024-03-15 11:30:00,0.2,2024-03-15
930,5_2024-03-15 12:30:00,5,2024-03-15 12:30:00,0.2,2024-03-15
931,5_2024-03-15 13:00:00,5,2024-03-15 13:00:00,0.2,2024-03-15
932,5_2024-03-15 10:45:00,5,2024-03-15 10:45:00,0.2,2024-03-15
933,5_2024-03-15 13:15:00,5,2024-03-15 13:15:00,0.2,2024-03-15
934,5_2024-03-15 13:30:00,5,2024-03-15 13:30:00,0.2,2024-03-15
935,5_2024-03-15 13:45:00,5,2024-03-15 13:45:00,0.2,2024-03-15
936,5_2024-03-15 14:30:00,5,2024-03-15 14:30:00,0.2,2024-03-15
937,5_2024-03-15 01:45:00,5,2024-03-15 01:45:00,0.13,2024-03-15
938,5_2024-03-15 02:00:00,5,2024-03-15 02:00:00,0.13,2024-03-15
939,5_2024-03-15 06:45:00,5,2024-03-15 06:45:00,0.13,2024-03-15
940,5_2024-03-15 02:15:00,5,2024-03-15 02:15:00,0.12,2024-03-15
941,5_2024-03-15 02:45:00,5,2024-03-15 02:45:00,0.12,2024-03-15
942,5_2024-03-15 03:00:00,5,2024-03-15 03:00:00,0.12,2024-03-15
943,5_2024-03-15 18:45:00,5,2024-03-15 18:45:00,0.17,2024-03-15
944,5_2024-03-15 19:15:00,5,2024-03-15 19:15:00,0.17,2024-03-15
945,5_2024-03-15 08:15:00,5,2024-03-15 08:15:00,0.17,2024-03-15
946,5_2024-03-15 08:30:00,5,2024-03-15 08:30:00,0.17,2024-03-15
947,5_2024-03-15 08:45:00,5,2024-03-15 08:45:00,0.17,2024-03-15
948,5_2024-03-15 18:00:00,5,2024-03-15 18:00:00,0.17,2024-03-15
949,5_2024-03-15 17:30:00,5,2024-03-15 17:30:00,0.17,2024-03-15
950,5_2024-03-15 17:00:00,5,2024-03-15 17:00:00,0.17,2024-03-15
951,5_2024-03-15 17:15:00,5,2024-03-15 17:15:00,0.17,2024-03-15
952,5_2024-03-15 19:30:00,5,2024-03-15 19:30:00,0.17,2024-03-15
953,5_2024-03-15 20:30:00,5,2024-03-15 20:30:00,0.17,2024-03-15
954,5_2024-03-15 20:15:00,5,2024-03-15 20:15:00,0.17,2024-03-15
955,5_2024-03-15 21:15:00,5,2024-03-15 21:15:00,0.17,2024-03-15
956,5_2024-03-15 21:30:00,5,2024-03-15 21:30:00,0.17,2024-03-15
957,5_2024-03-15 22:00:00,5,2024-03-15 22:00:00,0.17,2024-03-15
958,5_2024-03-15 01:00:00,5,2024-03-15 01:00:00,0.14,2024-03-15
959,5_2024-03-15 07:15:00,5,2024-03-15 07:15:00,0.14,2024-03-15
960,5_2024-03-16 13:45:00,5,2024-03-16 13:45:00,0.23,2024-03-16
961,5_2024-03-16 11:15:00,5,2024-03-16 11:15:00,0.23,2024-03-16
962,5_2024-03-16 09:45:00,5,2024-03-16 09:45:00,0.21,2024-03-16
963,5_2024-03-16 14:00:00,5,2024-03-16 14:00:00,0.25,2024-03-16
964,5_2024-03-16 14:45:00,5,2024-03-16 14:45:00,0.21,2024-03-16
965,5_2024-03-16 21:15:00,5,2024-03-16 21:15:00,,2024-03-16
966,5_2024-03-16 20:30:00,5,2024-03-16 20:30:00,,2024-03-16
967,5_2024-03-16 19:45:00,5,2024-03-16 19:45:00,,2024-03-16
968,5_2024-03-16 19:00:00,5,2024-03-16 19:00:00,,2024-03-16
969,5_2024-03-16 18:15:00,5,2024-03-16 18:15:00,,2024-03-16
970,5_2024-03-16 11:00:00,5,2024-03-16 11:00:00,,2024-03-16
971,5_2024-03-16 00:30:00,5,2024-03-16 00:30:00,,2024-03-16
972,5_2024-03-16 02:00:00,5,2024-03-16 02:00:00,,2024-03-16
973,5_2024-03-16 03:30:00,5,2024-03-16 03:30:00,,2024-03-16
974,5_2024-03-16 03:15:00,5,2024-03-16 03:15:00,,2024-03-16
975,5_2024-03-16 06:00:00,5,2024-03-16 06:00:00,,2024-03-16
976,5_2024-03-16 06:45:00,5,2024-03-16 06:45:00,,2024-03-16
977,5_2024-03-16 07:30:00,5,2024-03-16 07:30:00,,2024-03-16
978,5_2024-03-16 08:00:00,5,2024-03-16 08:00:00,,2024-03-16
979,5_2024-03-16 08:30:00,5,2024-03-16 08:30:00,,2024-03-16
980,5_2024-03-16 09:30:00,5,2024-03-16 09:30:00,,2024-03-16
981,5_2024-03-16 11:30:00,5,2024-03-16 11:30:00,,2024-03-16
982,5_2024-03-16 12:15:00,5,2024-03-16 12:15:00,,2024-03-16
983,5_2024-03-16 12:30:00,5,2024-03-16 12:30:00,,2024-03-16
984,5_2024-03-16 14:15:00,5,2024-03-16 14:15:00,,2024-03-16
985,5_2024-03-16 15:30:00,5,2024-03-16 15:30:00,,2024-03-16
986,5_2024-03-16 15:45:00,5,2024-03-16 15:45:00,,2024-03-16
987,5_2024-03-16 15:00:00,5,2024-03-16 15:00:00,,2024-03-16
988,5_2024-03-16 16:15:00,5,2024-03-16 16:15:00,,2024-03-16
989,5_2024-03-16 17:30:00,5,2024-03-16 17:30:00,,2024-03-16
990,5_2024-03-16 17:15:00,5,2024-03-16 17:15:00,,2024-03-16
991,5_2024-03-16 22:15:00,5,2024-03-16 22:15:00,,2024-03-16
992,5_2024-03-16 22:30:00,5,2024-03-16 22:30:00,,2024-03-16
993,5_2024-03-16 23:00:00,5,2024-03-16 23:00:00,,2024-03-16
994,5_2024-03-16 16:00:00,5,2024-03-16 16:00:00,0.18,2024-03-16
995,5_2024-03-16 16:30:00,5,2024-03-16 16:30:00,0.18,2024-03-16
996,5_2024-03-16 03:00:00,5,2024-03-16 03:00:00,0.11,2024-03-16
997,5_2024-03-16 03:45:00,5,2024-03-16 03:45:00,0.11,2024-03-16
998,5_2024-03-16 04:15:00,5,2024-03-16 04:15:00,0.11,2024-03-16
999,5_2024-03-16 04:30:00,5,2024-03-16 04:30:00,0.11,2024-03-16
1000,5_2024-03-16 05:45:00,5,2024-03-16 05:45:00,0.11,2024-03-16
1001,5_2024-03-16 06:30:00,5,2024-03-16 06:30:00,0.11,2024-03-16
1002,5_2024-03-16 06:15:00,5,2024-03-16 06:15:00,0.11,2024-03-16
1003,5_2024-03-16 07:00:00,5,2024-03-16 07:00:00,0.11,2024-03-16
1004,5_2024-03-16 13:30:00,5,2024-03-16 13:30:00,0.22,2024-03-16
1005,5_2024-03-16 13:15:00,5,2024-03-16 13:15:00,0.22,2024-03-16
1006,5_2024-03-16 13:00:00,5,2024-03-16 13:00:00,0.22,2024-03-16
1007,5_2024-03-16 10:15:00,5,2024-03-16 10:15:00,0.22,2024-03-16
1008,5_2024-03-16 10:30:00,5,2024-03-16 10:30:00,0.22,2024-03-16
1009,5_2024-03-16 10:00:00,5,2024-03-16 10:00:00,0.22,2024-03-16
1010,5_2024-03-16 10:45:00,5,2024-03-16 10:45:00,0.22,2024-03-16
1011,5_2024-03-16 12:00:00,5,2024-03-16 12:00:00,0.22,2024-03-16
1012,5_2024-03-16 11:45:00,5,2024-03-16 11:45:00,0.22,2024-03-16
1013,5_2024-03-16 12:45:00,5,2024-03-16 12:45:00,0.22,2024-03-16
1014,5_2024-03-16 14:30:00,5,2024-03-16 14:30:00,0.22,2024-03-16
1015,5_2024-03-16 00:00:00,5,2024-03-16 00:00:00,0.15,2024-03-16
1016,5_2024-03-16 00:45:00,5,2024-03-16 00:45:00,0.15,2024-03-16
1017,5_2024-03-16 08:45:00,5,2024-03-16 08:45:00,0.15,2024-03-16
1018,5_2024-03-16 09:00:00,5,2024-03-16 09:00:00,0.15,2024-03-16
1019,5_2024-03-16 22:45:00,5,2024-03-16 22:45:00,0.15,2024-03-16
1020,5_2024-03-16 23:15:00,5,2024-03-16 23:15:00,0.15,2024-03-16
1021,5_2024-03-16 23:45:00,5,2024-03-16 23:45:00,0.15,2024-03-16
1022,5_2024-03-16 15:15:00,5,2024-03-16 15:15:00,0.19,2024-03-16
1023,5_2024-03-16 21:45:00,5,2024-03-16 21:45:00,0.16,2024-03-16
1024,5_2024-03-16 22:00:00,5,2024-03-16 22:00:00,0.16,2024-03-16
1025,5_2024-03-16 21:30:00,5,2024-03-16 21:30:00,0.16,2024-03-16
1026,5_2024-03-16 21:00:00,5,2024-03-16 21:00:00,0.16,2024-03-16
1027,5_2024-03-16 20:45:00,5,2024-03-16 20:45:00,0.16,2024-03-16
1028,5_2024-03-16 20:15:00,5,2024-03-16 20:15:00,0.16,2024-03-16
1029,5_2024-03-16 09:15:00,5,2024-03-16 09:15:00,0.16,2024-03-16
1030,5_2024-03-16 04:00:00,5,2024-03-16 04:00:00,0.1,2024-03-16
1031,5_2024-03-16 04:45:00,5,2024-03-16 04:45:00,0.1,2024-03-16
1032,5_2024-03-16 05:00:00,5,2024-03-16 05:00:00,0.1,2024-03-16
1033,5_2024-03-16 05:15:00,5,2024-03-16 05:15:00,0.1,2024-03-16
1034,5_2024-03-16 05:30:00,5,2024-03-16 05:30:00,0.1,2024-03-16
1035,5_2024-03-16 01:30:00,5,2024-03-16 01:30:00,0.13,2024-03-16
1036,5_2024-03-16 01:45:00,5,2024-03-16 01:45:00,0.13,2024-03-16
1037,5_2024-03-16 02:15:00,5,2024-03-16 02:15:00,0.13,2024-03-16
1038,5_2024-03-16 07:45:00,5,2024-03-16 07:45:00,0.13,2024-03-16
1039,5_2024-03-16 02:30:00,5,2024-03-16 02:30:00,0.12,2024-03-16
1040,5_2024-03-16 02:45:00,5,2024-03-16 02:45:00,0.12,2024-03-16
1041,5_2024-03-16 07:15:00,5,2024-03-16 07:15:00,0.12,2024-03-16
1042,5_2024-03-16 20:00:00,5,2024-03-16 20:00:00,0.17,2024-03-16
1043,5_2024-03-16 19:30:00,5,2024-03-16 19:30:00,0.17,2024-03-16
1044,5_2024-03-16 19:15:00,5,2024-03-16 19:15:00,0.17,2024-03-16
1045,5_2024-03-16 18:45:00,5,2024-03-16 18:45:00,0.17,2024-03-16
1046,5_2024-03-16 18:30:00,5,2024-03-16 18:30:00,0.17,2024-03-16
1047,5_2024-03-16 18:00:00,5,2024-03-16 18:00:00,0.17,2024-03-16
1048,5_2024-03-16 16:45:00,5,2024-03-16 16:45:00,0.17,2024-03-16
1049,5_2024-03-16 17:00:00,5,2024-03-16 17:00:00,0.17,2024-03-16
1050,5_2024-03-16 17:45:00,5,2024-03-16 17:45:00,0.17,2024-03-16
1051,5_2024-03-16 00:15:00,5,2024-03-16 00:15:00,0.14,2024-03-16
1052,5_2024-03-16 01:00:00,5,2024-03-16 01:00:00,0.14,2024-03-16
1053,5_2024-03-16 01:15:00,5,2024-03-16 01:15:00,0.14,2024-03-16
1054,5_2024-03-16 08:15:00,5,2024-03-16 08:15:00,0.14,2024-03-16
1055,5_2024-03-16 23:30:00,5,2024-03-16 23:30:00,0.14,2024-03-16
1056,5_2024-03-17 23:00:00,5,2024-03-17 23:00:00,,2024-03-17
1057,5_2024-03-17 23:15:00,5,2024-03-17 23:15:00,,2024-03-17
1058,5_2024-03-17 22:15:00,5,2024-03-17 22:15:00,,2024-03-17
1059,5_2024-03-17 19:15:00,5,2024-03-17 19:15:00,,2024-03-17
1060,5_2024-03-17 19:00:00,5,2024-03-17 19:00:00,,2024-03-17
1061,5_2024-03-17 19:30:00,5,2024-03-17 19:30:00,,2024-03-17
1062,5_2024-03-17 18:15:00,5,2024-03-17 18:15:00,,2024-03-17
1063,5_2024-03-17 18:30:00,5,2024-03-17 18:30:00,,2024-03-17
1064,5_2024-03-17 17:30:00,5,2024-03-17 17:30:00,,2024-03-17
1065,5_2024-03-17 17:00:00,5,2024-03-17 17:00:00,,2024-03-17
1066,5_2024-03-17 16:30:00,5,2024-03-17 16:30:00,,2024-03-17
1067,5_2024-03-17 15:45:00,5,2024-03-17 15:45:00,,2024-03-17
1068,5_2024-03-17 15:15:00,5,2024-03-17 15:15:00,,2024-03-17
1069,5_2024-03-17 13:30:00,5,2024-03-17 13:30:00,,2024-03-17
1070,5_2024-03-17 12:30:00,5,2024-03-17 12:30:00,,2024-03-17
1071,5_2024-03-17 12:00:00,5,2024-03-17 12:00:00,,2024-03-17
1072,5_2024-03-17 11:45:00,5,2024-03-17 11:45:00,,2024-03-17
1073,5_2024-03-17 10:15:00,5,2024-03-17 10:15:00,,2024-03-17
1074,5_2024-03-17 10:00:00,5,2024-03-17 10:00:00,,2024-03-17
1075,5_2024-03-17 10:30:00,5,2024-03-17 10:30:00,,2024-03-17
1076,5_2024-03-17 08:15:00,5,2024-03-17 08:15:00,,2024-03-17
1077,5_2024-03-17 07:45:00,5,2024-03-17 07:45:00,,2024-03-17
1078,5_2024-03-17 07:15:00,5,2024-03-17 07:15:00,,2024-03-17
1079,5_2024-03-17 05:30:00,5,2024-03-17 05:30:00,,2024-03-17
1080,5_2024-03-17 05:15:00,5,2024-03-17 05:15:00,,2024-03-17
1081,5_2024-03-17 04:15:00,5,2024-03-17 04:15:00,,2024-03-17
1082,5_2024-03-17 02:00:00,5,2024-03-17 02:00:00,,2024-03-17
1083,5_2024-03-17 02:15:00,5,2024-03-17 02:15:00,,2024-03-17
1084,5_2024-03-17 01:00:00,5,2024-03-17 01:00:00,,2024-03-17
1085,5_2024-03-17 01:15:00,5,2024-03-17 01:15:00,,2024-03-17
1086,5_2024-03-17 02:45:00,5,2024-03-17 02:45:00,,2024-03-17
1087,5_2024-03-17 06:15:00,5,2024-03-17 06:15:00,,2024-03-17
1088,5_2024-03-17 14:15:00,5,2024-03-17 14:15:00,,2024-03-17
1089,5_2024-03-17 20:45:00,5,2024-03-17 20:45:00,,2024-03-17
1090,5_2024-03-17 20:30:00,5,2024-03-17 20:30:00,,2024-03-17
1091,5_2024-03-17 21:30:00,5,2024-03-17 21:30:00,,2024-03-17
1092,5_2024-03-17 15:30:00,5,2024-03-17 15:30:00,0.18,2024-03-17
1093,5_2024-03-17 11:30:00,5,2024-03-17 11:30:00,0.18,2024-03-17
1094,5_2024-03-17 10:45:00,5,2024-03-17 10:45:00,0.18,2024-03-17
1095,5_2024-03-17 16:15:00,5,2024-03-17 16:15:00,0.18,2024-03-17
1096,5_2024-03-17 16:00:00,5,2024-03-17 16:00:00,0.18,2024-03-17
1097,5_2024-03-17 04:30:00,5,2024-03-17 04:30:00,0.11,2024-03-17
1098,5_2024-03-17 03:30:00,5,2024-03-17 03:30:00,0.11,2024-03-17
1099,5_2024-03-17 04:00:00,5,2024-03-17 04:00:00,0.11,2024-03-17
1100,5_2024-03-17 03:00:00,5,2024-03-17 03:00:00,0.11,2024-03-17
1101,5_2024-03-17 03:15:00,5,2024-03-17 03:15:00,0.11,2024-03-17
1102,5_2024-03-17 06:30:00,5,2024-03-17 06:30:00,0.11,2024-03-17
1103,5_2024-03-17 06:45:00,5,2024-03-17 06:45:00,0.11,2024-03-17
1104,5_2024-03-17 07:00:00,5,2024-03-17 07:00:00,0.11,2024-03-17
1105,5_2024-03-17 09:00:00,5,2024-03-17 09:00:00,0.15,2024-03-17
1106,5_2024-03-17 08:45:00,5,2024-03-17 08:45:00,0.15,2024-03-17
1107,5_2024-03-17 00:00:00,5,2024-03-17 00:00:00,0.15,2024-03-17
1108,5_2024-03-17 00:30:00,5,2024-03-17 00:30:00,0.15,2024-03-17
1109,5_2024-03-17 14:45:00,5,2024-03-17 14:45:00,0.19,2024-03-17
1110,5_2024-03-17 12:45:00,5,2024-03-17 12:45:00,0.19,2024-03-17
1111,5_2024-03-17 11:15:00,5,2024-03-17 11:15:00,0.19,2024-03-17
1112,5_2024-03-17 11:00:00,5,2024-03-17 11:00:00,0.19,2024-03-17
1113,5_2024-03-17 13:45:00,5,2024-03-17 13:45:00,0.19,2024-03-17
1114,5_2024-03-17 14:30:00,5,2024-03-17 14:30:00,0.19,2024-03-17
1115,5_2024-03-17 15:00:00,5,2024-03-17 15:00:00,0.19,2024-03-17
1116,5_2024-03-17 23:30:00,5,2024-03-17 23:30:00,0.16,2024-03-17
1117,5_2024-03-17 22:45:00,5,2024-03-17 22:45:00,0.16,2024-03-17
1118,5_2024-03-17 20:15:00,5,2024-03-17 20:15:00,0.16,2024-03-17
1119,5_2024-03-17 18:45:00,5,2024-03-17 18:45:00,0.16,2024-03-17
1120,5_2024-03-17 17:45:00,5,2024-03-17 17:45:00,0.16,2024-03-17
1121,5_2024-03-17 09:30:00,5,2024-03-17 09:30:00,0.16,2024-03-17
1122,5_2024-03-17 09:15:00,5,2024-03-17 09:15:00,0.16,2024-03-17
1123,5_2024-03-17 18:00:00,5,2024-03-17 18:00:00,0.16,2024-03-17
1124,5_2024-03-17 21:00:00,5,2024-03-17 21:00:00,0.16,2024-03-17
1125,5_2024-03-17 21:15:00,5,2024-03-17 21:15:00,0.16,2024-03-17
1126,5_2024-03-17 23:45:00,5,2024-03-17 23:45:00,0.16,2024-03-17
1127,5_2024-03-17 06:00:00,5,2024-03-17 06:00:00,0.1,2024-03-17
1128,5_2024-03-17 05:45:00,5,2024-03-17 05:45:00,0.1,2024-03-17
1129,5_2024-03-17 03:45:00,5,2024-03-17 03:45:00,0.1,2024-03-17
1130,5_2024-03-17 04:45:00,5,2024-03-17 04:45:00,0.1,2024-03-17
1131,5_2024-03-17 05:00:00,5,2024-03-17 05:00:00,0.1,2024-03-17
1132,5_2024-03-17 14:00:00,5,2024-03-17 14:00:00,0.2,2024-03-17
1133,5_2024-03-17 13:15:00,5,2024-03-17 13:15:00,0.2,2024-03-17
1134,5_2024-03-17 13:00:00,5,2024-03-17 13:00:00,0.2,2024-03-17
1135,5_2024-03-17 12:15:00,5,2024-03-17 12:15:00,0.2,2024-03-17
1136,5_2024-03-17 08:00:00,5,2024-03-17 08:00:00,0.13,2024-03-17
1137,5_2024-03-17 01:45:00,5,2024-03-17 01:45:00,0.13,2024-03-17
1138,5_2024-03-17 01:30:00,5,2024-03-17 01:30:00,0.13,2024-03-17
1139,5_2024-03-17 07:30:00,5,2024-03-17 07:30:00,0.12,2024-03-17
1140,5_2024-03-17 02:30:00,5,2024-03-17 02:30:00,0.12,2024-03-17
1141,5_2024-03-17 22:30:00,5,2024-03-17 22:30:00,0.17,2024-03-17
1142,5_2024-03-17 22:00:00,5,2024-03-17 22:00:00,0.17,2024-03-17
1143,5_2024-03-17 19:45:00,5,2024-03-17 19:45:00,0.17,2024-03-17
1144,5_2024-03-17 20:00:00,5,2024-03-17 20:00:00,0.17,2024-03-17
1145,5_2024-03-17 17:15:00,5,2024-03-17 17:15:00,0.17,2024-03-17
1146,5_2024-03-17 16:45:00,5,2024-03-17 16:45:00,0.17,2024-03-17
1147,5_2024-03-17 09:45:00,5,2024-03-17 09:45:00,0.17,2024-03-17
1148,5_2024-03-17 21:45:00,5,2024-03-17 21:45:00,0.17,2024-03-17
1149,5_2024-03-17 08:30:00,5,2024-03-17 08:30:00,0.14,2024-03-17
1150,5_2024-03-17 00:15:00,5,2024-03-17 00:15:00,0.14,2024-03-17
1151,5_2024-03-17 00:45:00,5,2024-03-17 00:45:00,0.14,2024-03-17
1152,5_2024-03-18 23:30:00,5,2024-03-18 23:30:00,,2024-03-18
1153,5_2024-03-18 21:15:00,5,2024-03-18 21:15:00,,2024-03-18
1154,5_2024-03-18 19:15:00,5,2024-03-18 19:15:00,,2024-03-18
1155,5_2024-03-18 17:45:00,5,2024-03-18 17:45:00,,2024-03-18
1156,5_2024-03-18 16:45:00,5,2024-03-18 16:45:00,,2024-03-18
1157,5_2024-03-18 16:30:00,5,2024-03-18 16:30:00,,2024-03-18
1158,5_2024-03-18 17:30:00,5,2024-03-18 17:30:00,,2024-03-18
1159,5_2024-03-18 17:00:00,5,2024-03-18 17:00:00,,2024-03-18
1160,5_2024-03-18 17:15:00,5,2024-03-18 17:15:00,,2024-03-18
1161,5_2024-03-18 18:00:00,5,2024-03-18 18:00:00,,2024-03-18
1162,5_2024-03-18 16:15:00,5,2024-03-18 16:15:00,,2024-03-18
1163,5_2024-03-18 15:30:00,5,2024-03-18 15:30:00,,2024-03-18
1164,5_2024-03-18 15:15:00,5,2024-03-18 15:15:00,,2024-03-18
1165,5_2024-03-18 14:30:00,5,2024-03-18 14:30:00,,2024-03-18
1166,5_2024-03-18 13:15:00,5,2024-03-18 13:15:00,,2024-03-18
1167,5_2024-03-18 11:45:00,5,2024-03-18 11:45:00,,2024-03-18
1168,5_2024-03-18 11:00:00,5,2024-03-18 11:00:00,,2024-03-18
1169,5_2024-03-18 09:45:00,5,2024-03-18 09:45:00,,2024-03-18
1170,5_2024-03-18 10:15:00,5,2024-03-18 10:15:00,,2024-03-18
1171,5_2024-03-18 10:00:00,5,2024-03-18 10:00:00,,2024-03-18
1172,5_2024-03-18 09:30:00,5,2024-03-18 09:30:00,,2024-03-18
1173,5_2024-03-18 07:30:00,5,2024-03-18 07:30:00,,2024-03-18
1174,5_2024-03-18 06:15:00,5,2024-03-18 06:15:00,,2024-03-18
1175,5_2024-03-18 05:30:00,5,2024-03-18 05:30:00,,2024-03-18
1176,5_2024-03-18 04:30:00,5,2024-03-18 04:30:00,,2024-03-18
1177,5_2024-03-18 04:00:00,5,2024-03-18 04:00:00,,2024-03-18
1178,5_2024-03-18 02:15:00,5,2024-03-18 02:15:00,,2024-03-18
1179,5_2024-03-18 02:30:00,5,2024-03-18 02:30:00,,2024-03-18
1180,5_2024-03-18 01:45:00,5,2024-03-18 01:45:00,,2024-03-18
1181,5_2024-03-18 00:45:00,5,2024-03-18 00:45:00,,2024-03-18
1182,5_2024-03-18 20:30:00,5,2024-03-18 20:30:00,,2024-03-18
1183,5_2024-03-18 15:00:00,5,2024-03-18 15:00:00,0.18,2024-03-18
1184,5_2024-03-18 14:45:00,5,2024-03-18 14:45:00,0.18,2024-03-18
1185,5_2024-03-18 08:30:00,5,2024-03-18 08:30:00,0.18,2024-03-18
1186,5_2024-03-18 06:45:00,5,2024-03-18 06:45:00,0.11,2024-03-18
1187,5_2024-03-18 03:45:00,5,2024-03-18 03:45:00,0.11,2024-03-18
1188,5_2024-03-18 03:15:00,5,2024-03-18 03:15:00,0.11,2024-03-18
1189,5_2024-03-18 03:00:00,5,2024-03-18 03:00:00,0.11,2024-03-18
1190,5_2024-03-18 06:00:00,5,2024-03-18 06:00:00,0.11,2024-03-18
1191,5_2024-03-18 09:00:00,5,2024-03-18 09:00:00,0.22,2024-03-18
1192,5_2024-03-18 23:45:00,5,2024-03-18 23:45:00,0.15,2024-03-18
1193,5_2024-03-18 00:15:00,5,2024-03-18 00:15:00,0.15,2024-03-18
1194,5_2024-03-18,5,,0.15,2024-03-18
1195,5_2024-03-18 14:00:00,5,2024-03-18 14:00:00,0.19,2024-03-18
1196,5_2024-03-18 13:30:00,5,2024-03-18 13:30:00,0.19,2024-03-18
1197,5_2024-03-18 12:45:00,5,2024-03-18 12:45:00,0.19,2024-03-18
1198,5_2024-03-18 12:30:00,5,2024-03-18 12:30:00,0.19,2024-03-18
1199,5_2024-03-18 11:30:00,5,2024-03-18 11:30:00,0.19,2024-03-18
1200,5_2024-03-18 09:15:00,5,2024-03-18 09:15:00,0.19,2024-03-18
1201,5_2024-03-18 13:00:00,5,2024-03-18 13:00:00,0.19,2024-03-18
1202,5_2024-03-18 14:15:00,5,2024-03-18 14:15:00,0.19,2024-03-18
1203,5_2024-03-18 23:15:00,5,2024-03-18 23:15:00,0.16,2024-03-18
1204,5_2024-03-18 23:00:00,5,2024-03-18 23:00:00,0.16,2024-03-18
1205,5_2024-03-18 22:45:00,5,2024-03-18 22:45:00,0.16,2024-03-18
1206,5_2024-03-18 22:30:00,5,2024-03-18 22:30:00,0.16,2024-03-18
1207,5_2024-03-18 20:15:00,5,2024-03-18 20:15:00,0.16,2024-03-18
1208,5_2024-03-18 20:00:00,5,2024-03-18 20:00:00,0.16,2024-03-18
1209,5_2024-03-18 19:45:00,5,2024-03-18 19:45:00,0.16,2024-03-18
1210,5_2024-03-18 19:00:00,5,2024-03-18 19:00:00,0.16,2024-03-18
1211,5_2024-03-18 19:30:00,5,2024-03-18 19:30:00,0.16,2024-03-18
1212,5_2024-03-18 18:45:00,5,2024-03-18 18:45:00,0.16,2024-03-18
1213,5_2024-03-18 18:30:00,5,2024-03-18 18:30:00,0.16,2024-03-18
1214,5_2024-03-18 18:15:00,5,2024-03-18 18:15:00,0.16,2024-03-18
1215,5_2024-03-18 08:00:00,5,2024-03-18 08:00:00,0.16,2024-03-18
1216,5_2024-03-18 07:45:00,5,2024-03-18 07:45:00,0.16,2024-03-18
1217,5_2024-03-18 05:45:00,5,2024-03-18 05:45:00,0.1,2024-03-18
1218,5_2024-03-18 05:15:00,5,2024-03-18 05:15:00,0.1,2024-03-18
1219,5_2024-03-18 04:45:00,5,2024-03-18 04:45:00,0.1,2024-03-18
1220,5_2024-03-18 05:00:00,5,2024-03-18 05:00:00,0.1,2024-03-18
1221,5_2024-03-18 04:15:00,5,2024-03-18 04:15:00,0.1,2024-03-18
1222,5_2024-03-18 03:30:00,5,2024-03-18 03:30:00,0.1,2024-03-18
1223,5_2024-03-18 13:45:00,5,2024-03-18 13:45:00,0.2,2024-03-18
1224,5_2024-03-18 12:00:00,5,2024-03-18 12:00:00,0.2,2024-03-18
1225,5_2024-03-18 12:15:00,5,2024-03-18 12:15:00,0.2,2024-03-18
1226,5_2024-03-18 11:15:00,5,2024-03-18 11:15:00,0.2,2024-03-18
1227,5_2024-03-18 10:45:00,5,2024-03-18 10:45:00,0.2,2024-03-18
1228,5_2024-03-18 10:30:00,5,2024-03-18 10:30:00,0.2,2024-03-18
1229,5_2024-03-18 08:45:00,5,2024-03-18 08:45:00,0.2,2024-03-18
1230,5_2024-03-18 01:30:00,5,2024-03-18 01:30:00,0.13,2024-03-18
1231,5_2024-03-18 01:15:00,5,2024-03-18 01:15:00,0.13,2024-03-18
1232,5_2024-03-18 01:00:00,5,2024-03-18 01:00:00,0.13,2024-03-18
1233,5_2024-03-18 07:00:00,5,2024-03-18 07:00:00,0.12,2024-03-18
1234,5_2024-03-18 06:30:00,5,2024-03-18 06:30:00,0.12,2024-03-18
1235,5_2024-03-18 02:45:00,5,2024-03-18 02:45:00,0.12,2024-03-18
1236,5_2024-03-18 02:00:00,5,2024-03-18 02:00:00,0.12,2024-03-18
1237,5_2024-03-18 21:45:00,5,2024-03-18 21:45:00,0.17,2024-03-18
1238,5_2024-03-18 22:00:00,5,2024-03-18 22:00:00,0.17,2024-03-18
1239,5_2024-03-18 22:15:00,5,2024-03-18 22:15:00,0.17,2024-03-18
1240,5_2024-03-18 21:30:00,5,2024-03-18 21:30:00,0.17,2024-03-18
1241,5_2024-03-18 16:00:00,5,2024-03-18 16:00:00,0.17,2024-03-18
1242,5_2024-03-18 15:45:00,5,2024-03-18 15:45:00,0.17,2024-03-18
1243,5_2024-03-18 08:15:00,5,2024-03-18 08:15:00,0.17,2024-03-18
1244,5_2024-03-18 21:00:00,5,2024-03-18 21:00:00,0.17,2024-03-18
1245,5_2024-03-18 20:45:00,5,2024-03-18 20:45:00,0.17,2024-03-18
1246,5_2024-03-18 07:15:00,5,2024-03-18 07:15:00,0.14,2024-03-18
1247,5_2024-03-18 00:30:00,5,2024-03-18 00:30:00,0.14,2024-03-18
1248,5_2024-03-19 22:15:00,5,2024-03-19 22:15:00,,2024-03-19
1249,5_2024-03-19 21:15:00,5,2024-03-19 21:15:00,,2024-03-19
1250,5_2024-03-19 20:45:00,5,2024-03-19 20:45:00,,2024-03-19
1251,5_2024-03-19 19:15:00,5,2024-03-19 19:15:00,,2024-03-19
1252,5_2024-03-19 18:30:00,5,2024-03-19 18:30:00,,2024-03-19
1253,5_2024-03-19 17:15:00,5,2024-03-19 17:15:00,,2024-03-19
1254,5_2024-03-19 17:30:00,5,2024-03-19 17:30:00,,2024-03-19
1255,5_2024-03-19 16:15:00,5,2024-03-19 16:15:00,,2024-03-19
1256,5_2024-03-19 14:00:00,5,2024-03-19 14:00:00,,2024-03-19
1257,5_2024-03-19 13:45:00,5,2024-03-19 13:45:00,,2024-03-19
1258,5_2024-03-19 13:00:00,5,2024-03-19 13:00:00,,2024-03-19
1259,5_2024-03-19 11:45:00,5,2024-03-19 11:45:00,,2024-03-19
1260,5_2024-03-19 11:30:00,5,2024-03-19 11:30:00,,2024-03-19
1261,5_2024-03-19 04:30:00,5,2024-03-19 04:30:00,,2024-03-19
1262,5_2024-03-19 07:00:00,5,2024-03-19 07:00:00,,2024-03-19
1263,5_2024-03-19 02:15:00,5,2024-03-19 02:15:00,,2024-03-19
1264,5_2024-03-19 09:00:00,5,2024-03-19 09:00:00,,2024-03-19
1265,5_2024-03-19 05:30:00,5,2024-03-19 05:30:00,,2024-03-19
1266,5_2024-03-19 06:00:00,5,2024-03-19 06:00:00,,2024-03-19
1267,5_2024-03-19 05:45:00,5,2024-03-19 05:45:00,,2024-03-19
1268,5_2024-03-19 09:45:00,5,2024-03-19 09:45:00,,2024-03-19
1269,5_2024-03-19 07:30:00,5,2024-03-19 07:30:00,,2024-03-19
1270,5_2024-03-19 09:30:00,5,2024-03-19 09:30:00,,2024-03-19
1271,5_2024-03-19 02:30:00,5,2024-03-19 02:30:00,,2024-03-19
1272,5_2024-03-19 03:30:00,5,2024-03-19 03:30:00,,2024-03-19
1273,5_2024-03-19 03:00:00,5,2024-03-19 03:00:00,,2024-03-19
1274,5_2024-03-19 01:00:00,5,2024-03-19 01:00:00,,2024-03-19
1275,5_2024-03-19 07:45:00,5,2024-03-19 07:45:00,,2024-03-19
1276,5_2024-03-19 02:45:00,5,2024-03-19 02:45:00,,2024-03-19
1277,5_2024-03-19 04:15:00,5,2024-03-19 04:15:00,,2024-03-19
1278,5_2024-03-19 06:30:00,5,2024-03-19 06:30:00,,2024-03-19
1279,5_2024-03-19 10:45:00,5,2024-03-19 10:45:00,,2024-03-19
1280,5_2024-03-19 01:15:00,5,2024-03-19 01:15:00,,2024-03-19
1281,5_2024-03-19 00:30:00,5,2024-03-19 00:30:00,,2024-03-19
1282,5_2024-03-19 07:15:00,5,2024-03-19 07:15:00,,2024-03-19
1283,5_2024-03-19 10:15:00,5,2024-03-19 10:15:00,,2024-03-19
1284,5_2024-03-19 03:15:00,5,2024-03-19 03:15:00,,2024-03-19
1285,5_2024-03-19 04:45:00,5,2024-03-19 04:45:00,,2024-03-19
1286,5_2024-03-19 05:15:00,5,2024-03-19 05:15:00,,2024-03-19
1287,5_2024-03-19 06:15:00,5,2024-03-19 06:15:00,,2024-03-19
1288,5_2024-03-19 01:45:00,5,2024-03-19 01:45:00,,2024-03-19
1289,5_2024-03-19 08:00:00,5,2024-03-19 08:00:00,,2024-03-19
1290,5_2024-03-19 02:00:00,5,2024-03-19 02:00:00,,2024-03-19
1291,5_2024-03-19 09:15:00,5,2024-03-19 09:15:00,,2024-03-19
1292,5_2024-03-19 05:00:00,5,2024-03-19 05:00:00,,2024-03-19
1293,5_2024-03-19 01:30:00,5,2024-03-19 01:30:00,,2024-03-19
1294,5_2024-03-19 04:00:00,5,2024-03-19 04:00:00,,2024-03-19
1295,5_2024-03-19 03:45:00,5,2024-03-19 03:45:00,,2024-03-19
1296,5_2024-03-19 10:00:00,5,2024-03-19 10:00:00,,2024-03-19
1297,5_2024-03-19 00:45:00,5,2024-03-19 00:45:00,,2024-03-19
1298,5_2024-03-19 08:15:00,5,2024-03-19 08:15:00,,2024-03-19
1299,5_2024-03-19 06:45:00,5,2024-03-19 06:45:00,,2024-03-19
1300,5_2024-03-19 08:30:00,5,2024-03-19 08:30:00,,2024-03-19
1301,5_2024-03-19 08:45:00,5,2024-03-19 08:45:00,,2024-03-19
1302,5_2024-03-19 10:30:00,5,2024-03-19 10:30:00,,2024-03-19
1303,5_2024-03-19 14:15:00,5,2024-03-19 14:15:00,,2024-03-19
1304,5_2024-03-19 16:30:00,5,2024-03-19 16:30:00,0.18,2024-03-19
1305,5_2024-03-19 15:45:00,5,2024-03-19 15:45:00,0.18,2024-03-19
1306,5_2024-03-19 16:00:00,5,2024-03-19 16:00:00,0.18,2024-03-19
1307,5_2024-03-19 14:30:00,5,2024-03-19 14:30:00,0.18,2024-03-19
1308,5_2024-03-19 14:45:00,5,2024-03-19 14:45:00,0.18,2024-03-19
1309,5_2024-03-19 13:30:00,5,2024-03-19 13:30:00,0.18,2024-03-19
1310,5_2024-03-19 13:15:00,5,2024-03-19 13:15:00,0.18,2024-03-19
1311,5_2024-03-19 12:45:00,5,2024-03-19 12:45:00,0.18,2024-03-19
1312,5_2024-03-19 12:15:00,5,2024-03-19 12:15:00,0.18,2024-03-19
1313,5_2024-03-19 12:00:00,5,2024-03-19 12:00:00,0.18,2024-03-19
1314,5_2024-03-19 11:00:00,5,2024-03-19 11:00:00,0.18,2024-03-19
1315,5_2024-03-19 11:15:00,5,2024-03-19 11:15:00,0.18,2024-03-19
1316,5_2024-03-19 15:30:00,5,2024-03-19 15:30:00,0.18,2024-03-19
1317,5_2024-03-19 23:45:00,5,2024-03-19 23:45:00,0.15,2024-03-19
1318,5_2024-03-19,5,,0.15,2024-03-19
1319,5_2024-03-19 23:30:00,5,2024-03-19 23:30:00,0.15,2024-03-19
1320,5_2024-03-19 12:30:00,5,2024-03-19 12:30:00,0.19,2024-03-19
1321,5_2024-03-19 23:15:00,5,2024-03-19 23:15:00,0.16,2024-03-19
1322,5_2024-03-19 20:15:00,5,2024-03-19 20:15:00,0.16,2024-03-19
1323,5_2024-03-19 20:00:00,5,2024-03-19 20:00:00,0.16,2024-03-19
1324,5_2024-03-19 19:30:00,5,2024-03-19 19:30:00,0.16,2024-03-19
1325,5_2024-03-19 18:00:00,5,2024-03-19 18:00:00,0.16,2024-03-19
1326,5_2024-03-19 20:30:00,5,2024-03-19 20:30:00,0.16,2024-03-19
1327,5_2024-03-19 23:00:00,5,2024-03-19 23:00:00,0.17,2024-03-19
1328,5_2024-03-19 22:45:00,5,2024-03-19 22:45:00,0.17,2024-03-19
1329,5_2024-03-19 22:00:00,5,2024-03-19 22:00:00,0.17,2024-03-19
1330,5_2024-03-19 21:45:00,5,2024-03-19 21:45:00,0.17,2024-03-19
1331,5_2024-03-19 22:30:00,5,2024-03-19 22:30:00,0.17,2024-03-19
1332,5_2024-03-19 21:00:00,5,2024-03-19 21:00:00,0.17,2024-03-19
1333,5_2024-03-19 21:30:00,5,2024-03-19 21:30:00,0.17,2024-03-19
1334,5_2024-03-19 19:45:00,5,2024-03-19 19:45:00,0.17,2024-03-19
1335,5_2024-03-19 19:00:00,5,2024-03-19 19:00:00,0.17,2024-03-19
1336,5_2024-03-19 18:45:00,5,2024-03-19 18:45:00,0.17,2024-03-19
1337,5_2024-03-19 18:15:00,5,2024-03-19 18:15:00,0.17,2024-03-19
1338,5_2024-03-19 17:00:00,5,2024-03-19 17:00:00,0.17,2024-03-19
1339,5_2024-03-19 16:45:00,5,2024-03-19 16:45:00,0.17,2024-03-19
1340,5_2024-03-19 15:00:00,5,2024-03-19 15:00:00,0.17,2024-03-19
1341,5_2024-03-19 15:15:00,5,2024-03-19 15:15:00,0.17,2024-03-19
1342,5_2024-03-19 17:45:00,5,2024-03-19 17:45:00,0.17,2024-03-19
1343,5_2024-03-19 00:15:00,5,2024-03-19 00:15:00,0.14,2024-03-19
1344,5_2024-03-20 21:30:00,5,2024-03-20 21:30:00,,2024-03-20
1345,5_2024-03-20 20:30:00,5,2024-03-20 20:30:00,,2024-03-20
1346,5_2024-03-20 19:00:00,5,2024-03-20 19:00:00,,2024-03-20
1347,5_2024-03-20 19:15:00,5,2024-03-20 19:15:00,,2024-03-20
1348,5_2024-03-20 17:30:00,5,2024-03-20 17:30:00,,2024-03-20
1349,5_2024-03-20 16:15:00,5,2024-03-20 16:15:00,,2024-03-20
1350,5_2024-03-20 15:30:00,5,2024-03-20 15:30:00,,2024-03-20
1351,5_2024-03-20 15:15:00,5,2024-03-20 15:15:00,,2024-03-20
1352,5_2024-03-20 15:45:00,5,2024-03-20 15:45:00,,2024-03-20
1353,5_2024-03-20 13:30:00,5,2024-03-20 13:30:00,,2024-03-20
1354,5_2024-03-20 12:15:00,5,2024-03-20 12:15:00,,2024-03-20
1355,5_2024-03-20 12:00:00,5,2024-03-20 12:00:00,,2024-03-20
1356,5_2024-03-20 10:30:00,5,2024-03-20 10:30:00,,2024-03-20
1357,5_2024-03-20 07:45:00,5,2024-03-20 07:45:00,,2024-03-20
1358,5_2024-03-20 06:30:00,5,2024-03-20 06:30:00,,2024-03-20
1359,5_2024-03-20 04:15:00,5,2024-03-20 04:15:00,,2024-03-20
1360,5_2024-03-20 04:45:00,5,2024-03-20 04:45:00,,2024-03-20
1361,5_2024-03-20 00:30:00,5,2024-03-20 00:30:00,,2024-03-20
1362,5_2024-03-20 02:30:00,5,2024-03-20 02:30:00,,2024-03-20
1363,5_2024-03-20 07:00:00,5,2024-03-20 07:00:00,,2024-03-20
1364,5_2024-03-20 14:30:00,5,2024-03-20 14:30:00,,2024-03-20
1365,5_2024-03-20 18:30:00,5,2024-03-20 18:30:00,,2024-03-20
1366,5_2024-03-20 05:15:00,5,2024-03-20 05:15:00,0.09,2024-03-20
1367,5_2024-03-20 04:30:00,5,2024-03-20 04:30:00,0.09,2024-03-20
1368,5_2024-03-20 03:30:00,5,2024-03-20 03:30:00,0.09,2024-03-20
1369,5_2024-03-20 04:00:00,5,2024-03-20 04:00:00,0.09,2024-03-20
1370,5_2024-03-20 05:00:00,5,2024-03-20 05:00:00,0.09,2024-03-20
1371,5_2024-03-20 05:45:00,5,2024-03-20 05:45:00,0.09,2024-03-20
1372,5_2024-03-20 15:00:00,5,2024-03-20 15:00:00,0.18,2024-03-20
1373,5_2024-03-20 14:15:00,5,2024-03-20 14:15:00,0.18,2024-03-20
1374,5_2024-03-20 14:00:00,5,2024-03-20 14:00:00,0.18,2024-03-20
1375,5_2024-03-20 13:00:00,5,2024-03-20 13:00:00,0.18,2024-03-20
1376,5_2024-03-20 12:45:00,5,2024-03-20 12:45:00,0.18,2024-03-20
1377,5_2024-03-20 10:15:00,5,2024-03-20 10:15:00,0.18,2024-03-20
1378,5_2024-03-20 09:30:00,5,2024-03-20 09:30:00,0.18,2024-03-20
1379,5_2024-03-20 08:00:00,5,2024-03-20 08:00:00,0.18,2024-03-20
1380,5_2024-03-20 09:45:00,5,2024-03-20 09:45:00,0.18,2024-03-20
1381,5_2024-03-20 10:00:00,5,2024-03-20 10:00:00,0.18,2024-03-20
1382,5_2024-03-20 13:15:00,5,2024-03-20 13:15:00,0.18,2024-03-20
1383,5_2024-03-20 13:45:00,5,2024-03-20 13:45:00,0.18,2024-03-20
1384,5_2024-03-20 14:45:00,5,2024-03-20 14:45:00,0.18,2024-03-20
1385,5_2024-03-20 06:45:00,5,2024-03-20 06:45:00,0.11,2024-03-20
1386,5_2024-03-20 02:00:00,5,2024-03-20 02:00:00,0.11,2024-03-20
1387,5_2024-03-20 02:45:00,5,2024-03-20 02:45:00,0.11,2024-03-20
1388,5_2024-03-20 00:15:00,5,2024-03-20 00:15:00,0.15,2024-03-20
1389,5_2024-03-20 00:00:00,5,2024-03-20 00:00:00,0.15,2024-03-20
1390,5_2024-03-20 12:30:00,5,2024-03-20 12:30:00,0.19,2024-03-20
1391,5_2024-03-20 11:30:00,5,2024-03-20 11:30:00,0.19,2024-03-20
1392,5_2024-03-20 11:15:00,5,2024-03-20 11:15:00,0.19,2024-03-20
1393,5_2024-03-20 11:00:00,5,2024-03-20 11:00:00,0.19,2024-03-20
1394,5_2024-03-20 10:45:00,5,2024-03-20 10:45:00,0.19,2024-03-20
1395,5_2024-03-20 11:45:00,5,2024-03-20 11:45:00,0.19,2024-03-20
1396,5_2024-03-20 23:45:00,5,2024-03-20 23:45:00,0.16,2024-03-20
1397,5_2024-03-20 23:30:00,5,2024-03-20 23:30:00,0.16,2024-03-20
1398,5_2024-03-20 23:15:00,5,2024-03-20 23:15:00,0.16,2024-03-20
1399,5_2024-03-20 21:15:00,5,2024-03-20 21:15:00,0.16,2024-03-20
1400,5_2024-03-20 20:15:00,5,2024-03-20 20:15:00,0.16,2024-03-20
1401,5_2024-03-20 20:45:00,5,2024-03-20 20:45:00,0.16,2024-03-20
1402,5_2024-03-20 20:00:00,5,2024-03-20 20:00:00,0.16,2024-03-20
1403,5_2024-03-20 19:45:00,5,2024-03-20 19:45:00,0.16,2024-03-20
1404,5_2024-03-20 19:30:00,5,2024-03-20 19:30:00,0.16,2024-03-20
1405,5_2024-03-20 18:45:00,5,2024-03-20 18:45:00,0.16,2024-03-20
1406,5_2024-03-20 18:15:00,5,2024-03-20 18:15:00,0.16,2024-03-20
1407,5_2024-03-20 18:00:00,5,2024-03-20 18:00:00,0.16,2024-03-20
1408,5_2024-03-20 17:15:00,5,2024-03-20 17:15:00,0.16,2024-03-20
1409,5_2024-03-20 08:15:00,5,2024-03-20 08:15:00,0.16,2024-03-20
1410,5_2024-03-20 06:00:00,5,2024-03-20 06:00:00,0.1,2024-03-20
1411,5_2024-03-20 06:15:00,5,2024-03-20 06:15:00,0.1,2024-03-20
1412,5_2024-03-20 03:45:00,5,2024-03-20 03:45:00,0.1,2024-03-20
1413,5_2024-03-20 03:15:00,5,2024-03-20 03:15:00,0.1,2024-03-20
1414,5_2024-03-20 03:00:00,5,2024-03-20 03:00:00,0.1,2024-03-20
1415,5_2024-03-20 05:30:00,5,2024-03-20 05:30:00,0.1,2024-03-20
1416,5_2024-03-20 07:15:00,5,2024-03-20 07:15:00,0.13,2024-03-20
1417,5_2024-03-20 01:15:00,5,2024-03-20 01:15:00,0.13,2024-03-20
1418,5_2024-03-20 01:00:00,5,2024-03-20 01:00:00,0.13,2024-03-20
1419,5_2024-03-20 01:30:00,5,2024-03-20 01:30:00,0.12,2024-03-20
1420,5_2024-03-20 01:45:00,5,2024-03-20 01:45:00,0.12,2024-03-20
1421,5_2024-03-20 02:15:00,5,2024-03-20 02:15:00,0.12,2024-03-20
1422,5_2024-03-20 23:00:00,5,2024-03-20 23:00:00,0.17,2024-03-20
1423,5_2024-03-20 22:45:00,5,2024-03-20 22:45:00,0.17,2024-03-20
1424,5_2024-03-20 22:30:00,5,2024-03-20 22:30:00,0.17,2024-03-20
1425,5_2024-03-20 22:15:00,5,2024-03-20 22:15:00,0.17,2024-03-20
1426,5_2024-03-20 21:45:00,5,2024-03-20 21:45:00,0.17,2024-03-20
1427,5_2024-03-20 22:00:00,5,2024-03-20 22:00:00,0.17,2024-03-20
1428,5_2024-03-20 21:00:00,5,2024-03-20 21:00:00,0.17,2024-03-20
1429,5_2024-03-20 17:45:00,5,2024-03-20 17:45:00,0.17,2024-03-20
1430,5_2024-03-20 17:00:00,5,2024-03-20 17:00:00,0.17,2024-03-20
1431,5_2024-03-20 16:45:00,5,2024-03-20 16:45:00,0.17,2024-03-20
1432,5_2024-03-20 16:30:00,5,2024-03-20 16:30:00,0.17,2024-03-20
1433,5_2024-03-20 16:00:00,5,2024-03-20 16:00:00,0.17,2024-03-20
1434,5_2024-03-20 09:15:00,5,2024-03-20 09:15:00,0.17,2024-03-20
1435,5_2024-03-20 08:45:00,5,2024-03-20 08:45:00,0.17,2024-03-20
1436,5_2024-03-20 09:00:00,5,2024-03-20 09:00:00,0.17,2024-03-20
1437,5_2024-03-20 08:30:00,5,2024-03-20 08:30:00,0.17,2024-03-20
1438,5_2024-03-20 00:45:00,5,2024-03-20 00:45:00,0.14,2024-03-20
1439,5_2024-03-20 07:30:00,5,2024-03-20 07:30:00,0.14,2024-03-20
