,id_estacao,data_medicao,acumulado_chuva_15_min,acumulado_chuva_1_h,acumulado_chuva_4_h,acumulado_chuva_24_h,acumulado_chuva_96_h,acumulado_chuva_30_d,data_particao,primary_key
0,1,2024-03-23 10:00:00,0.0,0.0,0.2,67.6,68.6,68.6,2024-03-23,1_2024-03-23 10:00:00
1,1,2024-03-23 09:45:00,0.0,0.0,0.2,67.6,68.6,68.6,2024-03-23,1_2024-03-23 09:45:00
2,1,2024-03-23 09:30:00,0.0,0.0,0.2,67.8,68.6,68.6,2024-03-23,1_2024-03-23 09:30:00
3,1,2024-03-23 09:15:00,0.0,0.0,0.2,67.8,68.6,68.6,2024-03-23,1_2024-03-23 09:15:00
4,1,2024-03-23 08:45:00,0.0,0.0,0.2,68.2,68.6,68.6,2024-03-23,1_2024-03-23 08:45:00
5,1,2024-03-23 09:00:00,0.0,0.0,0.2,68.0,68.6,68.6,2024-03-23,1_2024-03-23 09:00:00
6,1,2024-03-23 08:30:00,,0.2,0.2,68.2,68.6,68.6,2024-03-23,1_2024-03-23 08:30:00
7,1,2024-03-23 08:15:00,0.0,0.2,0.2,68.4,68.6,68.6,2024-03-23,1_2024-03-23 08:15:00
8,1,2024-03-23 08:00:00,,0.2,0.2,68.4,68.6,68.6,2024-03-23,1_2024-03-23 08:00:00
9,1,2024-03-23 07:45:00,0.2,0.2,0.2,68.4,68.6,68.6,2024-03-23,1_2024-03-23 07:45:00
10,1,2024-03-23 07:30:00,0.0,0.0,0.0,68.2,68.4,68.4,2024-03-23,1_2024-03-23 07:30:00
11,1,2024-03-23 07:15:00,0.0,0.0,0.0,68.2,68.4,68.4,2024-03-23,1_2024-03-23 07:15:00
12,1,2024-03-23 07:00:00,,0.0,0.0,68.2,68.4,68.4,2024-03-23,1_2024-03-23 07:00:00
13,1,2024-03-23 06:30:00,,0.0,0.0,68.2,68.4,68.4,2024-03-23,1_2024-03-23 06:30:00
14,1,2024-03-23 06:45:00,0.0,0.0,0.0,68.2,68.4,68.4,2024-03-23,1_2024-03-23 06:45:00
15,1,2024-03-23 06:15:00,0.0,0.0,0.0,68.2,68.4,68.4,2024-03-23,1_2024-03-23 06:15:00
16,1,2024-03-23 05:45:00,,0.0,0.2,68.2,68.4,68.4,2024-03-23,1_2024-03-23 05:45:00
17,1,2024-03-23 06:00:00,0.0,0.0,0.0,68.2,68.4,68.4,2024-03-23,1_2024-03-23 06:00:00
18,1,2024-03-23 05:15:00,0.0,0.0,0.6,68.2,68.4,68.4,2024-03-23,1_2024-03-23 05:15:00
19,1,2024-03-23 04:45:00,,0.0,2.4,68.2,68.4,68.4,2024-03-23,1_2024-03-23 04:45:00
20,1,2024-03-23 05:00:00,0.0,0.0,1.2,68.2,68.4,68.4,2024-03-23,1_2024-03-23 05:00:00
21,1,2024-03-23 04:30:00,0.0,0.0,2.6,68.2,68.4,68.4,2024-03-23,1_2024-03-23 04:30:00
22,1,2024-03-23 04:15:00,,0.0,2.8,68.2,68.4,68.4,2024-03-23,1_2024-03-23 04:15:00
23,1,2024-03-23 04:00:00,0.0,0.0,9.0,68.2,68.4,68.4,2024-03-23,1_2024-03-23 04:00:00
24,1,2024-03-23 03:45:00,,0.0,9.0,68.2,68.4,68.4,2024-03-23,1_2024-03-23 03:45:00
25,1,2024-03-23 03:15:00,0.0,0.0,12.2,68.2,68.4,68.4,2024-03-23,1_2024-03-23 03:15:00
26,1,2024-03-23 03:30:00,0.0,0.0,10.4,68.2,68.4,68.4,2024-03-23,1_2024-03-23 03:30:00
27,1,2024-03-23 03:00:00,0.0,0.0,14.6,68.2,68.4,68.4,2024-03-23,1_2024-03-23 03:00:00
28,1,2024-03-23 02:45:00,0.0,0.2,14.6,68.2,68.4,68.4,2024-03-23,1_2024-03-23 02:45:00
29,1,2024-03-23 02:15:00,0.0,0.6,18.8,68.2,68.4,68.4,2024-03-23,1_2024-03-23 02:15:00
30,1,2024-03-23 02:30:00,0.0,0.6,16.4,68.2,68.4,68.4,2024-03-23,1_2024-03-23 02:30:00
31,1,2024-03-23 02:00:00,0.2,1.2,20.0,68.2,68.4,68.4,2024-03-23,1_2024-03-23 02:00:00
32,1,2024-03-23 01:45:00,0.4,2.2,20.8,68.0,68.2,68.2,2024-03-23,1_2024-03-23 01:45:00
33,1,2024-03-23 01:30:00,0.0,2.0,22.4,67.6,67.8,67.8,2024-03-23,1_2024-03-23 01:30:00
34,1,2024-03-23 01:15:00,0.6,2.2,26.8,67.6,67.8,67.8,2024-03-23,1_2024-03-23 01:15:00
35,1,2024-03-23 01:00:00,1.2,7.8,29.6,67.0,67.2,67.2,2024-03-23,1_2024-03-23 01:00:00
36,1,2024-03-23 00:30:00,0.2,7.8,36.0,65.6,65.8,65.8,2024-03-23,1_2024-03-23 00:30:00
37,1,2024-03-23 00:00:00,,5.6,31.4,59.2,59.4,59.4,2024-03-23,1_2024-03-23 00:00:00
38,1,2024-03-23 00:15:00,6.2,9.4,35.8,65.4,65.6,65.6,2024-03-23,1_2024-03-23 00:15:00
39,1,2024-03-23 00:45:00,0.2,6.6,31.2,65.8,66.0,66.0,2024-03-23,1_2024-03-23 00:45:00
40,1,2024-03-23 05:30:00,0.0,0.0,0.6,68.2,68.4,68.4,2024-03-23,1_2024-03-23 05:30:00
41,2,2024-03-23 07:30:00,0.6,1.6,1.6,97.2,97.2,97.2,2024-03-23,2_2024-03-23 07:30:00
42,2,2024-03-23 07:15:00,1.0,1.0,1.0,96.6,96.6,96.6,2024-03-23,2_2024-03-23 07:15:00
43,2,2024-03-23 07:45:00,0.0,1.6,1.6,97.2,97.2,97.2,2024-03-23,2_2024-03-23 07:45:00
44,2,2024-03-23 08:00:00,0.0,1.6,1.6,97.2,97.2,97.2,2024-03-23,2_2024-03-23 08:00:00
45,2,2024-03-23 05:30:00,0.0,0.0,0.4,95.6,95.6,95.6,2024-03-23,2_2024-03-23 05:30:00
46,2,2024-03-23 05:45:00,0.0,0.0,0.2,95.6,95.6,95.6,2024-03-23,2_2024-03-23 05:45:00
47,2,2024-03-23 06:00:00,0.0,0.0,0.0,95.6,95.6,95.6,2024-03-23,2_2024-03-23 06:00:00
48,2,2024-03-23 05:15:00,0.0,0.0,0.4,95.6,95.6,95.6,2024-03-23,2_2024-03-23 05:15:00
49,2,2024-03-23 05:00:00,0.0,0.0,0.4,95.6,95.6,95.6,2024-03-23,2_2024-03-23 05:00:00
50,2,2024-03-23 04:15:00,0.0,0.0,1.0,95.6,95.6,95.6,2024-03-23,2_2024-03-23 04:15:00
51,2,2024-03-23 04:30:00,0.0,0.0,0.6,95.6,95.6,95.6,2024-03-23,2_2024-03-23 04:30:00
52,2,2024-03-23 04:45:00,0.0,0.0,0.4,95.6,95.6,95.6,2024-03-23,2_2024-03-23 04:45:00
53,2,2024-03-23 03:45:00,0.0,0.0,3.2,95.6,95.6,95.6,2024-03-23,2_2024-03-23 03:45:00
54,2,2024-03-23 03:15:00,0.0,0.0,5.2,95.6,95.6,95.6,2024-03-23,2_2024-03-23 03:15:00
55,2,2024-03-23 03:30:00,0.0,0.0,3.4,95.6,95.6,95.6,2024-03-23,2_2024-03-23 03:30:00
56,2,2024-03-23 04:00:00,0.0,0.0,2.0,95.6,95.6,95.6,2024-03-23,2_2024-03-23 04:00:00
57,2,2024-03-23 02:15:00,0.0,0.4,8.0,95.6,95.6,95.6,2024-03-23,2_2024-03-23 02:15:00
58,2,2024-03-23 03:00:00,0.0,0.0,6.0,95.6,95.6,95.6,2024-03-23,2_2024-03-23 03:00:00
59,2,2024-03-23 02:30:00,0.0,0.4,8.0,95.6,95.6,95.6,2024-03-23,2_2024-03-23 02:30:00
60,2,2024-03-23 02:45:00,0.0,0.2,6.8,95.6,95.6,95.6,2024-03-23,2_2024-03-23 02:45:00
61,2,2024-03-23 01:30:00,0.0,0.2,10.2,95.2,95.2,95.2,2024-03-23,2_2024-03-23 01:30:00
62,2,2024-03-23 01:45:00,0.2,0.2,9.6,95.4,95.4,95.4,2024-03-23,2_2024-03-23 01:45:00
63,2,2024-03-23 02:00:00,0.2,0.4,8.4,95.6,95.6,95.6,2024-03-23,2_2024-03-23 02:00:00
64,2,2024-03-23 01:15:00,0.0,0.6,11.0,95.2,95.2,95.2,2024-03-23,2_2024-03-23 01:15:00
65,2,2024-03-23 00:15:00,1.0,4.2,28.0,94.6,94.6,94.6,2024-03-23,2_2024-03-23 00:15:00
66,2,2024-03-23 00:30:00,0.4,2.8,23.8,95.0,95.0,95.0,2024-03-23,2_2024-03-23 00:30:00
67,2,2024-03-23 01:00:00,0.0,1.6,15.0,95.2,95.2,95.2,2024-03-23,2_2024-03-23 01:00:00
68,2,2024-03-23 00:00:00,1.2,4.0,31.0,93.6,93.6,93.6,2024-03-23,2_2024-03-23 00:00:00
69,2,2024-03-23 00:45:00,0.2,2.8,19.6,95.2,95.2,95.2,2024-03-23,2_2024-03-23 00:45:00
70,2,2024-03-23 07:00:00,0.0,0.0,0.0,95.6,95.6,95.6,2024-03-23,2_2024-03-23 07:00:00
71,2,2024-03-23 06:45:00,0.0,0.0,0.0,95.6,95.6,95.6,2024-03-23,2_2024-03-23 06:45:00
72,2,2024-03-23 06:15:00,0.0,0.0,0.0,95.6,95.6,95.6,2024-03-23,2_2024-03-23 06:15:00
73,2,2024-03-23 06:30:00,0.0,0.0,0.0,95.6,95.6,95.6,2024-03-23,2_2024-03-23 06:30:00
74,4,2024-03-23 10:00:00,0.0,0.0,0.4,57.4,68.4,68.4,2024-03-23,4_2024-03-23 10:00:00
75,4,2024-03-23 09:45:00,0.0,0.0,0.4,57.4,68.4,68.4,2024-03-23,4_2024-03-23 09:45:00
76,4,2024-03-23 09:15:00,0.0,0.0,0.4,57.4,68.4,68.4,2024-03-23,4_2024-03-23 09:15:00
77,4,2024-03-23 09:30:00,0.0,0.0,0.4,57.4,68.4,68.4,2024-03-23,4_2024-03-23 09:30:00
78,4,2024-03-23 09:00:00,0.0,0.0,0.4,57.4,68.4,68.4,2024-03-23,4_2024-03-23 09:00:00
79,4,2024-03-23 08:45:00,0.0,0.0,0.4,57.4,68.4,68.4,2024-03-23,4_2024-03-23 08:45:00
80,4,2024-03-23 08:30:00,,0.0,0.4,57.4,68.4,68.4,2024-03-23,4_2024-03-23 08:30:00
81,4,2024-03-23 08:15:00,0.0,0.2,0.4,57.4,68.4,68.4,2024-03-23,4_2024-03-23 08:15:00
82,4,2024-03-23 07:45:00,0.0,0.2,0.4,57.4,68.4,68.4,2024-03-23,4_2024-03-23 07:45:00
83,4,2024-03-23 07:30:00,0.2,0.4,0.4,57.4,68.4,68.4,2024-03-23,4_2024-03-23 07:30:00
84,4,2024-03-23 07:15:00,0.0,0.2,0.2,57.2,68.2,68.2,2024-03-23,4_2024-03-23 07:15:00
85,4,2024-03-23 07:00:00,0.0,0.2,0.2,57.2,68.2,68.2,2024-03-23,4_2024-03-23 07:00:00
86,4,2024-03-23 06:45:00,0.2,0.2,0.2,57.2,68.2,68.2,2024-03-23,4_2024-03-23 06:45:00
87,4,2024-03-23 06:30:00,,0.0,0.0,57.0,68.0,68.0,2024-03-23,4_2024-03-23 06:30:00
88,4,2024-03-23 06:15:00,0.0,0.0,0.0,57.0,68.0,68.0,2024-03-23,4_2024-03-23 06:15:00
89,4,2024-03-23 05:15:00,,0.0,0.8,57.0,68.0,68.0,2024-03-23,4_2024-03-23 05:15:00
90,4,2024-03-23 05:30:00,0.0,0.0,0.8,57.0,68.0,68.0,2024-03-23,4_2024-03-23 05:30:00
91,4,2024-03-23 05:45:00,0.0,0.0,0.6,57.0,68.0,68.0,2024-03-23,4_2024-03-23 05:45:00
92,4,2024-03-23 05:00:00,0.0,0.0,1.0,57.0,68.0,68.0,2024-03-23,4_2024-03-23 05:00:00
93,4,2024-03-23 04:30:00,0.0,0.0,1.2,57.0,68.0,68.0,2024-03-23,4_2024-03-23 04:30:00
94,4,2024-03-23 04:45:00,,0.0,1.0,57.0,68.0,68.0,2024-03-23,4_2024-03-23 04:45:00
95,4,2024-03-23 04:15:00,,0.0,2.4,57.0,68.0,68.0,2024-03-23,4_2024-03-23 04:15:00
96,4,2024-03-23 03:45:00,,0.0,3.6,57.0,68.0,68.0,2024-03-23,4_2024-03-23 03:45:00
97,4,2024-03-23 04:00:00,0.0,0.0,2.8,57.0,68.0,68.0,2024-03-23,4_2024-03-23 04:00:00
98,4,2024-03-23 03:30:00,0.0,0.0,5.4,57.0,68.0,68.0,2024-03-23,4_2024-03-23 03:30:00
99,4,2024-03-23 03:15:00,0.0,0.0,6.2,57.0,68.0,68.0,2024-03-23,4_2024-03-23 03:15:00
100,4,2024-03-23 03:00:00,0.0,0.6,7.6,57.0,68.0,68.0,2024-03-23,4_2024-03-23 03:00:00
101,4,2024-03-23 02:30:00,0.0,0.8,9.6,57.2,68.0,68.0,2024-03-23,4_2024-03-23 02:30:00
102,4,2024-03-23 02:15:00,0.6,0.8,10.8,57.2,68.0,68.0,2024-03-23,4_2024-03-23 02:15:00
103,4,2024-03-23 02:45:00,0.0,0.6,9.0,57.2,68.0,68.0,2024-03-23,4_2024-03-23 02:45:00
104,4,2024-03-23 02:00:00,0.0,0.4,10.4,56.6,67.4,67.4,2024-03-23,4_2024-03-23 02:00:00
105,4,2024-03-23 01:45:00,0.2,0.4,10.8,56.6,67.4,67.4,2024-03-23,4_2024-03-23 01:45:00
106,4,2024-03-23 01:30:00,0.0,0.4,11.8,56.4,67.2,67.2,2024-03-23,4_2024-03-23 01:30:00
107,4,2024-03-23 01:15:00,0.2,1.6,11.8,56.4,67.2,67.2,2024-03-23,4_2024-03-23 01:15:00
108,4,2024-03-23 01:00:00,0.0,1.8,12.0,56.2,67.0,67.0,2024-03-23,4_2024-03-23 01:00:00
109,4,2024-03-23 00:15:00,0.4,3.8,12.8,54.8,65.6,65.6,2024-03-23,4_2024-03-23 00:15:00
110,4,2024-03-23 00:00:00,0.8,4.8,13.4,54.4,65.2,65.2,2024-03-23,4_2024-03-23 00:00:00
111,4,2024-03-23 00:30:00,1.2,4.2,13.4,56.0,66.8,66.8,2024-03-23,4_2024-03-23 00:30:00
112,4,2024-03-23 00:45:00,0.2,2.6,12.6,56.2,67.0,67.0,2024-03-23,4_2024-03-23 00:45:00
113,4,2024-03-23 06:00:00,0.0,0.0,0.6,57.0,68.0,68.0,2024-03-23,4_2024-03-23 06:00:00
114,4,2024-03-23 08:00:00,,0.2,0.4,57.4,68.4,68.4,2024-03-23,4_2024-03-23 08:00:00
115,5,2024-03-23 09:45:00,0.0,0.0,0.2,67.8,73.8,73.8,2024-03-23,5_2024-03-23 09:45:00
116,5,2024-03-23 09:30:00,0.0,0.0,0.2,68.2,73.8,73.8,2024-03-23,5_2024-03-23 09:30:00
117,5,2024-03-23 09:15:00,0.0,0.0,0.2,68.2,73.8,73.8,2024-03-23,5_2024-03-23 09:15:00
118,5,2024-03-23 09:00:00,0.0,0.0,0.2,68.2,73.8,73.8,2024-03-23,5_2024-03-23 09:00:00
119,5,2024-03-23 08:30:00,,0.0,0.2,68.2,73.8,73.8,2024-03-23,5_2024-03-23 08:30:00
120,5,2024-03-23 08:45:00,0.0,0.0,0.2,68.2,73.8,73.8,2024-03-23,5_2024-03-23 08:45:00
121,5,2024-03-23 08:15:00,0.0,0.0,0.2,68.2,73.8,73.8,2024-03-23,5_2024-03-23 08:15:00
122,5,2024-03-23 07:30:00,0.0,0.2,0.2,68.2,73.8,73.8,2024-03-23,5_2024-03-23 07:30:00
123,5,2024-03-23 07:45:00,0.0,0.2,0.2,68.2,73.8,73.8,2024-03-23,5_2024-03-23 07:45:00
124,5,2024-03-23 07:00:00,,0.0,0.0,68.0,73.6,73.6,2024-03-23,5_2024-03-23 07:00:00
125,5,2024-03-23 07:15:00,0.2,0.2,0.2,68.2,73.8,73.8,2024-03-23,5_2024-03-23 07:15:00
126,5,2024-03-23 06:45:00,0.0,0.0,0.0,68.0,73.6,73.6,2024-03-23,5_2024-03-23 06:45:00
127,5,2024-03-23 06:30:00,,0.0,0.0,68.0,73.6,73.6,2024-03-23,5_2024-03-23 06:30:00
128,5,2024-03-23 06:15:00,0.0,0.0,0.0,68.0,73.6,73.6,2024-03-23,5_2024-03-23 06:15:00
129,5,2024-03-23 06:00:00,0.0,0.0,0.0,68.0,73.6,73.6,2024-03-23,5_2024-03-23 06:00:00
130,5,2024-03-23 05:15:00,,0.0,0.2,68.0,73.6,73.6,2024-03-23,5_2024-03-23 05:15:00
131,5,2024-03-23 05:00:00,0.0,0.0,0.2,68.0,73.6,73.6,2024-03-23,5_2024-03-23 05:00:00
132,5,2024-03-23 04:45:00,,0.0,0.2,68.0,73.6,73.6,2024-03-23,5_2024-03-23 04:45:00
133,5,2024-03-23 04:30:00,0.0,0.0,0.6,68.0,73.6,73.6,2024-03-23,5_2024-03-23 04:30:00
134,5,2024-03-23 04:15:00,,0.0,1.8,68.0,73.6,73.6,2024-03-23,5_2024-03-23 04:15:00
135,5,2024-03-23 03:45:00,0.0,0.0,2.2,68.0,73.6,73.6,2024-03-23,5_2024-03-23 03:45:00
136,5,2024-03-23 04:00:00,0.0,0.0,2.2,68.0,73.6,73.6,2024-03-23,5_2024-03-23 04:00:00
137,5,2024-03-23 03:15:00,0.0,0.0,5.8,68.0,73.6,73.6,2024-03-23,5_2024-03-23 03:15:00
138,5,2024-03-23 03:30:00,0.0,0.0,3.6,68.0,73.6,73.6,2024-03-23,5_2024-03-23 03:30:00
139,5,2024-03-23 03:00:00,0.0,0.0,7.4,68.0,73.6,73.6,2024-03-23,5_2024-03-23 03:00:00
140,5,2024-03-23 02:45:00,0.0,0.0,7.6,68.0,73.6,73.6,2024-03-23,5_2024-03-23 02:45:00
141,5,2024-03-23 02:30:00,0.0,0.0,7.6,68.0,73.6,73.6,2024-03-23,5_2024-03-23 02:30:00
142,5,2024-03-23 01:45:00,0.0,0.2,9.2,68.0,73.6,73.6,2024-03-23,5_2024-03-23 01:45:00
143,5,2024-03-23 02:00:00,0.0,0.2,8.2,68.0,73.6,73.6,2024-03-23,5_2024-03-23 02:00:00
144,5,2024-03-23 01:15:00,0.0,1.6,12.0,67.8,73.4,73.4,2024-03-23,5_2024-03-23 01:15:00
145,5,2024-03-23 01:30:00,0.2,0.6,12.2,68.0,73.6,73.6,2024-03-23,5_2024-03-23 01:30:00
146,5,2024-03-23 00:45:00,0.4,2.0,16.0,67.8,73.4,73.4,2024-03-23,5_2024-03-23 00:45:00
147,5,2024-03-23 01:00:00,0.0,2.0,13.8,67.8,73.4,73.4,2024-03-23,5_2024-03-23 01:00:00
148,5,2024-03-23 00:00:00,,5.2,20.0,65.8,71.4,71.4,2024-03-23,5_2024-03-23 00:00:00
149,5,2024-03-23 00:15:00,0.4,4.0,18.4,66.2,71.8,71.8,2024-03-23,5_2024-03-23 00:15:00
150,5,2024-03-23 00:30:00,1.2,3.0,19.6,67.4,73.0,73.0,2024-03-23,5_2024-03-23 00:30:00
151,5,2024-03-23 02:15:00,,0.2,8.2,68.0,73.6,73.6,2024-03-23,5_2024-03-23 02:15:00
152,5,2024-03-23 05:45:00,0.0,0.0,0.0,68.0,73.6,73.6,2024-03-23,5_2024-03-23 05:45:00
153,5,2024-03-23 05:30:00,0.0,0.0,0.0,68.0,73.6,73.6,2024-03-23,5_2024-03-23 05:30:00
154,5,2024-03-23 08:00:00,,0.2,0.2,68.2,73.8,73.8,2024-03-23,5_2024-03-23 08:00:00
155,1,2024-03-15 23:30:00,,0.0,0.0,0.0,0.0,25.0,2024-03-15,1_2024-03-15 23:30:00
156,1,2024-03-15 23:45:00,0.0,0.0,0.0,0.0,0.0,25.0,2024-03-15,1_2024-03-15 23:45:00
157,1,2024-03-15 22:15:00,,0.0,0.0,0.0,0.0,25.0,2024-03-15,1_2024-03-15 22:15:00
158,1,2024-03-15 21:30:00,,0.0,0.0,0.0,0.0,25.0,2024-03-15,1_2024-03-15 21:30:00
159,1,2024-03-15 20:00:00,,0.0,0.0,0.0,0.0,25.0,2024-03-15,1_2024-03-15 20:00:00
160,1,2024-03-15 19:00:00,,0.0,0.0,0.0,0.0,25.0,2024-03-15,1_2024-03-15 19:00:00
161,1,2024-03-15 19:30:00,,0.0,0.0,0.0,0.0,25.0,2024-03-15,1_2024-03-15 19:30:00
162,1,2024-03-15 19:15:00,,0.0,0.0,0.0,0.0,25.0,2024-03-15,1_2024-03-15 19:15:00
163,1,2024-03-15 18:30:00,,0.0,0.0,0.0,0.0,25.0,2024-03-15,1_2024-03-15 18:30:00
164,1,2024-03-15 18:15:00,,0.0,0.0,0.0,0.0,25.0,2024-03-15,1_2024-03-15 18:15:00
165,1,2024-03-15 11:00:00,,0.0,0.0,0.0,0.0,25.0,2024-03-15,1_2024-03-15 11:00:00
166,1,2024-03-15 11:15:00,,0.0,0.0,0.0,0.0,25.0,2024-03-15,1_2024-03-15 11:15:00
167,1,2024-03-15 11:30:00,,0.0,0.0,0.0,0.0,25.0,2024-03-15,1_2024-03-15 11:30:00
168,1,2024-03-15 10:15:00,,0.0,0.0,0.0,0.0,25.0,2024-03-15,1_2024-03-15 10:15:00
169,1,2024-03-15 12:45:00,,0.0,0.0,0.0,0.0,25.0,2024-03-15,1_2024-03-15 12:45:00
170,1,2024-03-15 12:00:00,,0.0,0.0,0.0,0.0,25.0,2024-03-15,1_2024-03-15 12:00:00
171,1,2024-03-15 04:45:00,,0.0,0.0,0.0,0.0,25.0,2024-03-15,1_2024-03-15 04:45:00
172,1,2024-03-15 06:15:00,,0.0,0.0,0.0,0.0,25.0,2024-03-15,1_2024-03-15 06:15:00
173,1,2024-03-15 07:00:00,,0.0,0.0,0.0,0.0,25.0,2024-03-15,1_2024-03-15 07:00:00
174,1,2024-03-15 10:30:00,,0.0,0.0,0.0,0.0,25.0,2024-03-15,1_2024-03-15 10:30:00
175,1,2024-03-15 13:00:00,,0.0,0.0,0.0,0.0,25.0,2024-03-15,1_2024-03-15 13:00:00
176,1,2024-03-15 05:15:00,,0.0,0.0,0.0,0.0,25.0,2024-03-15,1_2024-03-15 05:15:00
177,1,2024-03-15 08:30:00,,0.0,0.0,0.0,0.0,25.0,2024-03-15,1_2024-03-15 08:30:00
178,1,2024-03-15 09:45:00,,0.0,0.0,0.0,0.0,25.0,2024-03-15,1_2024-03-15 09:45:00
179,1,2024-03-15 10:00:00,,0.0,0.0,0.0,0.0,25.0,2024-03-15,1_2024-03-15 10:00:00
180,1,2024-03-15 01:15:00,,0.0,0.0,0.0,0.2,25.0,2024-03-15,1_2024-03-15 01:15:00
181,1,2024-03-15 01:30:00,,0.0,0.0,0.0,0.2,25.0,2024-03-15,1_2024-03-15 01:30:00
182,1,2024-03-15 02:45:00,,0.0,0.0,0.0,0.2,25.0,2024-03-15,1_2024-03-15 02:45:00
183,1,2024-03-15 04:00:00,,0.0,0.0,0.0,0.2,25.0,2024-03-15,1_2024-03-15 04:00:00
184,1,2024-03-15 00:45:00,,0.0,0.0,0.0,0.2,25.0,2024-03-15,1_2024-03-15 00:45:00
185,1,2024-03-15 00:00:00,,0.0,0.0,0.0,0.2,25.0,2024-03-15,1_2024-03-15 00:00:00
186,1,2024-03-15 03:00:00,,0.0,0.0,0.0,0.2,25.0,2024-03-15,1_2024-03-15 03:00:00
187,1,2024-03-15 03:30:00,,0.0,0.0,0.0,0.2,25.0,2024-03-15,1_2024-03-15 03:30:00
188,1,2024-03-15 03:45:00,,0.0,0.0,0.0,0.2,25.0,2024-03-15,1_2024-03-15 03:45:00
189,1,2024-03-15 14:00:00,,0.0,0.0,0.0,0.0,25.0,2024-03-15,1_2024-03-15 14:00:00
190,1,2024-03-15 14:15:00,,0.0,0.0,0.0,0.0,25.0,2024-03-15,1_2024-03-15 14:15:00
191,1,2024-03-15 17:00:00,,0.0,0.0,0.0,0.0,25.0,2024-03-15,1_2024-03-15 17:00:00
192,1,2024-03-15 15:45:00,,0.0,0.0,0.0,0.0,25.0,2024-03-15,1_2024-03-15 15:45:00
193,1,2024-03-15 17:30:00,,0.0,0.0,0.0,0.0,25.0,2024-03-15,1_2024-03-15 17:30:00
194,1,2024-03-15 16:30:00,,0.0,0.0,0.0,0.0,25.0,2024-03-15,1_2024-03-15 16:30:00
195,1,2024-03-15 15:15:00,,0.0,0.0,0.0,0.0,25.0,2024-03-15,1_2024-03-15 15:15:00
196,1,2024-03-15 14:45:00,,0.0,0.0,0.0,0.0,25.0,2024-03-15,1_2024-03-15 14:45:00
197,1,2024-03-15 15:00:00,,0.0,0.0,0.0,0.0,25.0,2024-03-15,1_2024-03-15 15:00:00
198,1,2024-03-15 17:45:00,,0.0,0.0,0.0,0.0,25.0,2024-03-15,1_2024-03-15 17:45:00
199,1,2024-03-15 22:45:00,0.0,0.0,0.0,0.0,0.0,25.0,2024-03-15,1_2024-03-15 22:45:00
200,1,2024-03-15 22:30:00,0.0,0.0,0.0,0.0,0.0,25.0,2024-03-15,1_2024-03-15 22:30:00
201,1,2024-03-15 21:45:00,0.0,0.0,0.0,0.0,0.0,25.0,2024-03-15,1_2024-03-15 21:45:00
202,1,2024-03-15 21:00:00,0.0,0.0,0.0,0.0,0.0,25.0,2024-03-15,1_2024-03-15 21:00:00
203,1,2024-03-15 20:45:00,0.0,0.0,0.0,0.0,0.0,25.0,2024-03-15,1_2024-03-15 20:45:00
204,1,2024-03-15 20:30:00,0.0,0.0,0.0,0.0,0.0,25.0,2024-03-15,1_2024-03-15 20:30:00
205,1,2024-03-15 20:15:00,0.0,0.0,0.0,0.0,0.0,25.0,2024-03-15,1_2024-03-15 20:15:00
206,1,2024-03-15 19:45:00,0.0,0.0,0.0,0.0,0.0,25.0,2024-03-15,1_2024-03-15 19:45:00
207,1,2024-03-15 18:45:00,0.0,0.0,0.0,0.0,0.0,25.0,2024-03-15,1_2024-03-15 18:45:00
208,1,2024-03-15 13:15:00,0.0,0.0,0.0,0.0,0.0,25.0,2024-03-15,1_2024-03-15 13:15:00
209,1,2024-03-15 11:45:00,0.0,0.0,0.0,0.0,0.0,25.0,2024-03-15,1_2024-03-15 11:45:00
210,1,2024-03-15 12:15:00,0.0,0.0,0.0,0.0,0.0,25.0,2024-03-15,1_2024-03-15 12:15:00
211,1,2024-03-15 05:00:00,0.0,0.0,0.0,0.0,0.0,25.0,2024-03-15,1_2024-03-15 05:00:00
212,1,2024-03-15 07:15:00,0.0,0.0,0.0,0.0,0.0,25.0,2024-03-15,1_2024-03-15 07:15:00
213,1,2024-03-15 09:15:00,0.0,0.0,0.0,0.0,0.0,25.0,2024-03-15,1_2024-03-15 09:15:00
214,1,2024-03-15 12:30:00,0.0,0.0,0.0,0.0,0.0,25.0,2024-03-15,1_2024-03-15 12:30:00
215,1,2024-03-15 04:15:00,0.0,0.0,0.0,0.0,0.0,25.0,2024-03-15,1_2024-03-15 04:15:00
216,1,2024-03-15 04:30:00,0.0,0.0,0.0,0.0,0.0,25.0,2024-03-15,1_2024-03-15 04:30:00
217,1,2024-03-15 05:30:00,0.0,0.0,0.0,0.0,0.0,25.0,2024-03-15,1_2024-03-15 05:30:00
218,1,2024-03-15 05:45:00,0.0,0.0,0.0,0.0,0.0,25.0,2024-03-15,1_2024-03-15 05:45:00
219,1,2024-03-15 07:30:00,0.0,0.0,0.0,0.0,0.0,25.0,2024-03-15,1_2024-03-15 07:30:00
220,1,2024-03-15 08:00:00,0.0,0.0,0.0,0.0,0.0,25.0,2024-03-15,1_2024-03-15 08:00:00
221,1,2024-03-15 08:15:00,0.0,0.0,0.0,0.0,0.0,25.0,2024-03-15,1_2024-03-15 08:15:00
222,1,2024-03-15 08:45:00,0.0,0.0,0.0,0.0,0.0,25.0,2024-03-15,1_2024-03-15 08:45:00
223,1,2024-03-15 09:00:00,0.0,0.0,0.0,0.0,0.0,25.0,2024-03-15,1_2024-03-15 09:00:00
224,1,2024-03-15 09:30:00,0.0,0.0,0.0,0.0,0.0,25.0,2024-03-15,1_2024-03-15 09:30:00
225,1,2024-03-15 06:00:00,0.0,0.0,0.0,0.0,0.0,25.0,2024-03-15,1_2024-03-15 06:00:00
226,1,2024-03-15 06:30:00,0.0,0.0,0.0,0.0,0.0,25.0,2024-03-15,1_2024-03-15 06:30:00
227,1,2024-03-15 06:45:00,0.0,0.0,0.0,0.0,0.0,25.0,2024-03-15,1_2024-03-15 06:45:00
228,1,2024-03-15 07:45:00,0.0,0.0,0.0,0.0,0.0,25.0,2024-03-15,1_2024-03-15 07:45:00
229,1,2024-03-15 10:45:00,0.0,0.0,0.0,0.0,0.0,25.0,2024-03-15,1_2024-03-15 10:45:00
230,1,2024-03-15 13:30:00,0.0,0.0,0.0,0.0,0.0,25.0,2024-03-15,1_2024-03-15 13:30:00
231,1,2024-03-15 13:45:00,0.0,0.0,0.0,0.0,0.0,25.0,2024-03-15,1_2024-03-15 13:45:00
232,1,2024-03-15 01:00:00,0.0,0.0,0.0,0.0,0.2,25.0,2024-03-15,1_2024-03-15 01:00:00
233,1,2024-03-15 02:30:00,0.0,0.0,0.0,0.0,0.2,25.0,2024-03-15,1_2024-03-15 02:30:00
234,1,2024-03-15 00:30:00,0.0,0.0,0.0,0.0,0.2,25.0,2024-03-15,1_2024-03-15 00:30:00
235,1,2024-03-15 02:15:00,0.0,0.0,0.0,0.0,0.2,25.0,2024-03-15,1_2024-03-15 02:15:00
236,1,2024-03-15 03:15:00,0.0,0.0,0.0,0.0,0.2,25.0,2024-03-15,1_2024-03-15 03:15:00
237,1,2024-03-15 00:15:00,0.0,0.0,0.0,0.0,0.2,25.0,2024-03-15,1_2024-03-15 00:15:00
238,1,2024-03-15 01:45:00,0.0,0.0,0.0,0.0,0.2,25.0,2024-03-15,1_2024-03-15 01:45:00
239,1,2024-03-15 02:00:00,0.0,0.0,0.0,0.0,0.2,25.0,2024-03-15,1_2024-03-15 02:00:00
240,1,2024-03-15 14:30:00,0.0,0.0,0.0,0.0,0.0,25.0,2024-03-15,1_2024-03-15 14:30:00
241,1,2024-03-15 16:45:00,0.0,0.0,0.0,0.0,0.0,25.0,2024-03-15,1_2024-03-15 16:45:00
242,1,2024-03-15 16:15:00,0.0,0.0,0.0,0.0,0.0,25.0,2024-03-15,1_2024-03-15 16:15:00
243,1,2024-03-15 18:00:00,0.0,0.0,0.0,0.0,0.0,25.0,2024-03-15,1_2024-03-15 18:00:00
244,1,2024-03-15 15:30:00,0.0,0.0,0.0,0.0,0.0,25.0,2024-03-15,1_2024-03-15 15:30:00
245,1,2024-03-15 17:15:00,0.0,0.0,0.0,0.0,0.0,25.0,2024-03-15,1_2024-03-15 17:15:00
246,1,2024-03-15 16:00:00,0.0,0.0,0.0,0.0,0.0,25.0,2024-03-15,1_2024-03-15 16:00:00
247,1,2024-03-15 21:15:00,0.0,0.0,0.0,0.0,0.0,25.0,2024-03-15,1_2024-03-15 21:15:00
248,1,2024-03-15 22:00:00,0.0,0.0,0.0,0.0,0.0,25.0,2024-03-15,1_2024-03-15 22:00:00
249,1,2024-03-15 23:00:00,0.0,0.0,0.0,0.0,0.0,25.0,2024-03-15,1_2024-03-15 23:00:00
250,1,2024-03-15 23:15:00,0.0,0.0,0.0,0.0,0.0,25.0,2024-03-15,1_2024-03-15 23:15:00
251,1,2024-03-04 11:00:00,,0.0,0.0,0.0,0.0,0.0,2024-03-04,1_2024-03-04 11:00:00
252,1,2024-03-04 13:15:00,,0.0,0.0,0.0,0.0,0.0,2024-03-04,1_2024-03-04 13:15:00
253,1,2024-03-04 14:30:00,,0.0,0.0,0.0,0.0,0.0,2024-03-04,1_2024-03-04 14:30:00
254,1,2024-03-04 16:00:00,,0.0,0.0,0.0,0.0,0.0,2024-03-04,1_2024-03-04 16:00:00
255,1,2024-03-04 16:45:00,,0.0,0.0,0.0,0.0,0.0,2024-03-04,1_2024-03-04 16:45:00
256,1,2024-03-04 18:30:00,,0.0,0.0,0.0,0.0,0.0,2024-03-04,1_2024-03-04 18:30:00
257,1,2024-03-04 21:45:00,,0.0,0.0,0.0,0.0,0.0,2024-03-04,1_2024-03-04 21:45:00
258,1,2024-03-04 10:15:00,,0.0,0.0,0.0,0.0,0.0,2024-03-04,1_2024-03-04 10:15:00
259,1,2024-03-04 11:45:00,,0.0,0.0,0.0,0.0,0.0,2024-03-04,1_2024-03-04 11:45:00
260,1,2024-03-04 15:30:00,,0.0,0.0,0.0,0.0,0.0,2024-03-04,1_2024-03-04 15:30:00
261,1,2024-03-04 17:15:00,,0.0,0.0,0.0,0.0,0.0,2024-03-04,1_2024-03-04 17:15:00
262,1,2024-03-04 09:15:00,,0.0,0.0,0.0,0.0,0.0,2024-03-04,1_2024-03-04 09:15:00
263,1,2024-03-04 09:45:00,,0.0,0.0,0.0,0.0,0.0,2024-03-04,1_2024-03-04 09:45:00
264,1,2024-03-04 10:30:00,,0.0,0.0,0.0,0.0,0.0,2024-03-04,1_2024-03-04 10:30:00
265,1,2024-03-04 11:15:00,,0.0,0.0,0.0,0.0,0.0,2024-03-04,1_2024-03-04 11:15:00
266,1,2024-03-04 13:45:00,,0.0,0.0,0.0,0.0,0.0,2024-03-04,1_2024-03-04 13:45:00
267,1,2024-03-04 20:45:00,,0.0,0.0,0.0,0.0,0.0,2024-03-04,1_2024-03-04 20:45:00
268,1,2024-03-04 22:15:00,,0.0,0.0,0.0,0.0,0.0,2024-03-04,1_2024-03-04 22:15:00
269,1,2024-03-04 10:00:00,0.0,0.0,0.0,0.0,0.0,0.0,2024-03-04,1_2024-03-04 10:00:00
270,1,2024-03-04 12:15:00,0.0,0.0,0.0,0.0,0.0,0.0,2024-03-04,1_2024-03-04 12:15:00
271,1,2024-03-04 12:45:00,0.0,0.0,0.0,0.0,0.0,0.0,2024-03-04,1_2024-03-04 12:45:00
272,1,2024-03-04 13:00:00,0.0,0.0,0.0,0.0,0.0,0.0,2024-03-04,1_2024-03-04 13:00:00
273,1,2024-03-04 13:30:00,0.0,0.0,0.0,0.0,0.0,0.0,2024-03-04,1_2024-03-04 13:30:00
274,1,2024-03-04 15:15:00,0.0,0.0,0.0,0.0,0.0,0.0,2024-03-04,1_2024-03-04 15:15:00
275,1,2024-03-04 18:00:00,0.0,0.0,0.0,0.0,0.0,0.0,2024-03-04,1_2024-03-04 18:00:00
276,1,2024-03-04 19:15:00,0.0,0.0,0.0,0.0,0.0,0.0,2024-03-04,1_2024-03-04 19:15:00
277,1,2024-03-04 20:30:00,0.0,0.0,0.0,0.0,0.0,0.0,2024-03-04,1_2024-03-04 20:30:00
278,1,2024-03-04 23:00:00,0.0,0.0,0.0,0.0,0.0,0.0,2024-03-04,1_2024-03-04 23:00:00
279,1,2024-03-04 23:15:00,0.0,0.0,0.0,0.0,0.0,0.0,2024-03-04,1_2024-03-04 23:15:00
280,1,2024-03-04 09:30:00,0.0,0.0,0.0,0.0,0.0,0.0,2024-03-04,1_2024-03-04 09:30:00
281,1,2024-03-04 10:45:00,0.0,0.0,0.0,0.0,0.0,0.0,2024-03-04,1_2024-03-04 10:45:00
282,1,2024-03-04 11:30:00,0.0,0.0,0.0,0.0,0.0,0.0,2024-03-04,1_2024-03-04 11:30:00
283,1,2024-03-04 12:00:00,0.0,0.0,0.0,0.0,0.0,0.0,2024-03-04,1_2024-03-04 12:00:00
284,1,2024-03-04 12:30:00,0.0,0.0,0.0,0.0,0.0,0.0,2024-03-04,1_2024-03-04 12:30:00
285,1,2024-03-04 14:00:00,0.0,0.0,0.0,0.0,0.0,0.0,2024-03-04,1_2024-03-04 14:00:00
286,1,2024-03-04 16:30:00,0.0,0.0,0.0,0.0,0.0,0.0,2024-03-04,1_2024-03-04 16:30:00
287,1,2024-03-04 17:30:00,0.0,0.0,0.0,0.0,0.0,0.0,2024-03-04,1_2024-03-04 17:30:00
288,1,2024-03-04 18:15:00,0.0,0.0,0.0,0.0,0.0,0.0,2024-03-04,1_2024-03-04 18:15:00
289,1,2024-03-04 18:45:00,0.0,0.0,0.0,0.0,0.0,0.0,2024-03-04,1_2024-03-04 18:45:00
290,1,2024-03-04 19:30:00,0.0,0.0,0.0,0.0,0.0,0.0,2024-03-04,1_2024-03-04 19:30:00
291,1,2024-03-04 20:00:00,0.0,0.0,0.0,0.0,0.0,0.0,2024-03-04,1_2024-03-04 20:00:00
292,1,2024-03-04 22:00:00,0.0,0.0,0.0,0.0,0.0,0.0,2024-03-04,1_2024-03-04 22:00:00
293,1,2024-03-04 23:45:00,0.0,0.0,0.0,0.0,0.0,0.0,2024-03-04,1_2024-03-04 23:45:00
294,1,2024-03-04 14:15:00,0.0,0.0,0.0,0.0,0.0,0.0,2024-03-04,1_2024-03-04 14:15:00
295,1,2024-03-04 14:45:00,0.0,0.0,0.0,0.0,0.0,0.0,2024-03-04,1_2024-03-04 14:45:00
296,1,2024-03-04 15:00:00,0.0,0.0,0.0,0.0,0.0,0.0,2024-03-04,1_2024-03-04 15:00:00
297,1,2024-03-04 15:45:00,0.0,0.0,0.0,0.0,0.0,0.0,2024-03-04,1_2024-03-04 15:45:00
298,1,2024-03-04 16:15:00,0.0,0.0,0.0,0.0,0.0,0.0,2024-03-04,1_2024-03-04 16:15:00
299,1,2024-03-04 17:00:00,0.0,0.0,0.0,0.0,0.0,0.0,2024-03-04,1_2024-03-04 17:00:00
300,1,2024-03-04 17:45:00,0.0,0.0,0.0,0.0,0.0,0.0,2024-03-04,1_2024-03-04 17:45:00
301,1,2024-03-04 19:00:00,0.0,0.0,0.0,0.0,0.0,0.0,2024-03-04,1_2024-03-04 19:00:00
302,1,2024-03-04 19:45:00,0.0,0.0,0.0,0.0,0.0,0.0,2024-03-04,1_2024-03-04 19:45:00
303,1,2024-03-04 20:15:00,0.0,0.0,0.0,0.0,0.0,0.0,2024-03-04,1_2024-03-04 20:15:00
304,1,2024-03-04 21:00:00,0.0,0.0,0.0,0.0,0.0,0.0,2024-03-04,1_2024-03-04 21:00:00
305,1,2024-03-04 21:15:00,0.0,0.0,0.0,0.0,0.0,0.0,2024-03-04,1_2024-03-04 21:15:00
306,1,2024-03-04 21:30:00,0.0,0.0,0.0,0.0,0.0,0.0,2024-03-04,1_2024-03-04 21:30:00
307,1,2024-03-04 22:30:00,0.0,0.0,0.0,0.0,0.0,0.0,2024-03-04,1_2024-03-04 22:30:00
308,1,2024-03-04 22:45:00,0.0,0.0,0.0,0.0,0.0,0.0,2024-03-04,1_2024-03-04 22:45:00
309,1,2024-03-04 23:30:00,0.0,0.0,0.0,0.0,0.0,0.0,2024-03-04,1_2024-03-04 23:30:00
310,1,2024-03-05 22:00:00,4.6,27.4,27.8,27.8,27.8,27.8,2024-03-05,1_2024-03-05 22:00:00
311,1,2024-03-05 22:45:00,3.6,8.2,31.4,31.4,31.4,31.4,2024-03-05,1_2024-03-05 22:45:00
312,1,2024-03-05 21:15:00,2.4,2.8,2.8,2.8,2.8,2.8,2024-03-05,1_2024-03-05 21:15:00
313,1,2024-03-05 21:45:00,20.4,22.8,23.2,23.2,23.2,23.2,2024-03-05,1_2024-03-05 21:45:00
314,1,2024-03-05 23:00:00,0.8,4.4,32.2,32.2,32.2,32.2,2024-03-05,1_2024-03-05 23:00:00
315,1,2024-03-05 23:15:00,0.8,5.2,33.0,33.0,33.0,33.0,2024-03-05,1_2024-03-05 23:15:00
316,1,2024-03-05 23:30:00,0.8,6.0,33.8,33.8,33.8,33.8,2024-03-05,1_2024-03-05 23:30:00
317,1,2024-03-05 23:45:00,2.0,4.4,35.8,35.8,35.8,35.8,2024-03-05,1_2024-03-05 23:45:00
318,1,2024-03-05 20:30:00,0.4,0.4,0.4,0.4,0.4,0.4,2024-03-05,1_2024-03-05 20:30:00
319,1,2024-03-05 21:30:00,,2.4,2.8,2.8,2.8,2.8,2024-03-05,1_2024-03-05 21:30:00
320,1,2024-03-05 22:30:00,,25.0,27.8,27.8,27.8,27.8,2024-03-05,1_2024-03-05 22:30:00
321,1,2024-03-05 22:15:00,,25.0,27.8,27.8,27.8,27.8,2024-03-05,1_2024-03-05 22:15:00
322,1,2024-03-05 20:45:00,,0.4,0.4,0.4,0.4,0.4,2024-03-05,1_2024-03-05 20:45:00
323,1,2024-03-05 21:00:00,,0.4,0.4,0.4,0.4,0.4,2024-03-05,1_2024-03-05 21:00:00
324,1,2024-03-05 06:15:00,,0.0,0.0,0.0,0.0,0.0,2024-03-05,1_2024-03-05 06:15:00
325,1,2024-03-05 12:15:00,,0.0,0.0,0.0,0.0,0.0,2024-03-05,1_2024-03-05 12:15:00
326,1,2024-03-05 19:45:00,,0.0,0.0,0.0,0.0,0.0,2024-03-05,1_2024-03-05 19:45:00
327,1,2024-03-05 03:30:00,,0.0,0.0,0.0,0.0,0.0,2024-03-05,1_2024-03-05 03:30:00
328,1,2024-03-05 10:45:00,,0.0,0.0,0.0,0.0,0.0,2024-03-05,1_2024-03-05 10:45:00
329,1,2024-03-05 11:45:00,,0.0,0.0,0.0,0.0,0.0,2024-03-05,1_2024-03-05 11:45:00
330,1,2024-03-05 13:15:00,,0.0,0.0,0.0,0.0,0.0,2024-03-05,1_2024-03-05 13:15:00
331,1,2024-03-05 09:45:00,,0.0,0.0,0.0,0.0,0.0,2024-03-05,1_2024-03-05 09:45:00
332,1,2024-03-05 10:00:00,,0.0,0.0,0.0,0.0,0.0,2024-03-05,1_2024-03-05 10:00:00
333,1,2024-03-05 16:15:00,,0.0,0.0,0.0,0.0,0.0,2024-03-05,1_2024-03-05 16:15:00
334,1,2024-03-05 17:00:00,,0.0,0.0,0.0,0.0,0.0,2024-03-05,1_2024-03-05 17:00:00
335,1,2024-03-05 18:15:00,,0.0,0.0,0.0,0.0,0.0,2024-03-05,1_2024-03-05 18:15:00
336,1,2024-03-05 00:30:00,0.0,0.0,0.0,0.0,0.0,0.0,2024-03-05,1_2024-03-05 00:30:00
337,1,2024-03-05 01:15:00,0.0,0.0,0.0,0.0,0.0,0.0,2024-03-05,1_2024-03-05 01:15:00
338,1,2024-03-05 01:45:00,0.0,0.0,0.0,0.0,0.0,0.0,2024-03-05,1_2024-03-05 01:45:00
339,1,2024-03-05 02:00:00,0.0,0.0,0.0,0.0,0.0,0.0,2024-03-05,1_2024-03-05 02:00:00
340,1,2024-03-05 02:30:00,0.0,0.0,0.0,0.0,0.0,0.0,2024-03-05,1_2024-03-05 02:30:00
341,1,2024-03-05 04:30:00,0.0,0.0,0.0,0.0,0.0,0.0,2024-03-05,1_2024-03-05 04:30:00
342,1,2024-03-05 04:45:00,0.0,0.0,0.0,0.0,0.0,0.0,2024-03-05,1_2024-03-05 04:45:00
343,1,2024-03-05 05:00:00,0.0,0.0,0.0,0.0,0.0,0.0,2024-03-05,1_2024-03-05 05:00:00
344,1,2024-03-05 05:30:00,0.0,0.0,0.0,0.0,0.0,0.0,2024-03-05,1_2024-03-05 05:30:00
345,1,2024-03-05 05:45:00,0.0,0.0,0.0,0.0,0.0,0.0,2024-03-05,1_2024-03-05 05:45:00
346,1,2024-03-05 06:00:00,0.0,0.0,0.0,0.0,0.0,0.0,2024-03-05,1_2024-03-05 06:00:00
347,1,2024-03-05 06:30:00,0.0,0.0,0.0,0.0,0.0,0.0,2024-03-05,1_2024-03-05 06:30:00
348,1,2024-03-05 07:15:00,0.0,0.0,0.0,0.0,0.0,0.0,2024-03-05,1_2024-03-05 07:15:00
349,1,2024-03-05 08:30:00,0.0,0.0,0.0,0.0,0.0,0.0,2024-03-05,1_2024-03-05 08:30:00
350,1,2024-03-05 08:45:00,0.0,0.0,0.0,0.0,0.0,0.0,2024-03-05,1_2024-03-05 08:45:00
351,1,2024-03-05 10:30:00,0.0,0.0,0.0,0.0,0.0,0.0,2024-03-05,1_2024-03-05 10:30:00
352,1,2024-03-05 12:30:00,0.0,0.0,0.0,0.0,0.0,0.0,2024-03-05,1_2024-03-05 12:30:00
353,1,2024-03-05 15:00:00,0.0,0.0,0.0,0.0,0.0,0.0,2024-03-05,1_2024-03-05 15:00:00
354,1,2024-03-05 15:30:00,0.0,0.0,0.0,0.0,0.0,0.0,2024-03-05,1_2024-03-05 15:30:00
355,1,2024-03-05 15:45:00,0.0,0.0,0.0,0.0,0.0,0.0,2024-03-05,1_2024-03-05 15:45:00
356,1,2024-03-05 16:00:00,0.0,0.0,0.0,0.0,0.0,0.0,2024-03-05,1_2024-03-05 16:00:00
357,1,2024-03-05 16:45:00,0.0,0.0,0.0,0.0,0.0,0.0,2024-03-05,1_2024-03-05 16:45:00
358,1,2024-03-05 18:00:00,0.0,0.0,0.0,0.0,0.0,0.0,2024-03-05,1_2024-03-05 18:00:00
359,1,2024-03-05 18:45:00,0.0,0.0,0.0,0.0,0.0,0.0,2024-03-05,1_2024-03-05 18:45:00
360,1,2024-03-05 19:00:00,0.0,0.0,0.0,0.0,0.0,0.0,2024-03-05,1_2024-03-05 19:00:00
361,1,2024-03-05 00:15:00,0.0,0.0,0.0,0.0,0.0,0.0,2024-03-05,1_2024-03-05 00:15:00
362,1,2024-03-05 00:45:00,0.0,0.0,0.0,0.0,0.0,0.0,2024-03-05,1_2024-03-05 00:45:00
363,1,2024-03-05 01:30:00,0.0,0.0,0.0,0.0,0.0,0.0,2024-03-05,1_2024-03-05 01:30:00
364,1,2024-03-05 02:45:00,0.0,0.0,0.0,0.0,0.0,0.0,2024-03-05,1_2024-03-05 02:45:00
365,1,2024-03-05 03:00:00,0.0,0.0,0.0,0.0,0.0,0.0,2024-03-05,1_2024-03-05 03:00:00
366,1,2024-03-05 03:45:00,0.0,0.0,0.0,0.0,0.0,0.0,2024-03-05,1_2024-03-05 03:45:00
367,1,2024-03-05 06:45:00,0.0,0.0,0.0,0.0,0.0,0.0,2024-03-05,1_2024-03-05 06:45:00
368,1,2024-03-05 07:00:00,0.0,0.0,0.0,0.0,0.0,0.0,2024-03-05,1_2024-03-05 07:00:00
369,1,2024-03-05 07:30:00,0.0,0.0,0.0,0.0,0.0,0.0,2024-03-05,1_2024-03-05 07:30:00
370,1,2024-03-05 08:00:00,0.0,0.0,0.0,0.0,0.0,0.0,2024-03-05,1_2024-03-05 08:00:00
371,1,2024-03-05 08:15:00,0.0,0.0,0.0,0.0,0.0,0.0,2024-03-05,1_2024-03-05 08:15:00
372,1,2024-03-05 09:15:00,0.0,0.0,0.0,0.0,0.0,0.0,2024-03-05,1_2024-03-05 09:15:00
373,1,2024-03-05 11:00:00,0.0,0.0,0.0,0.0,0.0,0.0,2024-03-05,1_2024-03-05 11:00:00
374,1,2024-03-05 11:15:00,0.0,0.0,0.0,0.0,0.0,0.0,2024-03-05,1_2024-03-05 11:15:00
375,1,2024-03-05 11:30:00,0.0,0.0,0.0,0.0,0.0,0.0,2024-03-05,1_2024-03-05 11:30:00
376,1,2024-03-05 13:45:00,0.0,0.0,0.0,0.0,0.0,0.0,2024-03-05,1_2024-03-05 13:45:00
377,1,2024-03-05 14:30:00,0.0,0.0,0.0,0.0,0.0,0.0,2024-03-05,1_2024-03-05 14:30:00
378,1,2024-03-05 14:45:00,0.0,0.0,0.0,0.0,0.0,0.0,2024-03-05,1_2024-03-05 14:45:00
379,1,2024-03-05 15:15:00,0.0,0.0,0.0,0.0,0.0,0.0,2024-03-05,1_2024-03-05 15:15:00
380,1,2024-03-05 16:30:00,0.0,0.0,0.0,0.0,0.0,0.0,2024-03-05,1_2024-03-05 16:30:00
381,1,2024-03-05 17:15:00,0.0,0.0,0.0,0.0,0.0,0.0,2024-03-05,1_2024-03-05 17:15:00
382,1,2024-03-05 17:30:00,0.0,0.0,0.0,0.0,0.0,0.0,2024-03-05,1_2024-03-05 17:30:00
383,1,2024-03-05 17:45:00,0.0,0.0,0.0,0.0,0.0,0.0,2024-03-05,1_2024-03-05 17:45:00
384,1,2024-03-05 18:30:00,0.0,0.0,0.0,0.0,0.0,0.0,2024-03-05,1_2024-03-05 18:30:00
385,1,2024-03-05 19:15:00,0.0,0.0,0.0,0.0,0.0,0.0,2024-03-05,1_2024-03-05 19:15:00
386,1,2024-03-05 20:00:00,0.0,0.0,0.0,0.0,0.0,0.0,2024-03-05,1_2024-03-05 20:00:00
387,1,2024-03-05 00:00:00,0.0,0.0,0.0,0.0,0.0,0.0,2024-03-05,1_2024-03-05 00:00:00
388,1,2024-03-05 01:00:00,0.0,0.0,0.0,0.0,0.0,0.0,2024-03-05,1_2024-03-05 01:00:00
389,1,2024-03-05 02:15:00,0.0,0.0,0.0,0.0,0.0,0.0,2024-03-05,1_2024-03-05 02:15:00
390,1,2024-03-05 03:15:00,0.0,0.0,0.0,0.0,0.0,0.0,2024-03-05,1_2024-03-05 03:15:00
391,1,2024-03-05 04:00:00,0.0,0.0,0.0,0.0,0.0,0.0,2024-03-05,1_2024-03-05 04:00:00
392,1,2024-03-05 04:15:00,0.0,0.0,0.0,0.0,0.0,0.0,2024-03-05,1_2024-03-05 04:15:00
393,1,2024-03-05 05:15:00,0.0,0.0,0.0,0.0,0.0,0.0,2024-03-05,1_2024-03-05 05:15:00
394,1,2024-03-05 07:45:00,0.0,0.0,0.0,0.0,0.0,0.0,2024-03-05,1_2024-03-05 07:45:00
395,1,2024-03-05 09:00:00,0.0,0.0,0.0,0.0,0.0,0.0,2024-03-05,1_2024-03-05 09:00:00
396,1,2024-03-05 09:30:00,0.0,0.0,0.0,0.0,0.0,0.0,2024-03-05,1_2024-03-05 09:30:00
397,1,2024-03-05 10:15:00,0.0,0.0,0.0,0.0,0.0,0.0,2024-03-05,1_2024-03-05 10:15:00
398,1,2024-03-05 12:00:00,0.0,0.0,0.0,0.0,0.0,0.0,2024-03-05,1_2024-03-05 12:00:00
399,1,2024-03-05 12:45:00,0.0,0.0,0.0,0.0,0.0,0.0,2024-03-05,1_2024-03-05 12:45:00
400,1,2024-03-05 13:00:00,0.0,0.0,0.0,0.0,0.0,0.0,2024-03-05,1_2024-03-05 13:00:00
401,1,2024-03-05 13:30:00,0.0,0.0,0.0,0.0,0.0,0.0,2024-03-05,1_2024-03-05 13:30:00
402,1,2024-03-05 14:00:00,0.0,0.0,0.0,0.0,0.0,0.0,2024-03-05,1_2024-03-05 14:00:00
403,1,2024-03-05 14:15:00,0.0,0.0,0.0,0.0,0.0,0.0,2024-03-05,1_2024-03-05 14:15:00
404,1,2024-03-05 19:30:00,0.0,0.0,0.0,0.0,0.0,0.0,2024-03-05,1_2024-03-05 19:30:00
405,1,2024-03-05 20:15:00,0.0,0.0,0.0,0.0,0.0,0.0,2024-03-05,1_2024-03-05 20:15:00
406,1,2024-03-06 00:15:00,1.4,5.8,38.8,38.8,38.8,38.8,2024-03-06,1_2024-03-06 00:15:00
407,1,2024-03-06 01:15:00,0.4,2.8,38.8,41.6,41.6,41.6,2024-03-06,1_2024-03-06 01:15:00
408,1,2024-03-06 00:00:00,1.6,5.2,37.4,37.4,37.4,37.4,2024-03-06,1_2024-03-06 00:00:00
409,1,2024-03-06 00:30:00,0.8,5.8,39.2,39.6,39.6,39.6,2024-03-06,1_2024-03-06 00:30:00
410,1,2024-03-06 00:45:00,1.0,4.8,40.2,40.6,40.6,40.6,2024-03-06,1_2024-03-06 00:45:00
411,1,2024-03-06 01:00:00,0.6,3.8,40.8,41.2,41.2,41.2,2024-03-06,1_2024-03-06 01:00:00
412,1,2024-03-06 02:00:00,0.6,1.4,14.8,42.6,42.6,42.6,2024-03-06,1_2024-03-06 02:00:00
413,1,2024-03-06 02:15:00,,1.0,14.8,42.6,42.6,42.6,2024-03-06,1_2024-03-06 02:15:00
414,1,2024-03-06 02:45:00,,0.8,11.4,42.8,42.8,42.8,2024-03-06,1_2024-03-06 02:45:00
415,1,2024-03-06 02:30:00,0.2,1.0,15.0,42.8,42.8,42.8,2024-03-06,1_2024-03-06 02:30:00
416,1,2024-03-06 01:45:00,0.2,1.4,18.8,42.0,42.0,42.0,2024-03-06,1_2024-03-06 01:45:00
417,1,2024-03-06 01:30:00,0.2,2.2,39.0,41.8,41.8,41.8,2024-03-06,1_2024-03-06 01:30:00
418,1,2024-03-06 04:15:00,,0.0,4.2,43.0,43.0,43.0,2024-03-06,1_2024-03-06 04:15:00
419,1,2024-03-06 07:00:00,,0.0,0.0,43.0,43.0,43.0,2024-03-06,1_2024-03-06 07:00:00
420,1,2024-03-06 07:15:00,,0.0,0.0,43.0,43.0,43.0,2024-03-06,1_2024-03-06 07:15:00
421,1,2024-03-06 10:00:00,,0.0,0.0,43.0,43.0,43.0,2024-03-06,1_2024-03-06 10:00:00
422,1,2024-03-06 08:15:00,,0.0,0.0,43.0,43.0,43.0,2024-03-06,1_2024-03-06 08:15:00
423,1,2024-03-06 05:30:00,,0.0,1.2,43.0,43.0,43.0,2024-03-06,1_2024-03-06 05:30:00
424,1,2024-03-06 06:30:00,,0.0,0.2,43.0,43.0,43.0,2024-03-06,1_2024-03-06 06:30:00
425,1,2024-03-06 03:45:00,0.0,0.2,7.2,43.0,43.0,43.0,2024-03-06,1_2024-03-06 03:45:00
426,1,2024-03-06 04:45:00,0.0,0.0,2.4,43.0,43.0,43.0,2024-03-06,1_2024-03-06 04:45:00
427,1,2024-03-06 03:15:00,0.0,0.4,10.0,43.0,43.0,43.0,2024-03-06,1_2024-03-06 03:15:00
428,1,2024-03-06 04:00:00,0.0,0.0,5.6,43.0,43.0,43.0,2024-03-06,1_2024-03-06 04:00:00
429,1,2024-03-06 05:00:00,0.0,0.0,1.8,43.0,43.0,43.0,2024-03-06,1_2024-03-06 05:00:00
430,1,2024-03-06 03:30:00,0.0,0.2,9.2,43.0,43.0,43.0,2024-03-06,1_2024-03-06 03:30:00
431,1,2024-03-06 04:30:00,0.0,0.0,3.4,43.0,43.0,43.0,2024-03-06,1_2024-03-06 04:30:00
432,1,2024-03-06 05:15:00,0.0,0.0,1.4,43.0,43.0,43.0,2024-03-06,1_2024-03-06 05:15:00
433,1,2024-03-06 07:45:00,0.0,0.0,0.0,43.0,43.0,43.0,2024-03-06,1_2024-03-06 07:45:00
434,1,2024-03-06 08:00:00,0.0,0.0,0.0,43.0,43.0,43.0,2024-03-06,1_2024-03-06 08:00:00
435,1,2024-03-06 09:00:00,0.0,0.0,0.0,43.0,43.0,43.0,2024-03-06,1_2024-03-06 09:00:00
436,1,2024-03-06 09:15:00,0.0,0.0,0.0,43.0,43.0,43.0,2024-03-06,1_2024-03-06 09:15:00
437,1,2024-03-06 09:30:00,0.0,0.0,0.0,43.0,43.0,43.0,2024-03-06,1_2024-03-06 09:30:00
438,1,2024-03-06 10:15:00,0.0,0.0,0.0,43.0,43.0,43.0,2024-03-06,1_2024-03-06 10:15:00
439,1,2024-03-06 10:45:00,0.0,0.0,0.0,43.0,43.0,43.0,2024-03-06,1_2024-03-06 10:45:00
440,1,2024-03-06 11:00:00,0.0,0.0,0.0,43.0,43.0,43.0,2024-03-06,1_2024-03-06 11:00:00
441,1,2024-03-06 11:45:00,0.0,0.0,0.0,43.0,43.0,43.0,2024-03-06,1_2024-03-06 11:45:00
442,1,2024-03-06 12:00:00,0.0,0.0,0.0,43.0,43.0,43.0,2024-03-06,1_2024-03-06 12:00:00
443,1,2024-03-06 07:30:00,0.0,0.0,0.0,43.0,43.0,43.0,2024-03-06,1_2024-03-06 07:30:00
444,1,2024-03-06 08:30:00,0.0,0.0,0.0,43.0,43.0,43.0,2024-03-06,1_2024-03-06 08:30:00
445,1,2024-03-06 08:45:00,0.0,0.0,0.0,43.0,43.0,43.0,2024-03-06,1_2024-03-06 08:45:00
446,1,2024-03-06 09:45:00,0.0,0.0,0.0,43.0,43.0,43.0,2024-03-06,1_2024-03-06 09:45:00
447,1,2024-03-06 10:30:00,0.0,0.0,0.0,43.0,43.0,43.0,2024-03-06,1_2024-03-06 10:30:00
448,1,2024-03-06 11:15:00,0.0,0.0,0.0,43.0,43.0,43.0,2024-03-06,1_2024-03-06 11:15:00
449,1,2024-03-06 11:30:00,0.0,0.0,0.0,43.0,43.0,43.0,2024-03-06,1_2024-03-06 11:30:00
450,1,2024-03-06 05:45:00,0.0,0.0,1.0,43.0,43.0,43.0,2024-03-06,1_2024-03-06 05:45:00
451,1,2024-03-06 06:45:00,0.0,0.0,0.2,43.0,43.0,43.0,2024-03-06,1_2024-03-06 06:45:00
452,1,2024-03-06 06:15:00,0.0,0.0,0.4,43.0,43.0,43.0,2024-03-06,1_2024-03-06 06:15:00
453,1,2024-03-06 06:00:00,0.0,0.0,0.4,43.0,43.0,43.0,2024-03-06,1_2024-03-06 06:00:00
454,1,2024-03-06 03:00:00,0.2,0.4,10.8,43.0,43.0,43.0,2024-03-06,1_2024-03-06 03:00:00
455,1,2024-03-06 21:30:00,,0.0,0.0,40.4,43.2,43.2,2024-03-06,1_2024-03-06 21:30:00
456,1,2024-03-06 17:15:00,,0.0,0.0,43.2,43.2,43.2,2024-03-06,1_2024-03-06 17:15:00
457,1,2024-03-06 16:30:00,,0.0,0.0,43.2,43.2,43.2,2024-03-06,1_2024-03-06 16:30:00
458,1,2024-03-06 17:00:00,,0.0,0.0,43.2,43.2,43.2,2024-03-06,1_2024-03-06 17:00:00
459,1,2024-03-06 17:30:00,,0.0,0.0,43.2,43.2,43.2,2024-03-06,1_2024-03-06 17:30:00
460,1,2024-03-06 19:30:00,,0.0,0.0,43.2,43.2,43.2,2024-03-06,1_2024-03-06 19:30:00
461,1,2024-03-06 12:30:00,,0.2,0.2,43.2,43.2,43.2,2024-03-06,1_2024-03-06 12:30:00
462,1,2024-03-06 14:45:00,,0.0,0.2,43.2,43.2,43.2,2024-03-06,1_2024-03-06 14:45:00
463,1,2024-03-06 13:45:00,,0.0,0.2,43.2,43.2,43.2,2024-03-06,1_2024-03-06 13:45:00
464,1,2024-03-06 15:00:00,,0.0,0.2,43.2,43.2,43.2,2024-03-06,1_2024-03-06 15:00:00
465,1,2024-03-06 22:00:00,0.0,0.0,0.0,15.4,43.2,43.2,2024-03-06,1_2024-03-06 22:00:00
466,1,2024-03-06 23:15:00,0.0,0.0,0.0,10.2,43.2,43.2,2024-03-06,1_2024-03-06 23:15:00
467,1,2024-03-06 20:30:00,0.0,0.0,0.0,42.8,43.2,43.2,2024-03-06,1_2024-03-06 20:30:00
468,1,2024-03-06 21:00:00,0.0,0.0,0.0,42.8,43.2,43.2,2024-03-06,1_2024-03-06 21:00:00
469,1,2024-03-06 21:15:00,0.0,0.0,0.0,40.4,43.2,43.2,2024-03-06,1_2024-03-06 21:15:00
470,1,2024-03-06 21:45:00,0.0,0.0,0.0,20.0,43.2,43.2,2024-03-06,1_2024-03-06 21:45:00
471,1,2024-03-06 22:45:00,0.0,0.0,0.0,11.8,43.2,43.2,2024-03-06,1_2024-03-06 22:45:00
472,1,2024-03-06 23:00:00,0.0,0.0,0.0,11.0,43.2,43.2,2024-03-06,1_2024-03-06 23:00:00
473,1,2024-03-06 20:45:00,0.0,0.0,0.0,42.8,43.2,43.2,2024-03-06,1_2024-03-06 20:45:00
474,1,2024-03-06 22:15:00,0.0,0.0,0.0,15.4,43.2,43.2,2024-03-06,1_2024-03-06 22:15:00
475,1,2024-03-06 22:30:00,0.0,0.0,0.0,15.4,43.2,43.2,2024-03-06,1_2024-03-06 22:30:00
476,1,2024-03-06 23:30:00,0.0,0.0,0.0,9.4,43.2,43.2,2024-03-06,1_2024-03-06 23:30:00
477,1,2024-03-06 23:45:00,0.0,0.0,0.0,7.4,43.2,43.2,2024-03-06,1_2024-03-06 23:45:00
478,1,2024-03-06 16:15:00,0.0,0.0,0.0,43.2,43.2,43.2,2024-03-06,1_2024-03-06 16:15:00
479,1,2024-03-06 17:45:00,0.0,0.0,0.0,43.2,43.2,43.2,2024-03-06,1_2024-03-06 17:45:00
480,1,2024-03-06 18:00:00,0.0,0.0,0.0,43.2,43.2,43.2,2024-03-06,1_2024-03-06 18:00:00
481,1,2024-03-06 18:15:00,0.0,0.0,0.0,43.2,43.2,43.2,2024-03-06,1_2024-03-06 18:15:00
482,1,2024-03-06 18:45:00,0.0,0.0,0.0,43.2,43.2,43.2,2024-03-06,1_2024-03-06 18:45:00
483,1,2024-03-06 16:45:00,0.0,0.0,0.0,43.2,43.2,43.2,2024-03-06,1_2024-03-06 16:45:00
484,1,2024-03-06 19:00:00,0.0,0.0,0.0,43.2,43.2,43.2,2024-03-06,1_2024-03-06 19:00:00
485,1,2024-03-06 19:15:00,0.0,0.0,0.0,43.2,43.2,43.2,2024-03-06,1_2024-03-06 19:15:00
486,1,2024-03-06 20:00:00,0.0,0.0,0.0,43.2,43.2,43.2,2024-03-06,1_2024-03-06 20:00:00
487,1,2024-03-06 20:15:00,0.0,0.0,0.0,43.2,43.2,43.2,2024-03-06,1_2024-03-06 20:15:00
488,1,2024-03-06 18:30:00,0.0,0.0,0.0,43.2,43.2,43.2,2024-03-06,1_2024-03-06 18:30:00
489,1,2024-03-06 19:45:00,0.0,0.0,0.0,43.2,43.2,43.2,2024-03-06,1_2024-03-06 19:45:00
490,1,2024-03-06 16:00:00,0.0,0.0,0.2,43.2,43.2,43.2,2024-03-06,1_2024-03-06 16:00:00
491,1,2024-03-06 12:45:00,0.0,0.2,0.2,43.2,43.2,43.2,2024-03-06,1_2024-03-06 12:45:00
492,1,2024-03-06 13:00:00,0.0,0.2,0.2,43.2,43.2,43.2,2024-03-06,1_2024-03-06 13:00:00
493,1,2024-03-06 13:30:00,0.0,0.0,0.2,43.2,43.2,43.2,2024-03-06,1_2024-03-06 13:30:00
494,1,2024-03-06 14:00:00,0.0,0.0,0.2,43.2,43.2,43.2,2024-03-06,1_2024-03-06 14:00:00
495,1,2024-03-06 14:15:00,0.0,0.0,0.2,43.2,43.2,43.2,2024-03-06,1_2024-03-06 14:15:00
496,1,2024-03-06 13:15:00,0.0,0.0,0.2,43.2,43.2,43.2,2024-03-06,1_2024-03-06 13:15:00
497,1,2024-03-06 14:30:00,0.0,0.0,0.2,43.2,43.2,43.2,2024-03-06,1_2024-03-06 14:30:00
498,1,2024-03-06 15:15:00,0.0,0.0,0.2,43.2,43.2,43.2,2024-03-06,1_2024-03-06 15:15:00
499,1,2024-03-06 15:30:00,0.0,0.0,0.2,43.2,43.2,43.2,2024-03-06,1_2024-03-06 15:30:00
500,1,2024-03-06 15:45:00,0.0,0.0,0.2,43.2,43.2,43.2,2024-03-06,1_2024-03-06 15:45:00
501,1,2024-03-06 12:15:00,0.2,0.2,0.2,43.2,43.2,43.2,2024-03-06,1_2024-03-06 12:15:00
502,1,2024-03-07 12:15:00,,0.0,0.0,0.0,43.2,43.2,2024-03-07,1_2024-03-07 12:15:00
503,1,2024-03-07 14:15:00,,0.0,0.0,0.0,43.2,43.2,2024-03-07,1_2024-03-07 14:15:00
504,1,2024-03-07 14:45:00,,0.0,0.0,0.0,43.2,43.2,2024-03-07,1_2024-03-07 14:45:00
505,1,2024-03-07 19:45:00,,0.0,0.0,0.0,43.2,43.2,2024-03-07,1_2024-03-07 19:45:00
506,1,2024-03-07 20:30:00,,0.0,0.0,0.0,43.2,43.2,2024-03-07,1_2024-03-07 20:30:00
507,1,2024-03-07 16:15:00,,0.0,0.0,0.0,43.2,43.2,2024-03-07,1_2024-03-07 16:15:00
508,1,2024-03-07 20:45:00,,0.0,0.0,0.0,43.2,43.2,2024-03-07,1_2024-03-07 20:45:00
509,1,2024-03-07 17:00:00,,0.0,0.0,0.0,43.2,43.2,2024-03-07,1_2024-03-07 17:00:00
510,1,2024-03-07 20:15:00,,0.0,0.0,0.0,43.2,43.2,2024-03-07,1_2024-03-07 20:15:00
511,1,2024-03-07 21:45:00,,0.0,0.0,0.0,43.2,43.2,2024-03-07,1_2024-03-07 21:45:00
512,1,2024-03-07 04:15:00,,0.0,0.0,0.2,43.2,43.2,2024-03-07,1_2024-03-07 04:15:00
513,1,2024-03-07 05:30:00,,0.0,0.0,0.2,43.2,43.2,2024-03-07,1_2024-03-07 05:30:00
514,1,2024-03-07 07:15:00,,0.0,0.0,0.2,43.2,43.2,2024-03-07,1_2024-03-07 07:15:00
515,1,2024-03-07 10:15:00,,0.0,0.0,0.2,43.2,43.2,2024-03-07,1_2024-03-07 10:15:00
516,1,2024-03-07 10:45:00,,0.0,0.0,0.2,43.2,43.2,2024-03-07,1_2024-03-07 10:45:00
517,1,2024-03-07 07:30:00,,0.0,0.0,0.2,43.2,43.2,2024-03-07,1_2024-03-07 07:30:00
518,1,2024-03-07 08:30:00,,0.0,0.0,0.2,43.2,43.2,2024-03-07,1_2024-03-07 08:30:00
519,1,2024-03-07 10:30:00,,0.0,0.0,0.2,43.2,43.2,2024-03-07,1_2024-03-07 10:30:00
520,1,2024-03-07 00:30:00,0.0,0.0,0.0,3.6,43.2,43.2,2024-03-07,1_2024-03-07 00:30:00
521,1,2024-03-07 01:30:00,0.0,0.0,0.0,1.4,43.2,43.2,2024-03-07,1_2024-03-07 01:30:00
522,1,2024-03-07 00:00:00,0.0,0.0,0.0,5.8,43.2,43.2,2024-03-07,1_2024-03-07 00:00:00
523,1,2024-03-07 00:15:00,0.0,0.0,0.0,4.4,43.2,43.2,2024-03-07,1_2024-03-07 00:15:00
524,1,2024-03-07 01:00:00,0.0,0.0,0.0,2.0,43.2,43.2,2024-03-07,1_2024-03-07 01:00:00
525,1,2024-03-07 01:15:00,0.0,0.0,0.0,1.6,43.2,43.2,2024-03-07,1_2024-03-07 01:15:00
526,1,2024-03-07 01:45:00,0.0,0.0,0.0,1.2,43.2,43.2,2024-03-07,1_2024-03-07 01:45:00
527,1,2024-03-07 12:30:00,0.0,0.0,0.0,0.0,43.2,43.2,2024-03-07,1_2024-03-07 12:30:00
528,1,2024-03-07 12:45:00,0.0,0.0,0.0,0.0,43.2,43.2,2024-03-07,1_2024-03-07 12:45:00
529,1,2024-03-07 13:00:00,0.0,0.0,0.0,0.0,43.2,43.2,2024-03-07,1_2024-03-07 13:00:00
530,1,2024-03-07 13:30:00,0.0,0.0,0.0,0.0,43.2,43.2,2024-03-07,1_2024-03-07 13:30:00
531,1,2024-03-07 13:45:00,0.0,0.0,0.0,0.0,43.2,43.2,2024-03-07,1_2024-03-07 13:45:00
532,1,2024-03-07 14:30:00,0.0,0.0,0.0,0.0,43.2,43.2,2024-03-07,1_2024-03-07 14:30:00
533,1,2024-03-07 16:45:00,0.0,0.0,0.0,0.0,43.2,43.2,2024-03-07,1_2024-03-07 16:45:00
534,1,2024-03-07 17:30:00,0.0,0.0,0.0,0.0,43.2,43.2,2024-03-07,1_2024-03-07 17:30:00
535,1,2024-03-07 18:45:00,0.0,0.0,0.0,0.0,43.2,43.2,2024-03-07,1_2024-03-07 18:45:00
536,1,2024-03-07 19:00:00,0.0,0.0,0.0,0.0,43.2,43.2,2024-03-07,1_2024-03-07 19:00:00
537,1,2024-03-07 19:30:00,0.0,0.0,0.0,0.0,43.2,43.2,2024-03-07,1_2024-03-07 19:30:00
538,1,2024-03-07 20:00:00,0.0,0.0,0.0,0.0,43.2,43.2,2024-03-07,1_2024-03-07 20:00:00
539,1,2024-03-07 21:15:00,0.0,0.0,0.0,0.0,43.2,43.2,2024-03-07,1_2024-03-07 21:15:00
540,1,2024-03-07 21:30:00,0.0,0.0,0.0,0.0,43.2,43.2,2024-03-07,1_2024-03-07 21:30:00
541,1,2024-03-07 22:15:00,0.0,0.0,0.0,0.0,43.2,43.2,2024-03-07,1_2024-03-07 22:15:00
542,1,2024-03-07 22:45:00,0.0,0.0,0.0,0.0,43.2,43.2,2024-03-07,1_2024-03-07 22:45:00
543,1,2024-03-07 23:00:00,0.0,0.0,0.0,0.0,43.2,43.2,2024-03-07,1_2024-03-07 23:00:00
544,1,2024-03-07 23:45:00,0.0,0.0,0.0,0.0,43.2,43.2,2024-03-07,1_2024-03-07 23:45:00
545,1,2024-03-07 13:15:00,0.0,0.0,0.0,0.0,43.2,43.2,2024-03-07,1_2024-03-07 13:15:00
546,1,2024-03-07 15:00:00,0.0,0.0,0.0,0.0,43.2,43.2,2024-03-07,1_2024-03-07 15:00:00
547,1,2024-03-07 15:15:00,0.0,0.0,0.0,0.0,43.2,43.2,2024-03-07,1_2024-03-07 15:15:00
548,1,2024-03-07 15:45:00,0.0,0.0,0.0,0.0,43.2,43.2,2024-03-07,1_2024-03-07 15:45:00
549,1,2024-03-07 16:00:00,0.0,0.0,0.0,0.0,43.2,43.2,2024-03-07,1_2024-03-07 16:00:00
550,1,2024-03-07 17:15:00,0.0,0.0,0.0,0.0,43.2,43.2,2024-03-07,1_2024-03-07 17:15:00
551,1,2024-03-07 19:15:00,0.0,0.0,0.0,0.0,43.2,43.2,2024-03-07,1_2024-03-07 19:15:00
552,1,2024-03-07 21:00:00,0.0,0.0,0.0,0.0,43.2,43.2,2024-03-07,1_2024-03-07 21:00:00
553,1,2024-03-07 22:30:00,0.0,0.0,0.0,0.0,43.2,43.2,2024-03-07,1_2024-03-07 22:30:00
554,1,2024-03-07 23:15:00,0.0,0.0,0.0,0.0,43.2,43.2,2024-03-07,1_2024-03-07 23:15:00
555,1,2024-03-07 14:00:00,0.0,0.0,0.0,0.0,43.2,43.2,2024-03-07,1_2024-03-07 14:00:00
556,1,2024-03-07 15:30:00,0.0,0.0,0.0,0.0,43.2,43.2,2024-03-07,1_2024-03-07 15:30:00
557,1,2024-03-07 16:30:00,0.0,0.0,0.0,0.0,43.2,43.2,2024-03-07,1_2024-03-07 16:30:00
558,1,2024-03-07 17:45:00,0.0,0.0,0.0,0.0,43.2,43.2,2024-03-07,1_2024-03-07 17:45:00
559,1,2024-03-07 18:00:00,0.0,0.0,0.0,0.0,43.2,43.2,2024-03-07,1_2024-03-07 18:00:00
560,1,2024-03-07 18:15:00,0.0,0.0,0.0,0.0,43.2,43.2,2024-03-07,1_2024-03-07 18:15:00
561,1,2024-03-07 18:30:00,0.0,0.0,0.0,0.0,43.2,43.2,2024-03-07,1_2024-03-07 18:30:00
562,1,2024-03-07 22:00:00,0.0,0.0,0.0,0.0,43.2,43.2,2024-03-07,1_2024-03-07 22:00:00
563,1,2024-03-07 23:30:00,0.0,0.0,0.0,0.0,43.2,43.2,2024-03-07,1_2024-03-07 23:30:00
564,1,2024-03-07 02:15:00,0.0,0.0,0.0,0.6,43.2,43.2,2024-03-07,1_2024-03-07 02:15:00
565,1,2024-03-07 02:00:00,0.0,0.0,0.0,0.6,43.2,43.2,2024-03-07,1_2024-03-07 02:00:00
566,1,2024-03-07 03:15:00,0.0,0.0,0.0,0.2,43.2,43.2,2024-03-07,1_2024-03-07 03:15:00
567,1,2024-03-07 03:30:00,0.0,0.0,0.0,0.2,43.2,43.2,2024-03-07,1_2024-03-07 03:30:00
568,1,2024-03-07 04:30:00,0.0,0.0,0.0,0.2,43.2,43.2,2024-03-07,1_2024-03-07 04:30:00
569,1,2024-03-07 04:45:00,0.0,0.0,0.0,0.2,43.2,43.2,2024-03-07,1_2024-03-07 04:45:00
570,1,2024-03-07 06:00:00,0.0,0.0,0.0,0.2,43.2,43.2,2024-03-07,1_2024-03-07 06:00:00
571,1,2024-03-07 06:15:00,0.0,0.0,0.0,0.2,43.2,43.2,2024-03-07,1_2024-03-07 06:15:00
572,1,2024-03-07 06:30:00,0.0,0.0,0.0,0.2,43.2,43.2,2024-03-07,1_2024-03-07 06:30:00
573,1,2024-03-07 07:45:00,0.0,0.0,0.0,0.2,43.2,43.2,2024-03-07,1_2024-03-07 07:45:00
574,1,2024-03-07 08:15:00,0.0,0.0,0.0,0.2,43.2,43.2,2024-03-07,1_2024-03-07 08:15:00
575,1,2024-03-07 11:15:00,0.0,0.0,0.0,0.2,43.2,43.2,2024-03-07,1_2024-03-07 11:15:00
576,1,2024-03-07 04:00:00,0.0,0.0,0.0,0.2,43.2,43.2,2024-03-07,1_2024-03-07 04:00:00
577,1,2024-03-07 05:15:00,0.0,0.0,0.0,0.2,43.2,43.2,2024-03-07,1_2024-03-07 05:15:00
578,1,2024-03-07 05:45:00,0.0,0.0,0.0,0.2,43.2,43.2,2024-03-07,1_2024-03-07 05:45:00
579,1,2024-03-07 06:45:00,0.0,0.0,0.0,0.2,43.2,43.2,2024-03-07,1_2024-03-07 06:45:00
580,1,2024-03-07 08:45:00,0.0,0.0,0.0,0.2,43.2,43.2,2024-03-07,1_2024-03-07 08:45:00
581,1,2024-03-07 09:00:00,0.0,0.0,0.0,0.2,43.2,43.2,2024-03-07,1_2024-03-07 09:00:00
582,1,2024-03-07 09:45:00,0.0,0.0,0.0,0.2,43.2,43.2,2024-03-07,1_2024-03-07 09:45:00
583,1,2024-03-07 11:30:00,0.0,0.0,0.0,0.2,43.2,43.2,2024-03-07,1_2024-03-07 11:30:00
584,1,2024-03-07 12:00:00,0.0,0.0,0.0,0.2,43.2,43.2,2024-03-07,1_2024-03-07 12:00:00
585,1,2024-03-07 03:00:00,0.0,0.0,0.0,0.2,43.2,43.2,2024-03-07,1_2024-03-07 03:00:00
586,1,2024-03-07 03:45:00,0.0,0.0,0.0,0.2,43.2,43.2,2024-03-07,1_2024-03-07 03:45:00
587,1,2024-03-07 05:00:00,0.0,0.0,0.0,0.2,43.2,43.2,2024-03-07,1_2024-03-07 05:00:00
588,1,2024-03-07 07:00:00,0.0,0.0,0.0,0.2,43.2,43.2,2024-03-07,1_2024-03-07 07:00:00
589,1,2024-03-07 08:00:00,0.0,0.0,0.0,0.2,43.2,43.2,2024-03-07,1_2024-03-07 08:00:00
590,1,2024-03-07 09:15:00,0.0,0.0,0.0,0.2,43.2,43.2,2024-03-07,1_2024-03-07 09:15:00
591,1,2024-03-07 09:30:00,0.0,0.0,0.0,0.2,43.2,43.2,2024-03-07,1_2024-03-07 09:30:00
592,1,2024-03-07 10:00:00,0.0,0.0,0.0,0.2,43.2,43.2,2024-03-07,1_2024-03-07 10:00:00
593,1,2024-03-07 11:00:00,0.0,0.0,0.0,0.2,43.2,43.2,2024-03-07,1_2024-03-07 11:00:00
594,1,2024-03-07 11:45:00,0.0,0.0,0.0,0.2,43.2,43.2,2024-03-07,1_2024-03-07 11:45:00
595,1,2024-03-07 02:45:00,0.0,0.0,0.0,0.4,43.2,43.2,2024-03-07,1_2024-03-07 02:45:00
596,1,2024-03-07 02:30:00,0.0,0.0,0.0,0.4,43.2,43.2,2024-03-07,1_2024-03-07 02:30:00
597,1,2024-03-07 00:45:00,0.0,0.0,0.0,2.6,43.2,43.2,2024-03-07,1_2024-03-07 00:45:00
598,1,2024-03-08 01:15:00,,0.0,0.0,0.0,43.2,43.2,2024-03-08,1_2024-03-08 01:15:00
599,1,2024-03-08 03:00:00,,0.0,0.0,0.0,43.2,43.2,2024-03-08,1_2024-03-08 03:00:00
600,1,2024-03-08 04:15:00,,0.0,0.0,0.0,43.2,43.2,2024-03-08,1_2024-03-08 04:15:00
601,1,2024-03-08 05:15:00,,0.0,0.0,0.0,43.2,43.2,2024-03-08,1_2024-03-08 05:15:00
602,1,2024-03-08 10:15:00,,0.0,0.0,0.0,43.2,43.2,2024-03-08,1_2024-03-08 10:15:00
603,1,2024-03-08 10:30:00,,0.0,0.0,0.0,43.2,43.2,2024-03-08,1_2024-03-08 10:30:00
604,1,2024-03-08 13:00:00,,0.0,0.0,0.0,43.2,43.2,2024-03-08,1_2024-03-08 13:00:00
605,1,2024-03-08 13:30:00,,0.0,0.0,0.0,43.2,43.2,2024-03-08,1_2024-03-08 13:30:00
606,1,2024-03-08 16:30:00,,0.0,0.0,0.0,43.2,43.2,2024-03-08,1_2024-03-08 16:30:00
607,1,2024-03-08 18:30:00,,0.0,0.0,0.0,43.2,43.2,2024-03-08,1_2024-03-08 18:30:00
608,1,2024-03-08 00:45:00,,0.0,0.0,0.0,43.2,43.2,2024-03-08,1_2024-03-08 00:45:00
609,1,2024-03-08 05:45:00,,0.0,0.0,0.0,43.2,43.2,2024-03-08,1_2024-03-08 05:45:00
610,1,2024-03-08 07:00:00,,0.0,0.0,0.0,43.2,43.2,2024-03-08,1_2024-03-08 07:00:00
611,1,2024-03-08 08:45:00,,0.0,0.0,0.0,43.2,43.2,2024-03-08,1_2024-03-08 08:45:00
612,1,2024-03-08 09:30:00,,0.0,0.0,0.0,43.2,43.2,2024-03-08,1_2024-03-08 09:30:00
613,1,2024-03-08 12:30:00,,0.0,0.0,0.0,43.2,43.2,2024-03-08,1_2024-03-08 12:30:00
614,1,2024-03-08 19:00:00,,0.0,0.0,0.0,43.2,43.2,2024-03-08,1_2024-03-08 19:00:00
615,1,2024-03-08 00:15:00,,0.0,0.0,0.0,43.2,43.2,2024-03-08,1_2024-03-08 00:15:00
616,1,2024-03-08 03:30:00,,0.0,0.0,0.0,43.2,43.2,2024-03-08,1_2024-03-08 03:30:00
617,1,2024-03-08 10:00:00,,0.0,0.0,0.0,43.2,43.2,2024-03-08,1_2024-03-08 10:00:00
618,1,2024-03-08 13:45:00,,0.0,0.0,0.0,43.2,43.2,2024-03-08,1_2024-03-08 13:45:00
619,1,2024-03-08 14:15:00,,0.0,0.0,0.0,43.2,43.2,2024-03-08,1_2024-03-08 14:15:00
620,1,2024-03-08 14:30:00,,0.0,0.0,0.0,43.2,43.2,2024-03-08,1_2024-03-08 14:30:00
621,1,2024-03-08 17:45:00,,0.0,0.0,0.0,43.2,43.2,2024-03-08,1_2024-03-08 17:45:00
622,1,2024-03-08 00:30:00,0.0,0.0,0.0,0.0,43.2,43.2,2024-03-08,1_2024-03-08 00:30:00
623,1,2024-03-08 01:30:00,0.0,0.0,0.0,0.0,43.2,43.2,2024-03-08,1_2024-03-08 01:30:00
624,1,2024-03-08 01:45:00,0.0,0.0,0.0,0.0,43.2,43.2,2024-03-08,1_2024-03-08 01:45:00
625,1,2024-03-08 02:00:00,0.0,0.0,0.0,0.0,43.2,43.2,2024-03-08,1_2024-03-08 02:00:00
626,1,2024-03-08 02:30:00,0.0,0.0,0.0,0.0,43.2,43.2,2024-03-08,1_2024-03-08 02:30:00
627,1,2024-03-08 02:45:00,0.0,0.0,0.0,0.0,43.2,43.2,2024-03-08,1_2024-03-08 02:45:00
628,1,2024-03-08 03:15:00,0.0,0.0,0.0,0.0,43.2,43.2,2024-03-08,1_2024-03-08 03:15:00
629,1,2024-03-08 04:00:00,0.0,0.0,0.0,0.0,43.2,43.2,2024-03-08,1_2024-03-08 04:00:00
630,1,2024-03-08 05:30:00,0.0,0.0,0.0,0.0,43.2,43.2,2024-03-08,1_2024-03-08 05:30:00
631,1,2024-03-08 06:00:00,0.0,0.0,0.0,0.0,43.2,43.2,2024-03-08,1_2024-03-08 06:00:00
632,1,2024-03-08 06:15:00,0.0,0.0,0.0,0.0,43.2,43.2,2024-03-08,1_2024-03-08 06:15:00
633,1,2024-03-08 06:30:00,0.0,0.0,0.0,0.0,43.2,43.2,2024-03-08,1_2024-03-08 06:30:00
634,1,2024-03-08 06:45:00,0.0,0.0,0.0,0.0,43.2,43.2,2024-03-08,1_2024-03-08 06:45:00
635,1,2024-03-08 07:30:00,0.0,0.0,0.0,0.0,43.2,43.2,2024-03-08,1_2024-03-08 07:30:00
636,1,2024-03-08 08:00:00,0.0,0.0,0.0,0.0,43.2,43.2,2024-03-08,1_2024-03-08 08:00:00
637,1,2024-03-08 08:30:00,0.0,0.0,0.0,0.0,43.2,43.2,2024-03-08,1_2024-03-08 08:30:00
638,1,2024-03-08 14:45:00,0.0,0.0,0.0,0.0,43.2,43.2,2024-03-08,1_2024-03-08 14:45:00
639,1,2024-03-08 15:00:00,0.0,0.0,0.0,0.0,43.2,43.2,2024-03-08,1_2024-03-08 15:00:00
640,1,2024-03-08 15:15:00,0.0,0.0,0.0,0.0,43.2,43.2,2024-03-08,1_2024-03-08 15:15:00
641,1,2024-03-08 15:30:00,0.0,0.0,0.0,0.0,43.2,43.2,2024-03-08,1_2024-03-08 15:30:00
642,1,2024-03-08 16:45:00,0.0,0.0,0.0,0.0,43.2,43.2,2024-03-08,1_2024-03-08 16:45:00
643,1,2024-03-08 17:30:00,0.0,0.0,0.0,0.0,43.2,43.2,2024-03-08,1_2024-03-08 17:30:00
644,1,2024-03-08 19:15:00,0.0,0.0,0.0,0.0,43.2,43.2,2024-03-08,1_2024-03-08 19:15:00
645,1,2024-03-08 19:30:00,0.0,0.0,0.0,0.0,43.2,43.2,2024-03-08,1_2024-03-08 19:30:00
646,1,2024-03-08 20:15:00,0.0,0.0,0.0,0.0,43.2,43.2,2024-03-08,1_2024-03-08 20:15:00
647,1,2024-03-08 20:45:00,0.0,0.0,0.0,0.0,43.2,43.2,2024-03-08,1_2024-03-08 20:45:00
648,1,2024-03-08 21:00:00,0.0,0.0,0.0,0.0,43.2,43.2,2024-03-08,1_2024-03-08 21:00:00
649,1,2024-03-08 21:30:00,0.0,0.0,0.0,0.0,43.2,43.2,2024-03-08,1_2024-03-08 21:30:00
650,1,2024-03-08 22:30:00,0.0,0.0,0.0,0.0,43.2,43.2,2024-03-08,1_2024-03-08 22:30:00
651,1,2024-03-08 23:00:00,0.0,0.0,0.0,0.0,43.2,43.2,2024-03-08,1_2024-03-08 23:00:00
652,1,2024-03-08 23:30:00,0.0,0.0,0.0,0.0,43.2,43.2,2024-03-08,1_2024-03-08 23:30:00
653,1,2024-03-08 01:00:00,0.0,0.0,0.0,0.0,43.2,43.2,2024-03-08,1_2024-03-08 01:00:00
654,1,2024-03-08 03:45:00,0.0,0.0,0.0,0.0,43.2,43.2,2024-03-08,1_2024-03-08 03:45:00
655,1,2024-03-08 05:00:00,0.0,0.0,0.0,0.0,43.2,43.2,2024-03-08,1_2024-03-08 05:00:00
656,1,2024-03-08 07:15:00,0.0,0.0,0.0,0.0,43.2,43.2,2024-03-08,1_2024-03-08 07:15:00
657,1,2024-03-08 07:45:00,0.0,0.0,0.0,0.0,43.2,43.2,2024-03-08,1_2024-03-08 07:45:00
658,1,2024-03-08 09:15:00,0.0,0.0,0.0,0.0,43.2,43.2,2024-03-08,1_2024-03-08 09:15:00
659,1,2024-03-08 11:00:00,0.0,0.0,0.0,0.0,43.2,43.2,2024-03-08,1_2024-03-08 11:00:00
660,1,2024-03-08 11:15:00,0.0,0.0,0.0,0.0,43.2,43.2,2024-03-08,1_2024-03-08 11:15:00
661,1,2024-03-08 12:45:00,0.0,0.0,0.0,0.0,43.2,43.2,2024-03-08,1_2024-03-08 12:45:00
662,1,2024-03-08 14:00:00,0.0,0.0,0.0,0.0,43.2,43.2,2024-03-08,1_2024-03-08 14:00:00
663,1,2024-03-08 15:45:00,0.0,0.0,0.0,0.0,43.2,43.2,2024-03-08,1_2024-03-08 15:45:00
664,1,2024-03-08 16:00:00,0.0,0.0,0.0,0.0,43.2,43.2,2024-03-08,1_2024-03-08 16:00:00
665,1,2024-03-08 17:00:00,0.0,0.0,0.0,0.0,43.2,43.2,2024-03-08,1_2024-03-08 17:00:00
666,1,2024-03-08 20:00:00,0.0,0.0,0.0,0.0,43.2,43.2,2024-03-08,1_2024-03-08 20:00:00
667,1,2024-03-08 21:45:00,0.0,0.0,0.0,0.0,43.2,43.2,2024-03-08,1_2024-03-08 21:45:00
668,1,2024-03-08 22:15:00,0.0,0.0,0.0,0.0,43.2,43.2,2024-03-08,1_2024-03-08 22:15:00
669,1,2024-03-08 00:00:00,0.0,0.0,0.0,0.0,43.2,43.2,2024-03-08,1_2024-03-08 00:00:00
670,1,2024-03-08 02:15:00,0.0,0.0,0.0,0.0,43.2,43.2,2024-03-08,1_2024-03-08 02:15:00
671,1,2024-03-08 04:30:00,0.0,0.0,0.0,0.0,43.2,43.2,2024-03-08,1_2024-03-08 04:30:00
672,1,2024-03-08 04:45:00,0.0,0.0,0.0,0.0,43.2,43.2,2024-03-08,1_2024-03-08 04:45:00
673,1,2024-03-08 08:15:00,0.0,0.0,0.0,0.0,43.2,43.2,2024-03-08,1_2024-03-08 08:15:00
674,1,2024-03-08 09:00:00,0.0,0.0,0.0,0.0,43.2,43.2,2024-03-08,1_2024-03-08 09:00:00
675,1,2024-03-08 09:45:00,0.0,0.0,0.0,0.0,43.2,43.2,2024-03-08,1_2024-03-08 09:45:00
676,1,2024-03-08 10:45:00,0.0,0.0,0.0,0.0,43.2,43.2,2024-03-08,1_2024-03-08 10:45:00
677,1,2024-03-08 11:30:00,0.0,0.0,0.0,0.0,43.2,43.2,2024-03-08,1_2024-03-08 11:30:00
678,1,2024-03-08 11:45:00,0.0,0.0,0.0,0.0,43.2,43.2,2024-03-08,1_2024-03-08 11:45:00
679,1,2024-03-08 12:00:00,0.0,0.0,0.0,0.0,43.2,43.2,2024-03-08,1_2024-03-08 12:00:00
680,1,2024-03-08 12:15:00,0.0,0.0,0.0,0.0,43.2,43.2,2024-03-08,1_2024-03-08 12:15:00
681,1,2024-03-08 13:15:00,0.0,0.0,0.0,0.0,43.2,43.2,2024-03-08,1_2024-03-08 13:15:00
682,1,2024-03-08 16:15:00,0.0,0.0,0.0,0.0,43.2,43.2,2024-03-08,1_2024-03-08 16:15:00
683,1,2024-03-08 17:15:00,0.0,0.0,0.0,0.0,43.2,43.2,2024-03-08,1_2024-03-08 17:15:00
684,1,2024-03-08 18:00:00,0.0,0.0,0.0,0.0,43.2,43.2,2024-03-08,1_2024-03-08 18:00:00
685,1,2024-03-08 18:15:00,0.0,0.0,0.0,0.0,43.2,43.2,2024-03-08,1_2024-03-08 18:15:00
686,1,2024-03-08 18:45:00,0.0,0.0,0.0,0.0,43.2,43.2,2024-03-08,1_2024-03-08 18:45:00
687,1,2024-03-08 19:45:00,0.0,0.0,0.0,0.0,43.2,43.2,2024-03-08,1_2024-03-08 19:45:00
688,1,2024-03-08 20:30:00,0.0,0.0,0.0,0.0,43.2,43.2,2024-03-08,1_2024-03-08 20:30:00
689,1,2024-03-08 21:15:00,0.0,0.0,0.0,0.0,43.2,43.2,2024-03-08,1_2024-03-08 21:15:00
690,1,2024-03-08 22:00:00,0.0,0.0,0.0,0.0,43.2,43.2,2024-03-08,1_2024-03-08 22:00:00
691,1,2024-03-08 22:45:00,0.0,0.0,0.0,0.0,43.2,43.2,2024-03-08,1_2024-03-08 22:45:00
692,1,2024-03-08 23:15:00,0.0,0.0,0.0,0.0,43.2,43.2,2024-03-08,1_2024-03-08 23:15:00
693,1,2024-03-08 23:45:00,0.0,0.0,0.0,0.0,43.2,43.2,2024-03-08,1_2024-03-08 23:45:00
694,1,2024-03-09 22:00:00,6.0,6.0,6.0,6.0,21.4,49.2,2024-03-09,1_2024-03-09 22:00:00
695,1,2024-03-09 22:45:00,7.2,20.4,20.4,20.4,32.2,63.6,2024-03-09,1_2024-03-09 22:45:00
696,1,2024-03-09 22:30:00,2.2,13.2,13.2,13.2,28.6,56.4,2024-03-09,1_2024-03-09 22:30:00
697,1,2024-03-09 22:15:00,5.0,11.0,11.0,11.0,26.4,54.2,2024-03-09,1_2024-03-09 22:15:00
698,1,2024-03-09 23:00:00,4.0,18.4,24.4,24.4,35.4,67.6,2024-03-09,1_2024-03-09 23:00:00
699,1,2024-03-09 23:45:00,0.0,4.0,24.4,24.4,31.8,67.6,2024-03-09,1_2024-03-09 23:45:00
700,1,2024-03-09 23:15:00,0.0,13.4,24.4,24.4,34.6,67.6,2024-03-09,1_2024-03-09 23:15:00
701,1,2024-03-09 23:30:00,0.0,11.2,24.4,24.4,33.8,67.6,2024-03-09,1_2024-03-09 23:30:00
702,1,2024-03-09 21:45:00,,0.0,0.0,0.0,20.0,43.2,2024-03-09,1_2024-03-09 21:45:00
703,1,2024-03-09 02:30:00,,0.0,0.0,0.0,43.2,43.2,2024-03-09,1_2024-03-09 02:30:00
704,1,2024-03-09 09:15:00,,0.0,0.0,0.0,43.2,43.2,2024-03-09,1_2024-03-09 09:15:00
705,1,2024-03-09 00:15:00,,0.0,0.0,0.0,43.2,43.2,2024-03-09,1_2024-03-09 00:15:00
706,1,2024-03-09 02:00:00,,0.0,0.0,0.0,43.2,43.2,2024-03-09,1_2024-03-09 02:00:00
707,1,2024-03-09 03:15:00,,0.0,0.0,0.0,43.2,43.2,2024-03-09,1_2024-03-09 03:15:00
708,1,2024-03-09 07:00:00,,0.0,0.0,0.0,43.2,43.2,2024-03-09,1_2024-03-09 07:00:00
709,1,2024-03-09 12:45:00,,0.0,0.0,0.0,43.2,43.2,2024-03-09,1_2024-03-09 12:45:00
710,1,2024-03-09 16:45:00,,0.0,0.0,0.0,43.2,43.2,2024-03-09,1_2024-03-09 16:45:00
711,1,2024-03-09 17:45:00,,0.0,0.0,0.0,43.2,43.2,2024-03-09,1_2024-03-09 17:45:00
712,1,2024-03-09 19:15:00,,0.0,0.0,0.0,43.2,43.2,2024-03-09,1_2024-03-09 19:15:00
713,1,2024-03-09 19:45:00,,0.0,0.0,0.0,43.2,43.2,2024-03-09,1_2024-03-09 19:45:00
714,1,2024-03-09 03:30:00,,0.0,0.0,0.0,43.2,43.2,2024-03-09,1_2024-03-09 03:30:00
715,1,2024-03-09 04:45:00,,0.0,0.0,0.0,43.2,43.2,2024-03-09,1_2024-03-09 04:45:00
716,1,2024-03-09 15:30:00,,0.0,0.0,0.0,43.2,43.2,2024-03-09,1_2024-03-09 15:30:00
717,1,2024-03-09 20:30:00,0.0,0.0,0.0,0.0,42.8,43.2,2024-03-09,1_2024-03-09 20:30:00
718,1,2024-03-09 21:15:00,0.0,0.0,0.0,0.0,40.4,43.2,2024-03-09,1_2024-03-09 21:15:00
719,1,2024-03-09 20:45:00,0.0,0.0,0.0,0.0,42.8,43.2,2024-03-09,1_2024-03-09 20:45:00
720,1,2024-03-09 21:00:00,0.0,0.0,0.0,0.0,42.8,43.2,2024-03-09,1_2024-03-09 21:00:00
721,1,2024-03-09 21:30:00,0.0,0.0,0.0,0.0,40.4,43.2,2024-03-09,1_2024-03-09 21:30:00
722,1,2024-03-09 00:00:00,0.0,0.0,0.0,0.0,43.2,43.2,2024-03-09,1_2024-03-09 00:00:00
723,1,2024-03-09 01:00:00,0.0,0.0,0.0,0.0,43.2,43.2,2024-03-09,1_2024-03-09 01:00:00
724,1,2024-03-09 04:00:00,0.0,0.0,0.0,0.0,43.2,43.2,2024-03-09,1_2024-03-09 04:00:00
725,1,2024-03-09 05:15:00,0.0,0.0,0.0,0.0,43.2,43.2,2024-03-09,1_2024-03-09 05:15:00
726,1,2024-03-09 06:45:00,0.0,0.0,0.0,0.0,43.2,43.2,2024-03-09,1_2024-03-09 06:45:00
727,1,2024-03-09 09:45:00,0.0,0.0,0.0,0.0,43.2,43.2,2024-03-09,1_2024-03-09 09:45:00
728,1,2024-03-09 12:00:00,0.0,0.0,0.0,0.0,43.2,43.2,2024-03-09,1_2024-03-09 12:00:00
729,1,2024-03-09 13:15:00,0.0,0.0,0.0,0.0,43.2,43.2,2024-03-09,1_2024-03-09 13:15:00
730,1,2024-03-09 13:30:00,0.0,0.0,0.0,0.0,43.2,43.2,2024-03-09,1_2024-03-09 13:30:00
731,1,2024-03-09 14:15:00,0.0,0.0,0.0,0.0,43.2,43.2,2024-03-09,1_2024-03-09 14:15:00
732,1,2024-03-09 14:30:00,0.0,0.0,0.0,0.0,43.2,43.2,2024-03-09,1_2024-03-09 14:30:00
733,1,2024-03-09 16:15:00,0.0,0.0,0.0,0.0,43.2,43.2,2024-03-09,1_2024-03-09 16:15:00
734,1,2024-03-09 18:15:00,0.0,0.0,0.0,0.0,43.2,43.2,2024-03-09,1_2024-03-09 18:15:00
735,1,2024-03-09 18:30:00,0.0,0.0,0.0,0.0,43.2,43.2,2024-03-09,1_2024-03-09 18:30:00
736,1,2024-03-09 19:00:00,0.0,0.0,0.0,0.0,43.2,43.2,2024-03-09,1_2024-03-09 19:00:00
737,1,2024-03-09 20:00:00,0.0,0.0,0.0,0.0,43.2,43.2,2024-03-09,1_2024-03-09 20:00:00
738,1,2024-03-09 02:45:00,0.0,0.0,0.0,0.0,43.2,43.2,2024-03-09,1_2024-03-09 02:45:00
739,1,2024-03-09 03:00:00,0.0,0.0,0.0,0.0,43.2,43.2,2024-03-09,1_2024-03-09 03:00:00
740,1,2024-03-09 03:45:00,0.0,0.0,0.0,0.0,43.2,43.2,2024-03-09,1_2024-03-09 03:45:00
741,1,2024-03-09 04:30:00,0.0,0.0,0.0,0.0,43.2,43.2,2024-03-09,1_2024-03-09 04:30:00
742,1,2024-03-09 05:30:00,0.0,0.0,0.0,0.0,43.2,43.2,2024-03-09,1_2024-03-09 05:30:00
743,1,2024-03-09 05:45:00,0.0,0.0,0.0,0.0,43.2,43.2,2024-03-09,1_2024-03-09 05:45:00
744,1,2024-03-09 07:45:00,0.0,0.0,0.0,0.0,43.2,43.2,2024-03-09,1_2024-03-09 07:45:00
745,1,2024-03-09 08:00:00,0.0,0.0,0.0,0.0,43.2,43.2,2024-03-09,1_2024-03-09 08:00:00
746,1,2024-03-09 09:30:00,0.0,0.0,0.0,0.0,43.2,43.2,2024-03-09,1_2024-03-09 09:30:00
747,1,2024-03-09 10:00:00,0.0,0.0,0.0,0.0,43.2,43.2,2024-03-09,1_2024-03-09 10:00:00
748,1,2024-03-09 10:15:00,0.0,0.0,0.0,0.0,43.2,43.2,2024-03-09,1_2024-03-09 10:15:00
749,1,2024-03-09 11:15:00,0.0,0.0,0.0,0.0,43.2,43.2,2024-03-09,1_2024-03-09 11:15:00
750,1,2024-03-09 11:30:00,0.0,0.0,0.0,0.0,43.2,43.2,2024-03-09,1_2024-03-09 11:30:00
751,1,2024-03-09 11:45:00,0.0,0.0,0.0,0.0,43.2,43.2,2024-03-09,1_2024-03-09 11:45:00
752,1,2024-03-09 13:45:00,0.0,0.0,0.0,0.0,43.2,43.2,2024-03-09,1_2024-03-09 13:45:00
753,1,2024-03-09 14:00:00,0.0,0.0,0.0,0.0,43.2,43.2,2024-03-09,1_2024-03-09 14:00:00
754,1,2024-03-09 14:45:00,0.0,0.0,0.0,0.0,43.2,43.2,2024-03-09,1_2024-03-09 14:45:00
755,1,2024-03-09 15:00:00,0.0,0.0,0.0,0.0,43.2,43.2,2024-03-09,1_2024-03-09 15:00:00
756,1,2024-03-09 15:45:00,0.0,0.0,0.0,0.0,43.2,43.2,2024-03-09,1_2024-03-09 15:45:00
757,1,2024-03-09 16:30:00,0.0,0.0,0.0,0.0,43.2,43.2,2024-03-09,1_2024-03-09 16:30:00
758,1,2024-03-09 18:00:00,0.0,0.0,0.0,0.0,43.2,43.2,2024-03-09,1_2024-03-09 18:00:00
759,1,2024-03-09 20:15:00,0.0,0.0,0.0,0.0,43.2,43.2,2024-03-09,1_2024-03-09 20:15:00
760,1,2024-03-09 00:30:00,0.0,0.0,0.0,0.0,43.2,43.2,2024-03-09,1_2024-03-09 00:30:00
761,1,2024-03-09 00:45:00,0.0,0.0,0.0,0.0,43.2,43.2,2024-03-09,1_2024-03-09 00:45:00
762,1,2024-03-09 01:15:00,0.0,0.0,0.0,0.0,43.2,43.2,2024-03-09,1_2024-03-09 01:15:00
763,1,2024-03-09 01:30:00,0.0,0.0,0.0,0.0,43.2,43.2,2024-03-09,1_2024-03-09 01:30:00
764,1,2024-03-09 01:45:00,0.0,0.0,0.0,0.0,43.2,43.2,2024-03-09,1_2024-03-09 01:45:00
765,1,2024-03-09 02:15:00,0.0,0.0,0.0,0.0,43.2,43.2,2024-03-09,1_2024-03-09 02:15:00
766,1,2024-03-09 04:15:00,0.0,0.0,0.0,0.0,43.2,43.2,2024-03-09,1_2024-03-09 04:15:00
767,1,2024-03-09 05:00:00,0.0,0.0,0.0,0.0,43.2,43.2,2024-03-09,1_2024-03-09 05:00:00
768,1,2024-03-09 06:00:00,0.0,0.0,0.0,0.0,43.2,43.2,2024-03-09,1_2024-03-09 06:00:00
769,1,2024-03-09 06:15:00,0.0,0.0,0.0,0.0,43.2,43.2,2024-03-09,1_2024-03-09 06:15:00
770,1,2024-03-09 06:30:00,0.0,0.0,0.0,0.0,43.2,43.2,2024-03-09,1_2024-03-09 06:30:00
771,1,2024-03-09 07:15:00,0.0,0.0,0.0,0.0,43.2,43.2,2024-03-09,1_2024-03-09 07:15:00
772,1,2024-03-09 07:30:00,0.0,0.0,0.0,0.0,43.2,43.2,2024-03-09,1_2024-03-09 07:30:00
773,1,2024-03-09 08:15:00,0.0,0.0,0.0,0.0,43.2,43.2,2024-03-09,1_2024-03-09 08:15:00
774,1,2024-03-09 08:30:00,0.0,0.0,0.0,0.0,43.2,43.2,2024-03-09,1_2024-03-09 08:30:00
775,1,2024-03-09 08:45:00,0.0,0.0,0.0,0.0,43.2,43.2,2024-03-09,1_2024-03-09 08:45:00
776,1,2024-03-09 09:00:00,0.0,0.0,0.0,0.0,43.2,43.2,2024-03-09,1_2024-03-09 09:00:00
777,1,2024-03-09 10:30:00,0.0,0.0,0.0,0.0,43.2,43.2,2024-03-09,1_2024-03-09 10:30:00
778,1,2024-03-09 10:45:00,0.0,0.0,0.0,0.0,43.2,43.2,2024-03-09,1_2024-03-09 10:45:00
779,1,2024-03-09 11:00:00,0.0,0.0,0.0,0.0,43.2,43.2,2024-03-09,1_2024-03-09 11:00:00
780,1,2024-03-09 12:15:00,0.0,0.0,0.0,0.0,43.2,43.2,2024-03-09,1_2024-03-09 12:15:00
781,1,2024-03-09 12:30:00,0.0,0.0,0.0,0.0,43.2,43.2,2024-03-09,1_2024-03-09 12:30:00
782,1,2024-03-09 13:00:00,0.0,0.0,0.0,0.0,43.2,43.2,2024-03-09,1_2024-03-09 13:00:00
783,1,2024-03-09 15:15:00,0.0,0.0,0.0,0.0,43.2,43.2,2024-03-09,1_2024-03-09 15:15:00
784,1,2024-03-09 16:00:00,0.0,0.0,0.0,0.0,43.2,43.2,2024-03-09,1_2024-03-09 16:00:00
785,1,2024-03-09 17:00:00,0.0,0.0,0.0,0.0,43.2,43.2,2024-03-09,1_2024-03-09 17:00:00
786,1,2024-03-09 17:15:00,0.0,0.0,0.0,0.0,43.2,43.2,2024-03-09,1_2024-03-09 17:15:00
787,1,2024-03-09 17:30:00,0.0,0.0,0.0,0.0,43.2,43.2,2024-03-09,1_2024-03-09 17:30:00
788,1,2024-03-09 18:45:00,0.0,0.0,0.0,0.0,43.2,43.2,2024-03-09,1_2024-03-09 18:45:00
789,1,2024-03-09 19:30:00,0.0,0.0,0.0,0.0,43.2,43.2,2024-03-09,1_2024-03-09 19:30:00
790,1,2024-03-10 22:45:00,0.4,0.4,0.4,4.4,24.8,68.0,2024-03-10,1_2024-03-10 22:45:00
791,1,2024-03-10 23:00:00,0.0,0.4,0.4,0.4,24.8,68.0,2024-03-10,1_2024-03-10 23:00:00
792,1,2024-03-10 23:45:00,0.0,0.0,0.4,0.4,24.8,68.0,2024-03-10,1_2024-03-10 23:45:00
793,1,2024-03-10 23:15:00,0.0,0.4,0.4,0.4,24.8,68.0,2024-03-10,1_2024-03-10 23:15:00
794,1,2024-03-10 23:30:00,0.0,0.4,0.4,0.4,24.8,68.0,2024-03-10,1_2024-03-10 23:30:00
795,1,2024-03-10 02:15:00,,0.0,13.4,24.4,25.0,67.6,2024-03-10,1_2024-03-10 02:15:00
796,1,2024-03-10 17:45:00,,0.0,0.0,24.4,24.4,67.6,2024-03-10,1_2024-03-10 17:45:00
797,1,2024-03-10 14:45:00,,0.0,0.0,24.4,24.4,67.6,2024-03-10,1_2024-03-10 14:45:00
798,1,2024-03-10 17:00:00,,0.0,0.0,24.4,24.4,67.6,2024-03-10,1_2024-03-10 17:00:00
799,1,2024-03-10 16:45:00,,0.0,0.0,24.4,24.4,67.6,2024-03-10,1_2024-03-10 16:45:00
800,1,2024-03-10 03:30:00,,0.0,0.0,24.4,24.6,67.6,2024-03-10,1_2024-03-10 03:30:00
801,1,2024-03-10 06:30:00,,0.0,0.0,24.4,24.6,67.6,2024-03-10,1_2024-03-10 06:30:00
802,1,2024-03-10 04:45:00,,0.0,0.0,24.4,24.6,67.6,2024-03-10,1_2024-03-10 04:45:00
803,1,2024-03-10 07:00:00,,0.0,0.0,24.4,24.6,67.6,2024-03-10,1_2024-03-10 07:00:00
804,1,2024-03-10 07:45:00,,0.0,0.0,24.4,24.6,67.6,2024-03-10,1_2024-03-10 07:45:00
805,1,2024-03-10 09:15:00,,0.0,0.0,24.4,24.6,67.6,2024-03-10,1_2024-03-10 09:15:00
806,1,2024-03-10 00:15:00,0.0,0.0,24.4,24.4,28.8,67.6,2024-03-10,1_2024-03-10 00:15:00
807,1,2024-03-10 00:45:00,0.0,0.0,24.4,24.4,27.0,67.6,2024-03-10,1_2024-03-10 00:45:00
808,1,2024-03-10 01:30:00,0.0,0.0,24.4,24.4,25.8,67.6,2024-03-10,1_2024-03-10 01:30:00
809,1,2024-03-10 00:00:00,0.0,0.0,24.4,24.4,30.2,67.6,2024-03-10,1_2024-03-10 00:00:00
810,1,2024-03-10 01:15:00,0.0,0.0,24.4,24.4,26.0,67.6,2024-03-10,1_2024-03-10 01:15:00
811,1,2024-03-10 02:00:00,0.0,0.0,18.4,24.4,25.0,67.6,2024-03-10,1_2024-03-10 02:00:00
812,1,2024-03-10 00:30:00,0.0,0.0,24.4,24.4,28.0,67.6,2024-03-10,1_2024-03-10 00:30:00
813,1,2024-03-10 22:00:00,0.0,0.0,0.0,18.4,24.4,67.6,2024-03-10,1_2024-03-10 22:00:00
814,1,2024-03-10 22:30:00,0.0,0.0,0.0,11.2,24.4,67.6,2024-03-10,1_2024-03-10 22:30:00
815,1,2024-03-10 12:15:00,0.0,0.0,0.0,24.4,24.4,67.6,2024-03-10,1_2024-03-10 12:15:00
816,1,2024-03-10 14:00:00,0.0,0.0,0.0,24.4,24.4,67.6,2024-03-10,1_2024-03-10 14:00:00
817,1,2024-03-10 14:30:00,0.0,0.0,0.0,24.4,24.4,67.6,2024-03-10,1_2024-03-10 14:30:00
818,1,2024-03-10 15:15:00,0.0,0.0,0.0,24.4,24.4,67.6,2024-03-10,1_2024-03-10 15:15:00
819,1,2024-03-10 16:15:00,0.0,0.0,0.0,24.4,24.4,67.6,2024-03-10,1_2024-03-10 16:15:00
820,1,2024-03-10 17:15:00,0.0,0.0,0.0,24.4,24.4,67.6,2024-03-10,1_2024-03-10 17:15:00
821,1,2024-03-10 19:45:00,0.0,0.0,0.0,24.4,24.4,67.6,2024-03-10,1_2024-03-10 19:45:00
822,1,2024-03-10 20:00:00,0.0,0.0,0.0,24.4,24.4,67.6,2024-03-10,1_2024-03-10 20:00:00
823,1,2024-03-10 21:15:00,0.0,0.0,0.0,24.4,24.4,67.6,2024-03-10,1_2024-03-10 21:15:00
824,1,2024-03-10 12:30:00,0.0,0.0,0.0,24.4,24.4,67.6,2024-03-10,1_2024-03-10 12:30:00
825,1,2024-03-10 12:45:00,0.0,0.0,0.0,24.4,24.4,67.6,2024-03-10,1_2024-03-10 12:45:00
826,1,2024-03-10 13:00:00,0.0,0.0,0.0,24.4,24.4,67.6,2024-03-10,1_2024-03-10 13:00:00
827,1,2024-03-10 13:15:00,0.0,0.0,0.0,24.4,24.4,67.6,2024-03-10,1_2024-03-10 13:15:00
828,1,2024-03-10 13:30:00,0.0,0.0,0.0,24.4,24.4,67.6,2024-03-10,1_2024-03-10 13:30:00
829,1,2024-03-10 13:45:00,0.0,0.0,0.0,24.4,24.4,67.6,2024-03-10,1_2024-03-10 13:45:00
830,1,2024-03-10 15:00:00,0.0,0.0,0.0,24.4,24.4,67.6,2024-03-10,1_2024-03-10 15:00:00
831,1,2024-03-10 15:30:00,0.0,0.0,0.0,24.4,24.4,67.6,2024-03-10,1_2024-03-10 15:30:00
832,1,2024-03-10 16:00:00,0.0,0.0,0.0,24.4,24.4,67.6,2024-03-10,1_2024-03-10 16:00:00
833,1,2024-03-10 17:30:00,0.0,0.0,0.0,24.4,24.4,67.6,2024-03-10,1_2024-03-10 17:30:00
834,1,2024-03-10 18:00:00,0.0,0.0,0.0,24.4,24.4,67.6,2024-03-10,1_2024-03-10 18:00:00
835,1,2024-03-10 18:30:00,0.0,0.0,0.0,24.4,24.4,67.6,2024-03-10,1_2024-03-10 18:30:00
836,1,2024-03-10 19:00:00,0.0,0.0,0.0,24.4,24.4,67.6,2024-03-10,1_2024-03-10 19:00:00
837,1,2024-03-10 19:15:00,0.0,0.0,0.0,24.4,24.4,67.6,2024-03-10,1_2024-03-10 19:15:00
838,1,2024-03-10 20:30:00,0.0,0.0,0.0,24.4,24.4,67.6,2024-03-10,1_2024-03-10 20:30:00
839,1,2024-03-10 21:00:00,0.0,0.0,0.0,24.4,24.4,67.6,2024-03-10,1_2024-03-10 21:00:00
840,1,2024-03-10 14:15:00,0.0,0.0,0.0,24.4,24.4,67.6,2024-03-10,1_2024-03-10 14:15:00
841,1,2024-03-10 15:45:00,0.0,0.0,0.0,24.4,24.4,67.6,2024-03-10,1_2024-03-10 15:45:00
842,1,2024-03-10 16:30:00,0.0,0.0,0.0,24.4,24.4,67.6,2024-03-10,1_2024-03-10 16:30:00
843,1,2024-03-10 18:15:00,0.0,0.0,0.0,24.4,24.4,67.6,2024-03-10,1_2024-03-10 18:15:00
844,1,2024-03-10 18:45:00,0.0,0.0,0.0,24.4,24.4,67.6,2024-03-10,1_2024-03-10 18:45:00
845,1,2024-03-10 19:30:00,0.0,0.0,0.0,24.4,24.4,67.6,2024-03-10,1_2024-03-10 19:30:00
846,1,2024-03-10 20:15:00,0.0,0.0,0.0,24.4,24.4,67.6,2024-03-10,1_2024-03-10 20:15:00
847,1,2024-03-10 20:45:00,0.0,0.0,0.0,24.4,24.4,67.6,2024-03-10,1_2024-03-10 20:45:00
848,1,2024-03-10 21:30:00,0.0,0.0,0.0,24.4,24.4,67.6,2024-03-10,1_2024-03-10 21:30:00
849,1,2024-03-10 21:45:00,0.0,0.0,0.0,24.4,24.4,67.6,2024-03-10,1_2024-03-10 21:45:00
850,1,2024-03-10 22:15:00,0.0,0.0,0.0,13.4,24.4,67.6,2024-03-10,1_2024-03-10 22:15:00
851,1,2024-03-10 01:00:00,0.0,0.0,24.4,24.4,26.4,67.6,2024-03-10,1_2024-03-10 01:00:00
852,1,2024-03-10 03:00:00,0.0,0.0,0.0,24.4,24.6,67.6,2024-03-10,1_2024-03-10 03:00:00
853,1,2024-03-10 04:30:00,0.0,0.0,0.0,24.4,24.6,67.6,2024-03-10,1_2024-03-10 04:30:00
854,1,2024-03-10 05:30:00,0.0,0.0,0.0,24.4,24.6,67.6,2024-03-10,1_2024-03-10 05:30:00
855,1,2024-03-10 08:00:00,0.0,0.0,0.0,24.4,24.6,67.6,2024-03-10,1_2024-03-10 08:00:00
856,1,2024-03-10 08:30:00,0.0,0.0,0.0,24.4,24.6,67.6,2024-03-10,1_2024-03-10 08:30:00
857,1,2024-03-10 10:15:00,0.0,0.0,0.0,24.4,24.6,67.6,2024-03-10,1_2024-03-10 10:15:00
858,1,2024-03-10 10:45:00,0.0,0.0,0.0,24.4,24.6,67.6,2024-03-10,1_2024-03-10 10:45:00
859,1,2024-03-10 11:15:00,0.0,0.0,0.0,24.4,24.6,67.6,2024-03-10,1_2024-03-10 11:15:00
860,1,2024-03-10 03:15:00,0.0,0.0,0.0,24.4,24.6,67.6,2024-03-10,1_2024-03-10 03:15:00
861,1,2024-03-10 05:15:00,0.0,0.0,0.0,24.4,24.6,67.6,2024-03-10,1_2024-03-10 05:15:00
862,1,2024-03-10 05:45:00,0.0,0.0,0.0,24.4,24.6,67.6,2024-03-10,1_2024-03-10 05:45:00
863,1,2024-03-10 06:45:00,0.0,0.0,0.0,24.4,24.6,67.6,2024-03-10,1_2024-03-10 06:45:00
864,1,2024-03-10 07:30:00,0.0,0.0,0.0,24.4,24.6,67.6,2024-03-10,1_2024-03-10 07:30:00
865,1,2024-03-10 08:15:00,0.0,0.0,0.0,24.4,24.6,67.6,2024-03-10,1_2024-03-10 08:15:00
866,1,2024-03-10 09:00:00,0.0,0.0,0.0,24.4,24.6,67.6,2024-03-10,1_2024-03-10 09:00:00
867,1,2024-03-10 09:30:00,0.0,0.0,0.0,24.4,24.6,67.6,2024-03-10,1_2024-03-10 09:30:00
868,1,2024-03-10 09:45:00,0.0,0.0,0.0,24.4,24.6,67.6,2024-03-10,1_2024-03-10 09:45:00
869,1,2024-03-10 10:30:00,0.0,0.0,0.0,24.4,24.6,67.6,2024-03-10,1_2024-03-10 10:30:00
870,1,2024-03-10 11:00:00,0.0,0.0,0.0,24.4,24.6,67.6,2024-03-10,1_2024-03-10 11:00:00
871,1,2024-03-10 11:45:00,0.0,0.0,0.0,24.4,24.6,67.6,2024-03-10,1_2024-03-10 11:45:00
872,1,2024-03-10 03:45:00,0.0,0.0,0.0,24.4,24.6,67.6,2024-03-10,1_2024-03-10 03:45:00
873,1,2024-03-10 04:00:00,0.0,0.0,0.0,24.4,24.6,67.6,2024-03-10,1_2024-03-10 04:00:00
874,1,2024-03-10 04:15:00,0.0,0.0,0.0,24.4,24.6,67.6,2024-03-10,1_2024-03-10 04:15:00
875,1,2024-03-10 05:00:00,0.0,0.0,0.0,24.4,24.6,67.6,2024-03-10,1_2024-03-10 05:00:00
876,1,2024-03-10 06:00:00,0.0,0.0,0.0,24.4,24.6,67.6,2024-03-10,1_2024-03-10 06:00:00
877,1,2024-03-10 06:15:00,0.0,0.0,0.0,24.4,24.6,67.6,2024-03-10,1_2024-03-10 06:15:00
878,1,2024-03-10 07:15:00,0.0,0.0,0.0,24.4,24.6,67.6,2024-03-10,1_2024-03-10 07:15:00
879,1,2024-03-10 08:45:00,0.0,0.0,0.0,24.4,24.6,67.6,2024-03-10,1_2024-03-10 08:45:00
880,1,2024-03-10 10:00:00,0.0,0.0,0.0,24.4,24.6,67.6,2024-03-10,1_2024-03-10 10:00:00
881,1,2024-03-10 11:30:00,0.0,0.0,0.0,24.4,24.6,67.6,2024-03-10,1_2024-03-10 11:30:00
882,1,2024-03-10 12:00:00,0.0,0.0,0.0,24.4,24.6,67.6,2024-03-10,1_2024-03-10 12:00:00
883,1,2024-03-10 01:45:00,0.0,0.0,24.4,24.4,25.6,67.6,2024-03-10,1_2024-03-10 01:45:00
884,1,2024-03-10 02:30:00,0.0,0.0,11.2,24.4,24.8,67.6,2024-03-10,1_2024-03-10 02:30:00
885,1,2024-03-10 02:45:00,0.0,0.0,4.0,24.4,24.8,67.6,2024-03-10,1_2024-03-10 02:45:00
886,1,2024-03-11 04:00:00,,0.0,0.0,0.4,24.8,68.0,2024-03-11,1_2024-03-11 04:00:00
887,1,2024-03-11 03:00:00,0.0,0.0,0.0,0.4,24.8,68.0,2024-03-11,1_2024-03-11 03:00:00
888,1,2024-03-11 02:45:00,0.0,0.0,0.0,0.4,24.8,68.0,2024-03-11,1_2024-03-11 02:45:00
889,1,2024-03-11 03:15:00,0.0,0.0,0.0,0.4,24.8,68.0,2024-03-11,1_2024-03-11 03:15:00
890,1,2024-03-11 03:30:00,0.0,0.0,0.0,0.4,24.8,68.0,2024-03-11,1_2024-03-11 03:30:00
891,1,2024-03-11 03:45:00,0.0,0.0,0.0,0.4,24.8,68.0,2024-03-11,1_2024-03-11 03:45:00
892,1,2024-03-11 01:00:00,0.0,0.0,0.4,0.4,24.8,68.0,2024-03-11,1_2024-03-11 01:00:00
893,1,2024-03-11 01:30:00,0.0,0.0,0.4,0.4,24.8,68.0,2024-03-11,1_2024-03-11 01:30:00
894,1,2024-03-11 00:00:00,0.0,0.0,0.4,0.4,24.8,68.0,2024-03-11,1_2024-03-11 00:00:00
895,1,2024-03-11 00:45:00,0.0,0.0,0.4,0.4,24.8,68.0,2024-03-11,1_2024-03-11 00:45:00
896,1,2024-03-11 00:15:00,0.0,0.0,0.4,0.4,24.8,68.0,2024-03-11,1_2024-03-11 00:15:00
897,1,2024-03-11 00:30:00,0.0,0.0,0.4,0.4,24.8,68.0,2024-03-11,1_2024-03-11 00:30:00
898,1,2024-03-11 01:15:00,0.0,0.0,0.4,0.4,24.8,68.0,2024-03-11,1_2024-03-11 01:15:00
899,1,2024-03-11 01:45:00,0.0,0.0,0.4,0.4,24.8,68.0,2024-03-11,1_2024-03-11 01:45:00
900,1,2024-03-11 02:00:00,0.0,0.0,0.4,0.4,24.8,68.0,2024-03-11,1_2024-03-11 02:00:00
901,1,2024-03-11 02:15:00,0.0,0.0,0.4,0.4,24.8,68.0,2024-03-11,1_2024-03-11 02:15:00
902,1,2024-03-11 02:30:00,0.0,0.0,0.4,0.4,24.8,68.0,2024-03-11,1_2024-03-11 02:30:00
903,1,2024-03-11 08:30:00,,0.0,0.0,0.6,25.0,68.2,2024-03-11,1_2024-03-11 08:30:00
904,1,2024-03-11 10:00:00,,0.0,0.0,0.6,25.0,68.2,2024-03-11,1_2024-03-11 10:00:00
905,1,2024-03-11 11:00:00,,0.0,0.0,0.6,25.0,68.2,2024-03-11,1_2024-03-11 11:00:00
906,1,2024-03-11 11:45:00,,0.0,0.0,0.6,25.0,68.2,2024-03-11,1_2024-03-11 11:45:00
907,1,2024-03-11 14:15:00,,0.0,0.0,0.6,25.0,68.2,2024-03-11,1_2024-03-11 14:15:00
908,1,2024-03-11 16:15:00,,0.0,0.0,0.6,25.0,68.2,2024-03-11,1_2024-03-11 16:15:00
909,1,2024-03-11 18:45:00,,0.0,0.0,0.6,25.0,68.2,2024-03-11,1_2024-03-11 18:45:00
910,1,2024-03-11 10:15:00,,0.0,0.0,0.6,25.0,68.2,2024-03-11,1_2024-03-11 10:15:00
911,1,2024-03-11 17:45:00,,0.0,0.0,0.6,25.0,68.2,2024-03-11,1_2024-03-11 17:45:00
912,1,2024-03-11 12:45:00,,0.0,0.0,0.6,25.0,68.2,2024-03-11,1_2024-03-11 12:45:00
913,1,2024-03-11 16:45:00,,0.0,0.0,0.6,25.0,68.2,2024-03-11,1_2024-03-11 16:45:00
914,1,2024-03-11 19:00:00,,0.0,0.0,0.6,25.0,68.2,2024-03-11,1_2024-03-11 19:00:00
915,1,2024-03-11 20:45:00,,0.0,0.0,0.6,25.0,68.2,2024-03-11,1_2024-03-11 20:45:00
916,1,2024-03-11 21:45:00,,0.0,0.0,0.6,25.0,68.2,2024-03-11,1_2024-03-11 21:45:00
917,1,2024-03-11 05:15:00,,0.0,0.2,0.6,25.0,68.2,2024-03-11,1_2024-03-11 05:15:00
918,1,2024-03-11 07:15:00,,0.0,0.2,0.6,25.0,68.2,2024-03-11,1_2024-03-11 07:15:00
919,1,2024-03-11 08:00:00,,0.0,0.2,0.6,25.0,68.2,2024-03-11,1_2024-03-11 08:00:00
920,1,2024-03-11 08:45:00,0.0,0.0,0.0,0.6,25.0,68.2,2024-03-11,1_2024-03-11 08:45:00
921,1,2024-03-11 09:00:00,0.0,0.0,0.0,0.6,25.0,68.2,2024-03-11,1_2024-03-11 09:00:00
922,1,2024-03-11 09:30:00,0.0,0.0,0.0,0.6,25.0,68.2,2024-03-11,1_2024-03-11 09:30:00
923,1,2024-03-11 09:45:00,0.0,0.0,0.0,0.6,25.0,68.2,2024-03-11,1_2024-03-11 09:45:00
924,1,2024-03-11 11:30:00,0.0,0.0,0.0,0.6,25.0,68.2,2024-03-11,1_2024-03-11 11:30:00
925,1,2024-03-11 12:00:00,0.0,0.0,0.0,0.6,25.0,68.2,2024-03-11,1_2024-03-11 12:00:00
926,1,2024-03-11 12:15:00,0.0,0.0,0.0,0.6,25.0,68.2,2024-03-11,1_2024-03-11 12:15:00
927,1,2024-03-11 13:00:00,0.0,0.0,0.0,0.6,25.0,68.2,2024-03-11,1_2024-03-11 13:00:00
928,1,2024-03-11 15:30:00,0.0,0.0,0.0,0.6,25.0,68.2,2024-03-11,1_2024-03-11 15:30:00
929,1,2024-03-11 16:00:00,0.0,0.0,0.0,0.6,25.0,68.2,2024-03-11,1_2024-03-11 16:00:00
930,1,2024-03-11 17:00:00,0.0,0.0,0.0,0.6,25.0,68.2,2024-03-11,1_2024-03-11 17:00:00
931,1,2024-03-11 17:30:00,0.0,0.0,0.0,0.6,25.0,68.2,2024-03-11,1_2024-03-11 17:30:00
932,1,2024-03-11 18:00:00,0.0,0.0,0.0,0.6,25.0,68.2,2024-03-11,1_2024-03-11 18:00:00
933,1,2024-03-11 18:15:00,0.0,0.0,0.0,0.6,25.0,68.2,2024-03-11,1_2024-03-11 18:15:00
934,1,2024-03-11 18:30:00,0.0,0.0,0.0,0.6,25.0,68.2,2024-03-11,1_2024-03-11 18:30:00
935,1,2024-03-11 20:00:00,0.0,0.0,0.0,0.6,25.0,68.2,2024-03-11,1_2024-03-11 20:00:00
936,1,2024-03-11 20:15:00,0.0,0.0,0.0,0.6,25.0,68.2,2024-03-11,1_2024-03-11 20:15:00
937,1,2024-03-11 20:30:00,0.0,0.0,0.0,0.6,25.0,68.2,2024-03-11,1_2024-03-11 20:30:00
938,1,2024-03-11 21:30:00,0.0,0.0,0.0,0.6,25.0,68.2,2024-03-11,1_2024-03-11 21:30:00
939,1,2024-03-11 22:15:00,0.0,0.0,0.0,0.6,25.0,68.2,2024-03-11,1_2024-03-11 22:15:00
940,1,2024-03-11 22:30:00,0.0,0.0,0.0,0.6,25.0,68.2,2024-03-11,1_2024-03-11 22:30:00
941,1,2024-03-11 08:15:00,0.0,0.0,0.0,0.6,25.0,68.2,2024-03-11,1_2024-03-11 08:15:00
942,1,2024-03-11 10:30:00,0.0,0.0,0.0,0.6,25.0,68.2,2024-03-11,1_2024-03-11 10:30:00
943,1,2024-03-11 10:45:00,0.0,0.0,0.0,0.6,25.0,68.2,2024-03-11,1_2024-03-11 10:45:00
944,1,2024-03-11 13:15:00,0.0,0.0,0.0,0.6,25.0,68.2,2024-03-11,1_2024-03-11 13:15:00
945,1,2024-03-11 13:30:00,0.0,0.0,0.0,0.6,25.0,68.2,2024-03-11,1_2024-03-11 13:30:00
946,1,2024-03-11 14:00:00,0.0,0.0,0.0,0.6,25.0,68.2,2024-03-11,1_2024-03-11 14:00:00
947,1,2024-03-11 14:30:00,0.0,0.0,0.0,0.6,25.0,68.2,2024-03-11,1_2024-03-11 14:30:00
948,1,2024-03-11 16:30:00,0.0,0.0,0.0,0.6,25.0,68.2,2024-03-11,1_2024-03-11 16:30:00
949,1,2024-03-11 17:15:00,0.0,0.0,0.0,0.6,25.0,68.2,2024-03-11,1_2024-03-11 17:15:00
950,1,2024-03-11 19:15:00,0.0,0.0,0.0,0.6,25.0,68.2,2024-03-11,1_2024-03-11 19:15:00
951,1,2024-03-11 21:00:00,0.0,0.0,0.0,0.6,25.0,68.2,2024-03-11,1_2024-03-11 21:00:00
952,1,2024-03-11 22:00:00,0.0,0.0,0.0,0.6,25.0,68.2,2024-03-11,1_2024-03-11 22:00:00
953,1,2024-03-11 09:15:00,0.0,0.0,0.0,0.6,25.0,68.2,2024-03-11,1_2024-03-11 09:15:00
954,1,2024-03-11 11:15:00,0.0,0.0,0.0,0.6,25.0,68.2,2024-03-11,1_2024-03-11 11:15:00
955,1,2024-03-11 12:30:00,0.0,0.0,0.0,0.6,25.0,68.2,2024-03-11,1_2024-03-11 12:30:00
956,1,2024-03-11 13:45:00,0.0,0.0,0.0,0.6,25.0,68.2,2024-03-11,1_2024-03-11 13:45:00
957,1,2024-03-11 14:45:00,0.0,0.0,0.0,0.6,25.0,68.2,2024-03-11,1_2024-03-11 14:45:00
958,1,2024-03-11 15:00:00,0.0,0.0,0.0,0.6,25.0,68.2,2024-03-11,1_2024-03-11 15:00:00
959,1,2024-03-11 15:15:00,0.0,0.0,0.0,0.6,25.0,68.2,2024-03-11,1_2024-03-11 15:15:00
960,1,2024-03-11 15:45:00,0.0,0.0,0.0,0.6,25.0,68.2,2024-03-11,1_2024-03-11 15:45:00
961,1,2024-03-11 19:30:00,0.0,0.0,0.0,0.6,25.0,68.2,2024-03-11,1_2024-03-11 19:30:00
962,1,2024-03-11 19:45:00,0.0,0.0,0.0,0.6,25.0,68.2,2024-03-11,1_2024-03-11 19:45:00
963,1,2024-03-11 21:15:00,0.0,0.0,0.0,0.6,25.0,68.2,2024-03-11,1_2024-03-11 21:15:00
964,1,2024-03-11 05:45:00,0.0,0.0,0.2,0.6,25.0,68.2,2024-03-11,1_2024-03-11 05:45:00
965,1,2024-03-11 06:15:00,0.0,0.0,0.2,0.6,25.0,68.2,2024-03-11,1_2024-03-11 06:15:00
966,1,2024-03-11 06:45:00,0.0,0.0,0.2,0.6,25.0,68.2,2024-03-11,1_2024-03-11 06:45:00
967,1,2024-03-11 07:45:00,0.0,0.0,0.2,0.6,25.0,68.2,2024-03-11,1_2024-03-11 07:45:00
968,1,2024-03-11 04:45:00,0.0,0.2,0.2,0.6,25.0,68.2,2024-03-11,1_2024-03-11 04:45:00
969,1,2024-03-11 05:00:00,0.0,0.2,0.2,0.6,25.0,68.2,2024-03-11,1_2024-03-11 05:00:00
970,1,2024-03-11 06:00:00,0.0,0.0,0.2,0.6,25.0,68.2,2024-03-11,1_2024-03-11 06:00:00
971,1,2024-03-11 04:30:00,0.0,0.2,0.2,0.6,25.0,68.2,2024-03-11,1_2024-03-11 04:30:00
972,1,2024-03-11 05:30:00,0.0,0.0,0.2,0.6,25.0,68.2,2024-03-11,1_2024-03-11 05:30:00
973,1,2024-03-11 06:30:00,0.0,0.0,0.2,0.6,25.0,68.2,2024-03-11,1_2024-03-11 06:30:00
974,1,2024-03-11 07:00:00,0.0,0.0,0.2,0.6,25.0,68.2,2024-03-11,1_2024-03-11 07:00:00
975,1,2024-03-11 07:30:00,0.0,0.0,0.2,0.6,25.0,68.2,2024-03-11,1_2024-03-11 07:30:00
976,1,2024-03-11 22:45:00,0.0,0.0,0.0,0.2,25.0,68.2,2024-03-11,1_2024-03-11 22:45:00
977,1,2024-03-11 23:45:00,0.0,0.0,0.0,0.2,25.0,68.2,2024-03-11,1_2024-03-11 23:45:00
978,1,2024-03-11 23:15:00,0.0,0.0,0.0,0.2,25.0,68.2,2024-03-11,1_2024-03-11 23:15:00
979,1,2024-03-11 23:30:00,0.0,0.0,0.0,0.2,25.0,68.2,2024-03-11,1_2024-03-11 23:30:00
980,1,2024-03-11 23:00:00,0.0,0.0,0.0,0.2,25.0,68.2,2024-03-11,1_2024-03-11 23:00:00
981,1,2024-03-11 04:15:00,0.2,0.2,0.2,0.6,25.0,68.2,2024-03-11,1_2024-03-11 04:15:00
982,1,2024-03-12 07:00:00,,0.0,0.0,0.0,25.0,68.2,2024-03-12,1_2024-03-12 07:00:00
983,1,2024-03-12 07:15:00,,0.0,0.0,0.0,25.0,68.2,2024-03-12,1_2024-03-12 07:15:00
984,1,2024-03-12 09:15:00,,0.0,0.0,0.0,25.0,68.2,2024-03-12,1_2024-03-12 09:15:00
985,1,2024-03-12 10:30:00,,0.0,0.0,0.0,25.0,68.2,2024-03-12,1_2024-03-12 10:30:00
986,1,2024-03-12 11:00:00,,0.0,0.0,0.0,25.0,68.2,2024-03-12,1_2024-03-12 11:00:00
987,1,2024-03-12 14:00:00,,0.0,0.0,0.0,25.0,68.2,2024-03-12,1_2024-03-12 14:00:00
988,1,2024-03-12 15:45:00,,0.0,0.0,0.0,25.0,68.2,2024-03-12,1_2024-03-12 15:45:00
989,1,2024-03-12 16:45:00,,0.0,0.0,0.0,25.0,68.2,2024-03-12,1_2024-03-12 16:45:00
990,1,2024-03-12 18:00:00,,0.0,0.0,0.0,25.0,68.2,2024-03-12,1_2024-03-12 18:00:00
991,1,2024-03-12 21:45:00,,0.0,0.0,0.0,25.0,68.2,2024-03-12,1_2024-03-12 21:45:00
992,1,2024-03-12 22:15:00,,0.0,0.0,0.0,25.0,68.2,2024-03-12,1_2024-03-12 22:15:00
993,1,2024-03-12 23:00:00,,0.0,0.0,0.0,25.0,68.2,2024-03-12,1_2024-03-12 23:00:00
994,1,2024-03-12 04:15:00,,0.0,0.0,0.0,25.0,68.2,2024-03-12,1_2024-03-12 04:15:00
995,1,2024-03-12 10:15:00,,0.0,0.0,0.0,25.0,68.2,2024-03-12,1_2024-03-12 10:15:00
996,1,2024-03-12 11:45:00,,0.0,0.0,0.0,25.0,68.2,2024-03-12,1_2024-03-12 11:45:00
997,1,2024-03-12 12:30:00,,0.0,0.0,0.0,25.0,68.2,2024-03-12,1_2024-03-12 12:30:00
998,1,2024-03-12 15:15:00,,0.0,0.0,0.0,25.0,68.2,2024-03-12,1_2024-03-12 15:15:00
999,1,2024-03-12 17:00:00,,0.0,0.0,0.0,25.0,68.2,2024-03-12,1_2024-03-12 17:00:00
