,primary_key,id_estacao,acumulado_chuva_15_min,acumulado_chuva_1_h,acumulado_chuva_4_h,acumulado_chuva_24_h,acumulado_chuva_96_h,horario,data_particao
0,44_2011-04-12 17:45:00,44,0.0,,,,,17:45:00,2011-04-12
1,44_2011-04-12 17:30:00,44,,,,,,17:30:00,2011-04-12
2,48_2012-03-01 14:00:00,48,0.0,,,,,14:00:00,2012-03-01
3,6_2012-03-01 14:00:00,6,0.0,,,,,14:00:00,2012-03-01
4,8_2012-03-01 14:30:00,8,0.0,,,,,14:30:00,2012-03-01
5,6_2012-03-01 23:00:00,6,0.0,,,,,23:00:00,2012-03-01
6,6_2012-03-01 02:45:00,6,0.0,,,,,02:45:00,2012-03-01
7,5_2012-03-01 04:30:00,5,,,,,,04:30:00,2012-03-01
8,6_2012-03-01 19:15:00,6,0.0,,,,,19:15:00,2012-03-01
9,6_2012-03-01 09:30:00,6,0.0,,,,,09:30:00,2012-03-01
10,6_2012-03-01 10:30:00,6,0.0,,,,,10:30:00,2012-03-01
11,6_2012-03-01 12:45:00,6,0.0,,,,,12:45:00,2012-03-01
12,6_2012-03-01 13:15:00,6,0.0,,,,,13:15:00,2012-03-01
13,6_2012-03-01 11:00:00,6,0.0,,,,,11:00:00,2012-03-01
14,48_2012-03-01 09:45:00,48,0.0,,,,,09:45:00,2012-03-01
15,6_2012-03-01 18:30:00,6,,,,,,18:30:00,2012-03-01
16,6_2012-03-01 06:15:00,6,,,,,,06:15:00,2012-03-01
17,6_2012-03-01 05:30:00,6,0.0,,,,,05:30:00,2012-03-01
18,6_2012-03-01 15:45:00,6,0.0,,,,,15:45:00,2012-03-01
19,6_2012-03-01 22:00:00,6,0.0,,,,,22:00:00,2012-03-01
20,6_2012-03-01 22:30:00,6,0.0,,,,,22:30:00,2012-03-01
21,6_2012-03-01 13:30:00,6,0.0,,,,,13:30:00,2012-03-01
22,6_2012-03-01 20:30:00,6,0.0,,,,,20:30:00,2012-03-01
23,6_2012-03-01 05:15:00,6,0.0,,,,,05:15:00,2012-03-01
24,6_2012-03-01 00:30:00,6,0.0,,,,,00:30:00,2012-03-01
25,48_2012-03-01 15:45:00,48,0.0,,,,,15:45:00,2012-03-01
26,6_2012-03-01 13:00:00,6,0.0,,,,,13:00:00,2012-03-01
27,6_2012-03-01 13:45:00,6,0.0,,,,,13:45:00,2012-03-01
28,6_2012-03-01 19:30:00,6,0.0,,,,,19:30:00,2012-03-01
29,48_2012-03-01 13:45:00,48,0.0,,,,,13:45:00,2012-03-01
30,8_2012-03-01 13:30:00,8,0.0,,,,,13:30:00,2012-03-01
31,6_2012-03-01 20:15:00,6,0.0,,,,,20:15:00,2012-03-01
32,6_2012-03-01 01:15:00,6,0.0,,,,,01:15:00,2012-03-01
33,6_2012-03-01 20:00:00,6,0.0,,,,,20:00:00,2012-03-01
34,8_2012-03-01 14:00:00,8,0.0,,,,,14:00:00,2012-03-01
35,6_2012-03-01 18:00:00,6,0.0,,,,,18:00:00,2012-03-01
36,48_2012-03-01 14:30:00,48,0.0,,,,,14:30:00,2012-03-01
37,6_2012-03-01 03:30:00,6,0.0,,,,,03:30:00,2012-03-01
38,6_2012-03-01 00:15:00,6,0.0,,,,,00:15:00,2012-03-01
39,5_2012-03-01 03:30:00,5,0.0,,,,,03:30:00,2012-03-01
40,6_2012-03-01 18:15:00,6,0.0,,,,,18:15:00,2012-03-01
41,6_2012-03-01 09:45:00,6,0.0,,,,,09:45:00,2012-03-01
42,6_2012-03-01 04:00:00,6,0.0,,,,,04:00:00,2012-03-01
43,5_2012-03-01 05:45:00,5,0.0,,,,,05:45:00,2012-03-01
44,6_2012-03-01 02:30:00,6,0.0,,,,,02:30:00,2012-03-01
45,6_2012-03-01 16:00:00,6,0.0,,,,,16:00:00,2012-03-01
46,5_2012-03-01 04:45:00,5,0.0,,,,,04:45:00,2012-03-01
47,6_2012-03-01 11:30:00,6,0.0,,,,,11:30:00,2012-03-01
48,48_2012-03-01 15:30:00,48,0.0,,,,,15:30:00,2012-03-01
49,6_2012-03-01 05:45:00,6,0.0,,,,,05:45:00,2012-03-01
50,6_2012-03-01 09:00:00,6,0.0,,,,,09:00:00,2012-03-01
51,6_2012-03-01 17:45:00,6,0.0,,,,,17:45:00,2012-03-01
52,6_2012-03-01 08:30:00,6,0.0,,,,,08:30:00,2012-03-01
53,6_2012-03-01 23:30:00,6,0.0,,,,,23:30:00,2012-03-01
54,6_2012-03-01 02:15:00,6,0.0,,,,,02:15:00,2012-03-01
55,6_2012-03-01 19:45:00,6,0.0,,,,,19:45:00,2012-03-01
56,6_2012-03-01 08:45:00,6,0.0,,,,,08:45:00,2012-03-01
57,6_2012-03-01 09:15:00,6,0.0,,,,,09:15:00,2012-03-01
58,6_2012-03-01 23:15:00,6,0.0,,,,,23:15:00,2012-03-01
59,6_2012-03-01 10:15:00,6,,,,,,10:15:00,2012-03-01
60,8_2012-03-01 13:15:00,8,0.0,,,,,13:15:00,2012-03-01
61,6_2012-03-01 02:00:00,6,,,,,,02:00:00,2012-03-01
62,6_2012-03-01 14:30:00,6,,,,,,14:30:00,2012-03-01
63,48_2012-03-01 16:00:00,48,0.0,,,,,16:00:00,2012-03-01
64,6_2012-03-01 11:45:00,6,0.0,,,,,11:45:00,2012-03-01
65,6_2012-03-01 05:00:00,6,0.0,,,,,05:00:00,2012-03-01
66,6_2012-03-01 03:15:00,6,0.0,,,,,03:15:00,2012-03-01
67,5_2012-03-01 06:00:00,5,0.0,,,,,06:00:00,2012-03-01
68,48_2012-03-01 14:15:00,48,0.0,,,,,14:15:00,2012-03-01
69,6_2012-03-01 04:45:00,6,0.0,,,,,04:45:00,2012-03-01
70,5_2012-03-01 06:15:00,5,0.0,,,,,06:15:00,2012-03-01
71,5_2012-03-01 07:00:00,5,0.0,,,,,07:00:00,2012-03-01
72,48_2012-03-01 14:45:00,48,0.0,,,,,14:45:00,2012-03-01
73,6_2012-03-01 23:45:00,6,0.0,,,,,23:45:00,2012-03-01
74,6_2012-03-01 06:00:00,6,0.0,,,,,06:00:00,2012-03-01
75,6_2012-03-01 15:00:00,6,0.0,,,,,15:00:00,2012-03-01
76,6_2012-03-01 21:15:00,6,0.0,,,,,21:15:00,2012-03-01
77,5_2012-03-01 06:30:00,5,0.0,,,,,06:30:00,2012-03-01
78,6_2012-03-01 10:00:00,6,0.0,,,,,10:00:00,2012-03-01
79,6_2012-03-01 10:45:00,6,0.0,,,,,10:45:00,2012-03-01
80,6_2012-03-01 08:15:00,6,0.0,,,,,08:15:00,2012-03-01
81,6_2012-03-01 00:00:00,6,0.0,,,,,00:00:00,2012-03-01
82,5_2012-03-01 03:45:00,5,0.0,,,,,03:45:00,2012-03-01
83,5_2012-03-01 04:00:00,5,0.0,,,,,04:00:00,2012-03-01
84,6_2012-03-01 21:00:00,6,0.0,,,,,21:00:00,2012-03-01
85,8_2012-03-01 13:00:00,8,0.0,,,,,13:00:00,2012-03-01
86,6_2012-03-01 22:15:00,6,0.0,,,,,22:15:00,2012-03-01
87,6_2012-03-01 22:45:00,6,,,,,,22:45:00,2012-03-01
88,6_2012-03-01 21:45:00,6,0.0,,,,,21:45:00,2012-03-01
89,6_2012-03-01 03:45:00,6,0.0,,,,,03:45:00,2012-03-01
90,8_2012-03-01 14:15:00,8,0.0,,,,,14:15:00,2012-03-01
91,6_2012-03-01 15:30:00,6,0.0,,,,,15:30:00,2012-03-01
92,6_2012-03-01 11:15:00,6,0.0,,,,,11:15:00,2012-03-01
93,6_2012-03-01 18:45:00,6,0.0,,,,,18:45:00,2012-03-01
94,6_2012-03-01 01:00:00,6,0.0,,,,,01:00:00,2012-03-01
95,6_2012-03-01 16:30:00,6,0.0,,,,,16:30:00,2012-03-01
96,5_2012-03-01 05:15:00,5,0.0,,,,,05:15:00,2012-03-01
97,6_2012-03-01 06:45:00,6,0.0,,,,,06:45:00,2012-03-01
98,6_2012-03-01 06:30:00,6,0.0,,,,,06:30:00,2012-03-01
99,6_2012-03-01 16:15:00,6,0.0,,,,,16:15:00,2012-03-01
100,8_2012-03-01 13:45:00,8,0.0,,,,,13:45:00,2012-03-01
101,5_2012-03-01 03:00:00,5,0.0,,,,,03:00:00,2012-03-01
102,6_2012-03-01 12:30:00,6,0.0,,,,,12:30:00,2012-03-01
103,6_2012-03-01 07:30:00,6,0.0,,,,,07:30:00,2012-03-01
104,8_2012-03-01 14:45:00,8,0.0,,,,,14:45:00,2012-03-01
105,5_2012-03-01 05:30:00,5,0.0,,,,,05:30:00,2012-03-01
106,6_2012-03-01 20:45:00,6,0.0,,,,,20:45:00,2012-03-01
107,48_2012-03-01 13:30:00,48,0.0,,,,,13:30:00,2012-03-01
108,6_2012-03-01 14:15:00,6,0.0,,,,,14:15:00,2012-03-01
109,48_2012-03-01 15:15:00,48,0.0,,,,,15:15:00,2012-03-01
110,6_2012-03-01 07:45:00,6,0.0,,,,,07:45:00,2012-03-01
111,5_2012-03-01 03:15:00,5,0.0,,,,,03:15:00,2012-03-01
112,6_2012-03-01 04:15:00,6,0.0,,,,,04:15:00,2012-03-01
113,6_2012-03-01 16:45:00,6,0.0,,,,,16:45:00,2012-03-01
114,6_2012-03-01 03:00:00,6,0.0,,,,,03:00:00,2012-03-01
115,6_2012-03-01 04:30:00,6,0.0,,,,,04:30:00,2012-03-01
116,6_2012-03-01 07:00:00,6,0.0,,,,,07:00:00,2012-03-01
117,6_2012-03-01 12:15:00,6,0.0,,,,,12:15:00,2012-03-01
118,6_2012-03-01 12:00:00,6,0.0,,,,,12:00:00,2012-03-01
119,6_2012-03-01 01:30:00,6,0.0,,,,,01:30:00,2012-03-01
120,6_2012-03-01 07:15:00,6,0.0,,,,,07:15:00,2012-03-01
121,6_2012-03-01 17:15:00,6,0.0,,,,,17:15:00,2012-03-01
122,5_2012-03-01 04:15:00,5,0.0,,,,,04:15:00,2012-03-01
123,6_2012-03-01 08:00:00,6,0.0,,,,,08:00:00,2012-03-01
124,6_2012-03-01 01:45:00,6,0.0,,,,,01:45:00,2012-03-01
125,6_2012-03-01 21:30:00,6,0.0,,,,,21:30:00,2012-03-01
126,6_2012-03-01 00:45:00,6,0.0,,,,,00:45:00,2012-03-01
127,6_2012-03-01 19:00:00,6,0.0,,,,,19:00:00,2012-03-01
128,6_2012-03-01 14:45:00,6,0.0,,,,,14:45:00,2012-03-01
129,6_2012-03-01 17:30:00,6,0.0,,,,,17:30:00,2012-03-01
130,5_2012-03-01 06:45:00,5,0.0,,,,,06:45:00,2012-03-01
131,6_2012-03-01 15:15:00,6,0.0,,,,,15:15:00,2012-03-01
132,6_2012-03-01 17:00:00,6,0.0,,,,,17:00:00,2012-03-01
133,8_2012-03-01 15:00:00,8,0.0,,,,,15:00:00,2012-03-01
134,48_2012-03-01 15:00:00,48,0.0,,,,,15:00:00,2012-03-01
135,5_2012-03-01 05:00:00,5,0.0,,,,,05:00:00,2012-03-01
136,76_2012-03-01 13:45:00,76,0.0,0.0,0.0,0.0,0.0,13:45:00,2012-03-01
137,35_2012-03-01 11:00:00,35,0.0,0.0,0.0,0.0,0.0,11:00:00,2012-03-01
138,36_2012-03-01 04:15:00,36,0.0,0.0,0.0,0.0,0.0,04:15:00,2012-03-01
139,70_2012-03-01 03:45:00,70,0.0,0.0,0.0,0.0,0.0,03:45:00,2012-03-01
140,29_2012-03-01 12:45:00,29,0.0,0.0,0.0,0.0,0.0,12:45:00,2012-03-01
141,47_2012-03-01 07:30:00,47,0.0,0.0,0.0,0.0,0.0,07:30:00,2012-03-01
142,29_2012-03-01 08:15:00,29,0.0,0.0,0.0,0.0,0.0,08:15:00,2012-03-01
143,4_2012-03-01 16:15:00,4,0.0,0.0,0.0,0.0,0.0,16:15:00,2012-03-01
144,44_2012-03-01 15:15:00,44,0.0,0.0,0.0,0.0,0.0,15:15:00,2012-03-01
145,48_2012-03-01 02:15:00,48,0.0,0.0,0.0,0.0,0.0,02:15:00,2012-03-01
146,8_2012-03-01 01:15:00,8,0.0,0.0,0.0,0.0,0.0,01:15:00,2012-03-01
147,35_2012-03-01 03:15:00,35,0.0,0.0,0.0,0.0,0.0,03:15:00,2012-03-01
148,36_2012-03-01 10:00:00,36,0.0,0.0,0.0,0.0,0.0,10:00:00,2012-03-01
149,4_2012-03-01 16:45:00,4,0.0,0.0,0.0,0.0,0.0,16:45:00,2012-03-01
150,36_2012-03-01 21:30:00,36,0.0,0.0,0.0,0.0,0.0,21:30:00,2012-03-01
151,70_2012-03-01 18:30:00,70,0.0,0.0,0.0,0.0,0.0,18:30:00,2012-03-01
152,48_2012-03-01 09:15:00,48,0.0,0.0,0.0,0.0,0.0,09:15:00,2012-03-01
153,30_2012-03-01 17:45:00,30,0.0,0.0,0.0,0.0,0.0,17:45:00,2012-03-01
154,50_2012-03-01 11:30:00,50,0.0,0.0,0.0,0.0,0.0,11:30:00,2012-03-01
155,1_2012-03-01 01:00:00,1,0.0,0.0,0.0,0.0,0.0,01:00:00,2012-03-01
156,76_2012-03-01 03:00:00,76,0.0,0.0,0.0,0.0,0.0,03:00:00,2012-03-01
157,36_2012-03-01 11:30:00,36,0.0,0.0,0.0,0.0,0.0,11:30:00,2012-03-01
158,1_2012-03-01 13:00:00,1,0.0,0.0,0.0,0.0,0.0,13:00:00,2012-03-01
159,48_2012-03-01 02:45:00,48,0.0,0.0,0.0,0.0,0.0,02:45:00,2012-03-01
160,29_2012-03-01 17:30:00,29,0.0,0.0,0.0,0.0,0.0,17:30:00,2012-03-01
161,35_2012-03-01 00:00:00,35,0.0,0.0,0.0,0.0,0.0,00:00:00,2012-03-01
162,1_2012-03-01 09:15:00,1,0.0,0.0,0.0,0.0,0.0,09:15:00,2012-03-01
163,70_2012-03-01 17:15:00,70,0.0,0.0,0.0,0.0,0.0,17:15:00,2012-03-01
164,44_2012-03-01 17:15:00,44,0.0,0.0,0.0,0.0,0.0,17:15:00,2012-03-01
165,44_2012-03-01 05:45:00,44,0.0,0.0,0.0,0.0,0.0,05:45:00,2012-03-01
166,4_2012-03-01 05:30:00,4,0.0,0.0,0.0,0.0,0.0,05:30:00,2012-03-01
167,29_2012-03-01 03:45:00,29,0.0,0.0,0.0,0.0,0.0,03:45:00,2012-03-01
168,69_2012-03-01 07:30:00,69,0.0,0.0,0.0,0.0,0.0,07:30:00,2012-03-01
169,47_2012-03-01 13:30:00,47,0.0,0.0,0.0,0.0,0.0,13:30:00,2012-03-01
170,1_2012-03-01 13:15:00,1,0.0,0.0,0.0,0.0,0.0,13:15:00,2012-03-01
171,29_2012-03-01 08:30:00,29,0.0,0.0,0.0,0.0,0.0,08:30:00,2012-03-01
172,30_2012-03-01 06:30:00,30,0.0,0.0,0.0,0.0,0.0,06:30:00,2012-03-01
173,30_2012-03-01 21:30:00,30,0.0,0.0,0.0,0.0,0.0,21:30:00,2012-03-01
174,35_2012-03-01 15:45:00,35,0.0,0.0,0.0,0.0,0.0,15:45:00,2012-03-01
175,50_2012-03-01 02:30:00,50,0.0,0.0,0.0,0.0,0.0,02:30:00,2012-03-01
176,69_2012-03-01 04:30:00,69,0.0,0.0,0.0,0.0,0.0,04:30:00,2012-03-01
177,69_2012-03-01 09:45:00,69,0.0,0.0,0.0,0.0,0.0,09:45:00,2012-03-01
178,5_2012-03-01 02:15:00,5,0.0,0.0,0.0,0.0,0.0,02:15:00,2012-03-01
179,70_2012-03-01 09:00:00,70,0.0,0.0,0.0,0.0,0.0,09:00:00,2012-03-01
180,5_2012-03-01 17:15:00,5,0.0,0.0,0.0,0.0,0.0,17:15:00,2012-03-01
181,5_2012-03-01 20:30:00,5,0.0,0.0,0.0,0.0,0.0,20:30:00,2012-03-01
182,29_2012-03-01 18:30:00,29,0.0,0.0,0.0,0.0,0.0,18:30:00,2012-03-01
183,69_2012-03-01 21:15:00,69,0.0,0.0,0.0,0.0,0.0,21:15:00,2012-03-01
184,1_2012-03-01 01:30:00,1,0.0,0.0,0.0,0.0,0.0,01:30:00,2012-03-01
185,76_2012-03-01 19:15:00,76,0.0,0.0,0.0,0.0,0.0,19:15:00,2012-03-01
186,4_2012-03-01 15:00:00,4,0.0,0.0,0.0,0.0,0.0,15:00:00,2012-03-01
187,8_2012-03-01 11:15:00,8,0.0,0.0,0.0,0.0,0.0,11:15:00,2012-03-01
188,29_2012-03-01 13:15:00,29,0.0,0.0,0.0,0.0,0.0,13:15:00,2012-03-01
189,36_2012-03-01 14:15:00,36,0.0,0.0,0.0,0.0,0.0,14:15:00,2012-03-01
190,29_2012-03-01 20:00:00,29,0.0,0.0,0.0,0.0,0.0,20:00:00,2012-03-01
191,4_2012-03-01 04:30:00,4,0.0,0.0,0.0,0.0,0.0,04:30:00,2012-03-01
192,30_2012-03-01 19:00:00,30,0.0,0.0,0.0,0.0,0.0,19:00:00,2012-03-01
193,70_2012-03-01 16:45:00,70,0.0,0.0,0.0,0.0,0.0,16:45:00,2012-03-01
194,1_2012-03-01 10:30:00,1,0.0,0.0,0.0,0.0,0.0,10:30:00,2012-03-01
195,8_2012-03-01 00:15:00,8,0.0,0.0,0.0,0.0,0.0,00:15:00,2012-03-01
196,76_2012-03-01 08:30:00,76,0.0,0.0,0.0,0.0,0.0,08:30:00,2012-03-01
197,4_2012-03-01 19:30:00,4,0.0,0.0,0.0,0.0,0.0,19:30:00,2012-03-01
198,4_2012-03-01 20:45:00,4,0.0,0.0,0.0,0.0,0.0,20:45:00,2012-03-01
199,47_2012-03-01 15:15:00,47,0.0,0.0,0.0,0.0,0.0,15:15:00,2012-03-01
200,69_2012-03-01 22:15:00,69,0.0,0.0,0.0,0.0,0.0,22:15:00,2012-03-01
201,44_2012-03-01 00:00:00,44,0.0,0.0,0.0,0.0,0.0,00:00:00,2012-03-01
202,44_2012-03-01 15:30:00,44,0.0,0.0,0.0,0.0,0.0,15:30:00,2012-03-01
203,70_2012-03-01 05:15:00,70,0.0,0.0,0.0,0.0,0.0,05:15:00,2012-03-01
204,1_2012-03-01 08:45:00,1,0.0,0.0,0.0,0.0,0.0,08:45:00,2012-03-01
205,48_2012-03-01 20:45:00,48,0.0,0.0,0.0,0.0,0.0,20:45:00,2012-03-01
206,14_2012-03-01 12:45:00,14,0.0,0.0,0.0,0.0,0.0,12:45:00,2012-03-01
207,8_2012-03-01 17:00:00,8,0.0,0.0,0.0,0.0,0.0,17:00:00,2012-03-01
208,50_2012-03-01 14:15:00,50,0.0,0.0,0.0,0.0,0.0,14:15:00,2012-03-01
209,29_2012-03-01 04:45:00,29,0.0,0.0,0.0,0.0,0.0,04:45:00,2012-03-01
210,8_2012-03-01 15:15:00,8,0.0,0.0,0.0,0.0,0.0,15:15:00,2012-03-01
211,69_2012-03-01 04:45:00,69,0.0,0.0,0.0,0.0,0.0,04:45:00,2012-03-01
212,69_2012-03-01 10:15:00,69,0.0,0.0,0.0,0.0,0.0,10:15:00,2012-03-01
213,8_2012-03-01 08:15:00,8,0.0,0.0,0.0,0.0,0.0,08:15:00,2012-03-01
214,35_2012-03-01 09:00:00,35,0.0,0.0,0.0,0.0,0.0,09:00:00,2012-03-01
215,69_2012-03-01 01:15:00,69,0.0,0.0,0.0,0.0,0.0,01:15:00,2012-03-01
216,30_2012-03-01 12:15:00,30,0.0,0.0,0.0,0.0,0.0,12:15:00,2012-03-01
217,5_2012-03-01 16:45:00,5,0.0,0.0,0.0,0.0,0.0,16:45:00,2012-03-01
218,44_2012-03-01 21:30:00,44,0.0,0.0,0.0,0.0,0.0,21:30:00,2012-03-01
219,44_2012-03-01 03:00:00,44,0.0,0.0,0.0,0.0,0.0,03:00:00,2012-03-01
220,35_2012-03-01 17:00:00,35,0.0,0.0,0.0,0.0,0.0,17:00:00,2012-03-01
221,70_2012-03-01 01:45:00,70,0.0,0.0,0.0,0.0,0.0,01:45:00,2012-03-01
222,35_2012-03-01 17:30:00,35,0.0,0.0,0.0,0.0,0.0,17:30:00,2012-03-01
223,35_2012-03-01 09:45:00,35,0.0,0.0,0.0,0.0,0.0,09:45:00,2012-03-01
224,4_2012-03-01 05:00:00,4,0.0,0.0,0.0,0.0,0.0,05:00:00,2012-03-01
225,29_2012-03-01 10:45:00,29,0.0,0.0,0.0,0.0,0.0,10:45:00,2012-03-01
226,30_2012-03-01 05:00:00,30,0.0,0.0,0.0,0.0,0.0,05:00:00,2012-03-01
227,36_2012-03-01 17:00:00,36,0.0,0.0,0.0,0.0,0.0,17:00:00,2012-03-01
228,1_2012-03-01 23:15:00,1,0.0,0.0,0.0,0.0,0.0,23:15:00,2012-03-01
229,69_2012-03-01 00:45:00,69,0.0,0.0,0.0,0.0,0.0,00:45:00,2012-03-01
230,36_2012-03-01 22:15:00,36,0.0,0.0,0.0,0.0,0.0,22:15:00,2012-03-01
231,30_2012-03-01 00:00:00,30,0.0,0.0,0.0,0.0,0.0,00:00:00,2012-03-01
232,1_2012-03-01 14:45:00,1,0.0,0.0,0.0,0.0,0.0,14:45:00,2012-03-01
233,44_2012-03-01 20:45:00,44,0.0,0.0,0.0,0.0,0.0,20:45:00,2012-03-01
234,50_2012-03-01 12:15:00,50,0.0,0.0,0.0,0.0,0.0,12:15:00,2012-03-01
235,4_2012-03-01 23:30:00,4,0.0,0.0,0.0,0.0,0.0,23:30:00,2012-03-01
236,76_2012-03-01 03:15:00,76,0.0,0.0,0.0,0.0,0.0,03:15:00,2012-03-01
237,44_2012-03-01 18:15:00,44,0.0,0.0,0.0,0.0,0.0,18:15:00,2012-03-01
238,8_2012-03-01 20:15:00,8,0.0,0.0,0.0,0.0,0.0,20:15:00,2012-03-01
239,36_2012-03-01 13:15:00,36,0.0,0.0,0.0,0.0,0.0,13:15:00,2012-03-01
240,36_2012-03-01 04:00:00,36,0.0,0.0,0.0,0.0,0.0,04:00:00,2012-03-01
241,29_2012-03-01 10:15:00,29,0.0,0.0,0.0,0.0,0.0,10:15:00,2012-03-01
242,29_2012-03-01 00:30:00,29,0.0,0.0,0.0,0.0,0.0,00:30:00,2012-03-01
243,69_2012-03-01 07:15:00,69,0.0,0.0,0.0,0.0,0.0,07:15:00,2012-03-01
244,30_2012-03-01 00:15:00,30,0.0,0.0,0.0,0.0,0.0,00:15:00,2012-03-01
245,69_2012-03-01 10:45:00,69,0.0,0.0,0.0,0.0,0.0,10:45:00,2012-03-01
246,44_2012-03-01 06:45:00,44,0.0,0.0,0.0,0.0,0.0,06:45:00,2012-03-01
247,47_2012-03-01 04:00:00,47,0.0,0.0,0.0,0.0,0.0,04:00:00,2012-03-01
248,69_2012-03-01 01:00:00,69,0.0,0.0,0.0,0.0,0.0,01:00:00,2012-03-01
249,36_2012-03-01 03:15:00,36,0.0,0.0,0.0,0.0,0.0,03:15:00,2012-03-01
250,36_2012-03-01 10:30:00,36,0.0,0.0,0.0,0.0,0.0,10:30:00,2012-03-01
251,5_2012-03-01 01:15:00,5,0.0,0.0,0.0,0.0,0.0,01:15:00,2012-03-01
252,8_2012-03-01 23:45:00,8,0.0,0.0,0.0,0.0,0.0,23:45:00,2012-03-01
253,1_2012-03-01 20:00:00,1,0.0,0.0,0.0,0.0,0.0,20:00:00,2012-03-01
254,4_2012-03-01 10:15:00,4,0.0,0.0,0.0,0.0,0.0,10:15:00,2012-03-01
255,36_2012-03-01 17:15:00,36,0.0,0.0,0.0,0.0,0.0,17:15:00,2012-03-01
256,29_2012-03-01 15:45:00,29,0.0,0.0,0.0,0.0,0.0,15:45:00,2012-03-01
257,69_2012-03-01 23:00:00,69,0.0,0.0,0.0,0.0,0.0,23:00:00,2012-03-01
258,14_2012-03-01 05:30:00,14,0.0,0.0,0.0,0.0,0.0,05:30:00,2012-03-01
259,1_2012-03-01 05:30:00,1,0.0,0.0,0.0,0.0,0.0,05:30:00,2012-03-01
260,70_2012-03-01 08:15:00,70,0.0,0.0,0.0,0.0,0.0,08:15:00,2012-03-01
261,29_2012-03-01 01:00:00,29,0.0,0.0,0.0,0.0,0.0,01:00:00,2012-03-01
262,76_2012-03-01 00:30:00,76,0.0,0.0,0.0,0.0,0.0,00:30:00,2012-03-01
263,70_2012-03-01 23:00:00,70,0.0,0.0,0.0,0.0,0.0,23:00:00,2012-03-01
264,29_2012-03-01 00:45:00,29,0.0,0.0,0.0,0.0,0.0,00:45:00,2012-03-01
265,44_2012-03-01 03:45:00,44,0.0,0.0,0.0,0.0,0.0,03:45:00,2012-03-01
266,1_2012-03-01 19:30:00,1,0.0,0.0,0.0,0.0,0.0,19:30:00,2012-03-01
267,36_2012-03-01 23:45:00,36,0.0,0.0,0.0,0.0,0.0,23:45:00,2012-03-01
268,35_2012-03-01 16:00:00,35,0.0,0.0,0.0,0.0,0.0,16:00:00,2012-03-01
269,4_2012-03-01 06:00:00,4,0.0,0.0,0.0,0.0,0.0,06:00:00,2012-03-01
270,36_2012-03-01 19:00:00,36,0.0,0.0,0.0,0.0,0.0,19:00:00,2012-03-01
271,29_2012-03-01 19:00:00,29,0.0,0.0,0.0,0.0,0.0,19:00:00,2012-03-01
272,70_2012-03-01 01:00:00,70,0.0,0.0,0.0,0.0,0.0,01:00:00,2012-03-01
273,70_2012-03-01 23:30:00,70,0.0,0.0,0.0,0.0,0.0,23:30:00,2012-03-01
274,50_2012-03-01 11:00:00,50,0.0,0.0,0.0,0.0,0.0,11:00:00,2012-03-01
275,1_2012-03-01 17:45:00,1,0.0,0.0,0.0,0.0,0.0,17:45:00,2012-03-01
276,36_2012-03-01 16:15:00,36,0.0,0.0,0.0,0.0,0.0,16:15:00,2012-03-01
277,29_2012-03-01 07:45:00,29,0.0,0.0,0.0,0.0,0.0,07:45:00,2012-03-01
278,35_2012-03-01 01:00:00,35,0.0,0.0,0.0,0.0,0.0,01:00:00,2012-03-01
279,29_2012-03-01 12:30:00,29,0.0,0.0,0.0,0.0,0.0,12:30:00,2012-03-01
280,50_2012-03-01 07:45:00,50,0.0,0.0,0.0,0.0,0.0,07:45:00,2012-03-01
281,36_2012-03-01 08:00:00,36,0.0,0.0,0.0,0.0,0.0,08:00:00,2012-03-01
282,70_2012-03-01 20:30:00,70,0.0,0.0,0.0,0.0,0.0,20:30:00,2012-03-01
283,1_2012-03-01 01:15:00,1,0.0,0.0,0.0,0.0,0.0,01:15:00,2012-03-01
284,30_2012-03-01 16:00:00,30,0.0,0.0,0.0,0.0,0.0,16:00:00,2012-03-01
285,69_2012-03-01 12:45:00,69,0.0,0.0,0.0,0.0,0.0,12:45:00,2012-03-01
286,5_2012-03-01 22:30:00,5,0.0,0.0,0.0,0.0,0.0,22:30:00,2012-03-01
287,69_2012-03-01 17:30:00,69,0.0,0.0,0.0,0.0,0.0,17:30:00,2012-03-01
288,36_2012-03-01 16:30:00,36,0.0,0.0,0.0,0.0,0.0,16:30:00,2012-03-01
289,44_2012-03-01 10:45:00,44,0.0,0.0,0.0,0.0,0.0,10:45:00,2012-03-01
290,44_2012-03-01 22:45:00,44,0.0,0.0,0.0,0.0,0.0,22:45:00,2012-03-01
291,44_2012-03-01 12:00:00,44,0.0,0.0,0.0,0.0,0.0,12:00:00,2012-03-01
292,29_2012-03-01 07:15:00,29,0.0,0.0,0.0,0.0,0.0,07:15:00,2012-03-01
293,70_2012-03-01 13:00:00,70,0.0,0.0,0.0,0.0,0.0,13:00:00,2012-03-01
294,36_2012-03-01 23:00:00,36,0.0,0.0,0.0,0.0,0.0,23:00:00,2012-03-01
295,36_2012-03-01 15:45:00,36,0.0,0.0,0.0,0.0,0.0,15:45:00,2012-03-01
296,48_2012-03-01 08:30:00,48,0.0,0.0,0.0,0.0,0.0,08:30:00,2012-03-01
297,5_2012-03-01 17:30:00,5,0.0,0.0,0.0,0.0,0.0,17:30:00,2012-03-01
298,4_2012-03-01 07:15:00,4,0.0,0.0,0.0,0.0,0.0,07:15:00,2012-03-01
299,8_2012-03-01 03:15:00,8,0.0,0.0,0.0,0.0,0.0,03:15:00,2012-03-01
300,44_2012-03-01 06:00:00,44,0.0,0.0,0.0,0.0,0.0,06:00:00,2012-03-01
301,29_2012-03-01 05:30:00,29,0.0,0.0,0.0,0.0,0.0,05:30:00,2012-03-01
302,4_2012-03-01 11:15:00,4,0.0,0.0,0.0,0.0,0.0,11:15:00,2012-03-01
303,14_2012-03-01 20:45:00,14,0.0,0.0,0.0,0.0,0.0,20:45:00,2012-03-01
304,47_2012-03-01 21:45:00,47,0.0,0.0,0.0,0.0,0.0,21:45:00,2012-03-01
305,36_2012-03-01 02:30:00,36,0.0,0.0,0.0,0.0,0.0,02:30:00,2012-03-01
306,44_2012-03-01 19:15:00,44,0.0,0.0,0.0,0.0,0.0,19:15:00,2012-03-01
307,14_2012-03-01 17:45:00,14,0.0,0.0,0.0,0.0,0.0,17:45:00,2012-03-01
308,8_2012-03-01 17:30:00,8,0.0,0.0,0.0,0.0,0.0,17:30:00,2012-03-01
309,14_2012-03-01 15:15:00,14,0.0,0.0,0.0,0.0,0.0,15:15:00,2012-03-01
310,70_2012-03-01 04:15:00,70,0.0,0.0,0.0,0.0,0.0,04:15:00,2012-03-01
311,5_2012-03-01 00:00:00,5,0.0,0.0,0.0,0.0,0.0,00:00:00,2012-03-01
312,50_2012-03-01 07:00:00,50,0.0,0.0,0.0,0.0,0.0,07:00:00,2012-03-01
313,30_2012-03-01 16:15:00,30,0.0,0.0,0.0,0.0,0.0,16:15:00,2012-03-01
314,69_2012-03-01 20:30:00,69,0.0,0.0,0.0,0.0,0.0,20:30:00,2012-03-01
315,36_2012-03-01 12:15:00,36,0.0,0.0,0.0,0.0,0.0,12:15:00,2012-03-01
316,1_2012-03-01 02:00:00,1,0.0,0.0,0.0,0.0,0.0,02:00:00,2012-03-01
317,35_2012-03-01 02:30:00,35,0.0,0.0,0.0,0.0,0.0,02:30:00,2012-03-01
318,44_2012-03-01 17:30:00,44,0.0,0.0,0.0,0.0,0.0,17:30:00,2012-03-01
319,1_2012-03-01 11:45:00,1,0.0,0.0,0.0,0.0,0.0,11:45:00,2012-03-01
320,69_2012-03-01 09:30:00,69,0.0,0.0,0.0,0.0,0.0,09:30:00,2012-03-01
321,1_2012-03-01 00:15:00,1,0.0,0.0,0.0,0.0,0.0,00:15:00,2012-03-01
322,76_2012-03-01 12:30:00,76,0.0,0.0,0.0,0.0,0.0,12:30:00,2012-03-01
323,36_2012-03-01 20:30:00,36,0.0,0.0,0.0,0.0,0.0,20:30:00,2012-03-01
324,48_2012-03-01 12:00:00,48,0.0,0.0,0.0,0.0,0.0,12:00:00,2012-03-01
325,50_2012-03-01 20:15:00,50,0.0,0.0,0.0,0.0,0.0,20:15:00,2012-03-01
326,76_2012-03-01 02:30:00,76,0.0,0.0,0.0,0.0,0.0,02:30:00,2012-03-01
327,69_2012-03-01 06:45:00,69,0.0,0.0,0.0,0.0,0.0,06:45:00,2012-03-01
328,8_2012-03-01 22:15:00,8,0.0,0.0,0.0,0.0,0.0,22:15:00,2012-03-01
329,30_2012-03-01 04:30:00,30,0.0,0.0,0.0,0.0,0.0,04:30:00,2012-03-01
330,35_2012-03-01 23:00:00,35,0.0,0.0,0.0,0.0,0.0,23:00:00,2012-03-01
331,14_2012-03-01 04:45:00,14,0.0,0.0,0.0,0.0,0.0,04:45:00,2012-03-01
332,35_2012-03-01 16:15:00,35,0.0,0.0,0.0,0.0,0.0,16:15:00,2012-03-01
333,44_2012-03-01 14:30:00,44,0.0,0.0,0.0,0.0,0.0,14:30:00,2012-03-01
334,4_2012-03-01 03:45:00,4,0.0,0.0,0.0,0.0,0.0,03:45:00,2012-03-01
335,1_2012-03-01 11:15:00,1,0.0,0.0,0.0,0.0,0.0,11:15:00,2012-03-01
336,30_2012-03-01 00:30:00,30,0.0,0.0,0.0,0.0,0.0,00:30:00,2012-03-01
337,14_2012-03-01 19:15:00,14,0.0,0.0,0.0,0.0,0.0,19:15:00,2012-03-01
338,4_2012-03-01 17:30:00,4,0.0,0.0,0.0,0.0,0.0,17:30:00,2012-03-01
339,47_2012-03-01 10:30:00,47,0.0,0.0,0.0,0.0,0.0,10:30:00,2012-03-01
340,35_2012-03-01 04:45:00,35,0.0,0.0,0.0,0.0,0.0,04:45:00,2012-03-01
341,30_2012-03-01 22:30:00,30,0.0,0.0,0.0,0.0,0.0,22:30:00,2012-03-01
342,1_2012-03-01 04:00:00,1,0.0,0.0,0.0,0.0,0.0,04:00:00,2012-03-01
343,35_2012-03-01 21:00:00,35,0.0,0.0,0.0,0.0,0.0,21:00:00,2012-03-01
344,44_2012-03-01 04:30:00,44,0.0,0.0,0.0,0.0,0.0,04:30:00,2012-03-01
345,36_2012-03-01 13:45:00,36,0.0,0.0,0.0,0.0,0.0,13:45:00,2012-03-01
346,69_2012-03-01 11:45:00,69,0.0,0.0,0.0,0.0,0.0,11:45:00,2012-03-01
347,35_2012-03-01 10:45:00,35,0.0,0.0,0.0,0.0,0.0,10:45:00,2012-03-01
348,35_2012-03-01 08:15:00,35,0.0,0.0,0.0,0.0,0.0,08:15:00,2012-03-01
349,14_2012-03-01 01:15:00,14,0.0,0.0,0.0,0.0,0.0,01:15:00,2012-03-01
350,8_2012-03-01 22:45:00,8,0.0,0.0,0.0,0.0,0.0,22:45:00,2012-03-01
351,48_2012-03-01 02:30:00,48,0.0,0.0,0.0,0.0,0.0,02:30:00,2012-03-01
352,5_2012-03-01 11:45:00,5,0.0,0.0,0.0,0.0,0.0,11:45:00,2012-03-01
353,36_2012-03-01 07:30:00,36,0.0,0.0,0.0,0.0,0.0,07:30:00,2012-03-01
354,70_2012-03-01 23:15:00,70,0.0,0.0,0.0,0.0,0.0,23:15:00,2012-03-01
355,50_2012-03-01 16:15:00,50,0.0,0.0,0.0,0.0,0.0,16:15:00,2012-03-01
356,76_2012-03-01 14:30:00,76,0.0,0.0,0.0,0.0,0.0,14:30:00,2012-03-01
357,30_2012-03-01 22:15:00,30,0.0,0.0,0.0,0.0,0.0,22:15:00,2012-03-01
358,48_2012-03-01 04:30:00,48,0.0,0.0,0.0,0.0,0.0,04:30:00,2012-03-01
359,35_2012-03-01 13:15:00,35,0.0,0.0,0.0,0.0,0.0,13:15:00,2012-03-01
360,70_2012-03-01 22:30:00,70,0.0,0.0,0.0,0.0,0.0,22:30:00,2012-03-01
361,4_2012-03-01 15:30:00,4,0.0,0.0,0.0,0.0,0.0,15:30:00,2012-03-01
362,36_2012-03-01 05:30:00,36,0.0,0.0,0.0,0.0,0.0,05:30:00,2012-03-01
363,36_2012-03-01 09:45:00,36,0.0,0.0,0.0,0.0,0.0,09:45:00,2012-03-01
364,1_2012-03-01 23:00:00,1,0.0,0.0,0.0,0.0,0.0,23:00:00,2012-03-01
365,70_2012-03-01 14:15:00,70,0.0,0.0,0.0,0.0,0.0,14:15:00,2012-03-01
366,1_2012-03-01 18:00:00,1,0.0,0.0,0.0,0.0,0.0,18:00:00,2012-03-01
367,50_2012-03-01 09:45:00,50,0.0,0.0,0.0,0.0,0.0,09:45:00,2012-03-01
368,1_2012-03-01 03:30:00,1,0.0,0.0,0.0,0.0,0.0,03:30:00,2012-03-01
369,47_2012-03-01 00:30:00,47,0.0,0.0,0.0,0.0,0.0,00:30:00,2012-03-01
370,8_2012-03-01 15:30:00,8,0.0,0.0,0.0,0.0,0.0,15:30:00,2012-03-01
371,70_2012-03-01 21:30:00,70,0.0,0.0,0.0,0.0,0.0,21:30:00,2012-03-01
372,48_2012-03-01 12:45:00,48,0.0,0.0,0.0,0.0,0.0,12:45:00,2012-03-01
373,14_2012-03-01 00:15:00,14,0.0,0.0,0.0,0.0,0.0,00:15:00,2012-03-01
374,69_2012-03-01 06:00:00,69,0.0,0.0,0.0,0.0,0.0,06:00:00,2012-03-01
375,4_2012-03-01 10:00:00,4,0.0,0.0,0.0,0.0,0.0,10:00:00,2012-03-01
376,69_2012-03-01 23:30:00,69,0.0,0.0,0.0,0.0,0.0,23:30:00,2012-03-01
377,50_2012-03-01 15:30:00,50,0.0,0.0,0.0,0.0,0.0,15:30:00,2012-03-01
378,29_2012-03-01 09:00:00,29,0.0,0.0,0.0,0.0,0.0,09:00:00,2012-03-01
379,29_2012-03-01 12:15:00,29,0.0,0.0,0.0,0.0,0.0,12:15:00,2012-03-01
380,4_2012-03-01 11:45:00,4,0.0,0.0,0.0,0.0,0.0,11:45:00,2012-03-01
381,5_2012-03-01 14:45:00,5,0.0,0.0,0.0,0.0,0.0,14:45:00,2012-03-01
382,48_2012-03-01 08:45:00,48,0.0,0.0,0.0,0.0,0.0,08:45:00,2012-03-01
383,36_2012-03-01 03:45:00,36,0.0,0.0,0.0,0.0,0.0,03:45:00,2012-03-01
384,48_2012-03-01 22:00:00,48,0.0,0.0,0.0,0.0,0.0,22:00:00,2012-03-01
385,36_2012-03-01 06:45:00,36,0.0,0.0,0.0,0.0,0.0,06:45:00,2012-03-01
386,47_2012-03-01 11:00:00,47,0.0,0.0,0.0,0.0,0.0,11:00:00,2012-03-01
387,14_2012-03-01 06:00:00,14,0.0,0.0,0.0,0.0,0.0,06:00:00,2012-03-01
388,4_2012-03-01 16:30:00,4,0.0,0.0,0.0,0.0,0.0,16:30:00,2012-03-01
389,36_2012-03-01 16:45:00,36,0.0,0.0,0.0,0.0,0.0,16:45:00,2012-03-01
390,35_2012-03-01 08:45:00,35,0.0,0.0,0.0,0.0,0.0,08:45:00,2012-03-01
391,35_2012-03-01 08:00:00,35,0.0,0.0,0.0,0.0,0.0,08:00:00,2012-03-01
392,35_2012-03-01 17:45:00,35,0.0,0.0,0.0,0.0,0.0,17:45:00,2012-03-01
393,1_2012-03-01 00:30:00,1,0.0,0.0,0.0,0.0,0.0,00:30:00,2012-03-01
394,44_2012-03-01 09:30:00,44,0.0,0.0,0.0,0.0,0.0,09:30:00,2012-03-01
395,5_2012-03-01 19:15:00,5,0.0,0.0,0.0,0.0,0.0,19:15:00,2012-03-01
396,1_2012-03-01 08:15:00,1,0.0,0.0,0.0,0.0,0.0,08:15:00,2012-03-01
397,48_2012-03-01 19:30:00,48,0.0,0.0,0.0,0.0,0.0,19:30:00,2012-03-01
398,8_2012-03-01 12:00:00,8,0.0,0.0,0.0,0.0,0.0,12:00:00,2012-03-01
399,50_2012-03-01 03:45:00,50,0.0,0.0,0.0,0.0,0.0,03:45:00,2012-03-01
400,70_2012-03-01 07:30:00,70,0.0,0.0,0.0,0.0,0.0,07:30:00,2012-03-01
401,8_2012-03-01 11:00:00,8,0.0,0.0,0.0,0.0,0.0,11:00:00,2012-03-01
402,70_2012-03-01 07:00:00,70,0.0,0.0,0.0,0.0,0.0,07:00:00,2012-03-01
403,48_2012-03-01 13:00:00,48,0.0,0.0,0.0,0.0,0.0,13:00:00,2012-03-01
404,29_2012-03-01 16:45:00,29,0.0,0.0,0.0,0.0,0.0,16:45:00,2012-03-01
405,70_2012-03-01 06:30:00,70,0.0,0.0,0.0,0.0,0.0,06:30:00,2012-03-01
406,30_2012-03-01 15:00:00,30,0.0,0.0,0.0,0.0,0.0,15:00:00,2012-03-01
407,35_2012-03-01 12:45:00,35,0.0,0.0,0.0,0.0,0.0,12:45:00,2012-03-01
408,1_2012-03-01 18:15:00,1,0.0,0.0,0.0,0.0,0.0,18:15:00,2012-03-01
409,44_2012-03-01 11:00:00,44,0.0,0.0,0.0,0.0,0.0,11:00:00,2012-03-01
410,4_2012-03-01 08:00:00,4,0.0,0.0,0.0,0.0,0.0,08:00:00,2012-03-01
411,69_2012-03-01 17:00:00,69,0.0,0.0,0.0,0.0,0.0,17:00:00,2012-03-01
412,8_2012-03-01 05:00:00,8,0.0,0.0,0.0,0.0,0.0,05:00:00,2012-03-01
413,76_2012-03-01 12:00:00,76,0.0,0.0,0.0,0.0,0.0,12:00:00,2012-03-01
414,70_2012-03-01 03:30:00,70,0.0,0.0,0.0,0.0,0.0,03:30:00,2012-03-01
415,1_2012-03-01 22:15:00,1,0.0,0.0,0.0,0.0,0.0,22:15:00,2012-03-01
416,4_2012-03-01 02:15:00,4,0.0,0.0,0.0,0.0,0.0,02:15:00,2012-03-01
417,76_2012-03-01 00:45:00,76,0.0,0.0,0.0,0.0,0.0,00:45:00,2012-03-01
418,76_2012-03-01 21:15:00,76,0.0,0.0,0.0,0.0,0.0,21:15:00,2012-03-01
419,50_2012-03-01 00:00:00,50,0.0,0.0,0.0,0.0,0.0,00:00:00,2012-03-01
420,70_2012-03-01 22:45:00,70,0.0,0.0,0.0,0.0,0.0,22:45:00,2012-03-01
421,1_2012-03-01 05:45:00,1,0.0,0.0,0.0,0.0,0.0,05:45:00,2012-03-01
422,36_2012-03-01 10:45:00,36,0.0,0.0,0.0,0.0,0.0,10:45:00,2012-03-01
423,70_2012-03-01 18:15:00,70,0.0,0.0,0.0,0.0,0.0,18:15:00,2012-03-01
424,36_2012-03-01 06:15:00,36,0.0,0.0,0.0,0.0,0.0,06:15:00,2012-03-01
425,14_2012-03-01 12:00:00,14,0.0,0.0,0.0,0.0,0.0,12:00:00,2012-03-01
426,48_2012-03-01 16:30:00,48,0.0,0.0,0.0,0.0,0.0,16:30:00,2012-03-01
427,48_2012-03-01 08:15:00,48,0.0,0.0,0.0,0.0,0.0,08:15:00,2012-03-01
428,44_2012-03-01 10:15:00,44,0.0,0.0,0.0,0.0,0.0,10:15:00,2012-03-01
429,14_2012-03-01 14:15:00,14,0.0,0.0,0.0,0.0,0.0,14:15:00,2012-03-01
430,48_2012-03-01 09:00:00,48,0.0,0.0,0.0,0.0,0.0,09:00:00,2012-03-01
431,29_2012-03-01 13:45:00,29,0.0,0.0,0.0,0.0,0.0,13:45:00,2012-03-01
432,76_2012-03-01 02:00:00,76,0.0,0.0,0.0,0.0,0.0,02:00:00,2012-03-01
433,48_2012-03-01 11:45:00,48,0.0,0.0,0.0,0.0,0.0,11:45:00,2012-03-01
434,36_2012-03-01 12:45:00,36,0.0,0.0,0.0,0.0,0.0,12:45:00,2012-03-01
435,48_2012-03-01 10:45:00,48,0.0,0.0,0.0,0.0,0.0,10:45:00,2012-03-01
436,8_2012-03-01 16:15:00,8,0.0,0.0,0.0,0.0,0.0,16:15:00,2012-03-01
437,5_2012-03-01 08:00:00,5,0.0,0.0,0.0,0.0,0.0,08:00:00,2012-03-01
438,36_2012-03-01 09:30:00,36,0.0,0.0,0.0,0.0,0.0,09:30:00,2012-03-01
439,4_2012-03-01 23:15:00,4,0.0,0.0,0.0,0.0,0.0,23:15:00,2012-03-01
440,44_2012-03-01 20:30:00,44,0.0,0.0,0.0,0.0,0.0,20:30:00,2012-03-01
441,1_2012-03-01 17:00:00,1,0.0,0.0,0.0,0.0,0.0,17:00:00,2012-03-01
442,14_2012-03-01 15:30:00,14,0.0,0.0,0.0,0.0,0.0,15:30:00,2012-03-01
443,48_2012-03-01 20:00:00,48,0.0,0.0,0.0,0.0,0.0,20:00:00,2012-03-01
444,44_2012-03-01 14:45:00,44,0.0,0.0,0.0,0.0,0.0,14:45:00,2012-03-01
445,1_2012-03-01 07:45:00,1,0.0,0.0,0.0,0.0,0.0,07:45:00,2012-03-01
446,29_2012-03-01 10:30:00,29,0.0,0.0,0.0,0.0,0.0,10:30:00,2012-03-01
447,44_2012-03-01 01:00:00,44,0.0,0.0,0.0,0.0,0.0,01:00:00,2012-03-01
448,50_2012-03-01 18:00:00,50,0.0,0.0,0.0,0.0,0.0,18:00:00,2012-03-01
449,14_2012-03-01 07:30:00,14,0.0,0.0,0.0,0.0,0.0,07:30:00,2012-03-01
450,4_2012-03-01 13:15:00,4,0.0,0.0,0.0,0.0,0.0,13:15:00,2012-03-01
451,1_2012-03-01 13:30:00,1,0.0,0.0,0.0,0.0,0.0,13:30:00,2012-03-01
452,8_2012-03-01 04:00:00,8,0.0,0.0,0.0,0.0,0.0,04:00:00,2012-03-01
453,4_2012-03-01 03:15:00,4,0.0,0.0,0.0,0.0,0.0,03:15:00,2012-03-01
454,48_2012-03-01 12:30:00,48,0.0,0.0,0.0,0.0,0.0,12:30:00,2012-03-01
455,1_2012-03-01 12:00:00,1,0.0,0.0,0.0,0.0,0.0,12:00:00,2012-03-01
456,1_2012-03-01 15:00:00,1,0.0,0.0,0.0,0.0,0.0,15:00:00,2012-03-01
457,35_2012-03-01 13:45:00,35,0.0,0.0,0.0,0.0,0.0,13:45:00,2012-03-01
458,76_2012-03-01 07:30:00,76,0.0,0.0,0.0,0.0,0.0,07:30:00,2012-03-01
459,35_2012-03-01 11:15:00,35,0.0,0.0,0.0,0.0,0.0,11:15:00,2012-03-01
460,30_2012-03-01 13:00:00,30,0.0,0.0,0.0,0.0,0.0,13:00:00,2012-03-01
461,35_2012-03-01 19:30:00,35,0.0,0.0,0.0,0.0,0.0,19:30:00,2012-03-01
462,69_2012-03-01 05:15:00,69,0.0,0.0,0.0,0.0,0.0,05:15:00,2012-03-01
463,76_2012-03-01 16:45:00,76,0.0,0.0,0.0,0.0,0.0,16:45:00,2012-03-01
464,47_2012-03-01 02:00:00,47,0.0,0.0,0.0,0.0,0.0,02:00:00,2012-03-01
465,47_2012-03-01 23:45:00,47,0.0,0.0,0.0,0.0,0.0,23:45:00,2012-03-01
466,47_2012-03-01 20:00:00,47,0.0,0.0,0.0,0.0,0.0,20:00:00,2012-03-01
467,1_2012-03-01 12:45:00,1,0.0,0.0,0.0,0.0,0.0,12:45:00,2012-03-01
468,70_2012-03-01 12:15:00,70,0.0,0.0,0.0,0.0,0.0,12:15:00,2012-03-01
469,69_2012-03-01 08:30:00,69,0.0,0.0,0.0,0.0,0.0,08:30:00,2012-03-01
470,76_2012-03-01 17:45:00,76,0.0,0.0,0.0,0.0,0.0,17:45:00,2012-03-01
471,1_2012-03-01 06:00:00,1,0.0,0.0,0.0,0.0,0.0,06:00:00,2012-03-01
472,29_2012-03-01 06:15:00,29,0.0,0.0,0.0,0.0,0.0,06:15:00,2012-03-01
473,35_2012-03-01 10:00:00,35,0.0,0.0,0.0,0.0,0.0,10:00:00,2012-03-01
474,36_2012-03-01 00:00:00,36,0.0,0.0,0.0,0.0,0.0,00:00:00,2012-03-01
475,30_2012-03-01 17:30:00,30,0.0,0.0,0.0,0.0,0.0,17:30:00,2012-03-01
476,8_2012-03-01 01:00:00,8,0.0,0.0,0.0,0.0,0.0,01:00:00,2012-03-01
477,47_2012-03-01 01:45:00,47,0.0,0.0,0.0,0.0,0.0,01:45:00,2012-03-01
478,44_2012-03-01 16:30:00,44,0.0,0.0,0.0,0.0,0.0,16:30:00,2012-03-01
479,35_2012-03-01 01:30:00,35,0.0,0.0,0.0,0.0,0.0,01:30:00,2012-03-01
480,8_2012-03-01 16:45:00,8,0.0,0.0,0.0,0.0,0.0,16:45:00,2012-03-01
481,48_2012-03-01 20:15:00,48,0.0,0.0,0.0,0.0,0.0,20:15:00,2012-03-01
482,76_2012-03-01 05:15:00,76,0.0,0.0,0.0,0.0,0.0,05:15:00,2012-03-01
483,48_2012-03-01 01:30:00,48,0.0,0.0,0.0,0.0,0.0,01:30:00,2012-03-01
484,70_2012-03-01 17:45:00,70,0.0,0.0,0.0,0.0,0.0,17:45:00,2012-03-01
485,30_2012-03-01 08:15:00,30,0.0,0.0,0.0,0.0,0.0,08:15:00,2012-03-01
486,50_2012-03-01 01:00:00,50,0.0,0.0,0.0,0.0,0.0,01:00:00,2012-03-01
487,50_2012-03-01 02:00:00,50,0.0,0.0,0.0,0.0,0.0,02:00:00,2012-03-01
488,1_2012-03-01 05:00:00,1,0.0,0.0,0.0,0.0,0.0,05:00:00,2012-03-01
489,76_2012-03-01 04:00:00,76,0.0,0.0,0.0,0.0,0.0,04:00:00,2012-03-01
490,4_2012-03-01 18:45:00,4,0.0,0.0,0.0,0.0,0.0,18:45:00,2012-03-01
491,47_2012-03-01 17:00:00,47,0.0,0.0,0.0,0.0,0.0,17:00:00,2012-03-01
492,44_2012-03-01 01:45:00,44,0.0,0.0,0.0,0.0,0.0,01:45:00,2012-03-01
493,14_2012-03-01 00:00:00,14,0.0,0.0,0.0,0.0,0.0,00:00:00,2012-03-01
494,4_2012-03-01 19:15:00,4,0.0,0.0,0.0,0.0,0.0,19:15:00,2012-03-01
495,70_2012-03-01 08:00:00,70,0.0,0.0,0.0,0.0,0.0,08:00:00,2012-03-01
496,5_2012-03-01 14:00:00,5,0.0,0.0,0.0,0.0,0.0,14:00:00,2012-03-01
497,69_2012-03-01 06:15:00,69,0.0,0.0,0.0,0.0,0.0,06:15:00,2012-03-01
498,4_2012-03-01 17:15:00,4,0.0,0.0,0.0,0.0,0.0,17:15:00,2012-03-01
499,35_2012-03-01 03:45:00,35,0.0,0.0,0.0,0.0,0.0,03:45:00,2012-03-01
500,36_2012-03-01 18:45:00,36,0.0,0.0,0.0,0.0,0.0,18:45:00,2012-03-01
501,35_2012-03-01 19:00:00,35,0.0,0.0,0.0,0.0,0.0,19:00:00,2012-03-01
502,47_2012-03-01 04:30:00,47,0.0,0.0,0.0,0.0,0.0,04:30:00,2012-03-01
503,70_2012-03-01 00:45:00,70,0.0,0.0,0.0,0.0,0.0,00:45:00,2012-03-01
504,5_2012-03-01 00:15:00,5,0.0,0.0,0.0,0.0,0.0,00:15:00,2012-03-01
505,69_2012-03-01 16:00:00,69,0.0,0.0,0.0,0.0,0.0,16:00:00,2012-03-01
506,1_2012-03-01 20:30:00,1,0.0,0.0,0.0,0.0,0.0,20:30:00,2012-03-01
507,36_2012-03-01 04:30:00,36,0.0,0.0,0.0,0.0,0.0,04:30:00,2012-03-01
508,8_2012-03-01 10:00:00,8,0.0,0.0,0.0,0.0,0.0,10:00:00,2012-03-01
509,14_2012-03-01 22:15:00,14,0.0,0.0,0.0,0.0,0.0,22:15:00,2012-03-01
510,50_2012-03-01 22:45:00,50,0.0,0.0,0.0,0.0,0.0,22:45:00,2012-03-01
511,14_2012-03-01 11:30:00,14,0.0,0.0,0.0,0.0,0.0,11:30:00,2012-03-01
512,76_2012-03-01 07:00:00,76,0.0,0.0,0.0,0.0,0.0,07:00:00,2012-03-01
513,35_2012-03-01 00:15:00,35,0.0,0.0,0.0,0.0,0.0,00:15:00,2012-03-01
514,47_2012-03-01 04:45:00,47,0.0,0.0,0.0,0.0,0.0,04:45:00,2012-03-01
515,30_2012-03-01 03:00:00,30,0.0,0.0,0.0,0.0,0.0,03:00:00,2012-03-01
516,1_2012-03-01 13:45:00,1,0.0,0.0,0.0,0.0,0.0,13:45:00,2012-03-01
517,50_2012-03-01 05:30:00,50,0.0,0.0,0.0,0.0,0.0,05:30:00,2012-03-01
518,14_2012-03-01 17:00:00,14,0.0,0.0,0.0,0.0,0.0,17:00:00,2012-03-01
519,76_2012-03-01 17:15:00,76,0.0,0.0,0.0,0.0,0.0,17:15:00,2012-03-01
520,76_2012-03-01 11:00:00,76,0.0,0.0,0.0,0.0,0.0,11:00:00,2012-03-01
521,48_2012-03-01 00:30:00,48,0.0,0.0,0.0,0.0,0.0,00:30:00,2012-03-01
522,36_2012-03-01 04:45:00,36,0.0,0.0,0.0,0.0,0.0,04:45:00,2012-03-01
523,76_2012-03-01 12:15:00,76,0.0,0.0,0.0,0.0,0.0,12:15:00,2012-03-01
524,35_2012-03-01 17:15:00,35,0.0,0.0,0.0,0.0,0.0,17:15:00,2012-03-01
525,30_2012-03-01 15:45:00,30,0.0,0.0,0.0,0.0,0.0,15:45:00,2012-03-01
526,69_2012-03-01 04:00:00,69,0.0,0.0,0.0,0.0,0.0,04:00:00,2012-03-01
527,35_2012-03-01 22:30:00,35,0.0,0.0,0.0,0.0,0.0,22:30:00,2012-03-01
528,50_2012-03-01 17:45:00,50,0.0,0.0,0.0,0.0,0.0,17:45:00,2012-03-01
529,76_2012-03-01 01:30:00,76,0.0,0.0,0.0,0.0,0.0,01:30:00,2012-03-01
530,69_2012-03-01 05:00:00,69,0.0,0.0,0.0,0.0,0.0,05:00:00,2012-03-01
531,29_2012-03-01 03:00:00,29,0.0,0.0,0.0,0.0,0.0,03:00:00,2012-03-01
532,14_2012-03-01 01:30:00,14,0.0,0.0,0.0,0.0,0.0,01:30:00,2012-03-01
533,76_2012-03-01 13:15:00,76,0.0,0.0,0.0,0.0,0.0,13:15:00,2012-03-01
534,29_2012-03-01 04:30:00,29,0.0,0.0,0.0,0.0,0.0,04:30:00,2012-03-01
535,29_2012-03-01 08:45:00,29,0.0,0.0,0.0,0.0,0.0,08:45:00,2012-03-01
536,4_2012-03-01 04:00:00,4,0.0,0.0,0.0,0.0,0.0,04:00:00,2012-03-01
537,30_2012-03-01 03:30:00,30,0.0,0.0,0.0,0.0,0.0,03:30:00,2012-03-01
538,69_2012-03-01 17:15:00,69,0.0,0.0,0.0,0.0,0.0,17:15:00,2012-03-01
539,29_2012-03-01 07:30:00,29,0.0,0.0,0.0,0.0,0.0,07:30:00,2012-03-01
540,76_2012-03-01 06:15:00,76,0.0,0.0,0.0,0.0,0.0,06:15:00,2012-03-01
541,36_2012-03-01 17:45:00,36,0.0,0.0,0.0,0.0,0.0,17:45:00,2012-03-01
542,50_2012-03-01 22:15:00,50,0.0,0.0,0.0,0.0,0.0,22:15:00,2012-03-01
543,48_2012-03-01 07:45:00,48,0.0,0.0,0.0,0.0,0.0,07:45:00,2012-03-01
544,14_2012-03-01 19:45:00,14,0.0,0.0,0.0,0.0,0.0,19:45:00,2012-03-01
545,8_2012-03-01 23:00:00,8,0.0,0.0,0.0,0.0,0.0,23:00:00,2012-03-01
546,69_2012-03-01 13:30:00,69,0.0,0.0,0.0,0.0,0.0,13:30:00,2012-03-01
547,36_2012-03-01 23:15:00,36,0.0,0.0,0.0,0.0,0.0,23:15:00,2012-03-01
548,1_2012-03-01 21:00:00,1,0.0,0.0,0.0,0.0,0.0,21:00:00,2012-03-01
549,70_2012-03-01 14:45:00,70,0.0,0.0,0.0,0.0,0.0,14:45:00,2012-03-01
550,47_2012-03-01 14:00:00,47,0.0,0.0,0.0,0.0,0.0,14:00:00,2012-03-01
551,30_2012-03-01 05:30:00,30,0.0,0.0,0.0,0.0,0.0,05:30:00,2012-03-01
552,69_2012-03-01 00:30:00,69,0.0,0.0,0.0,0.0,0.0,00:30:00,2012-03-01
553,48_2012-03-01 18:15:00,48,0.0,0.0,0.0,0.0,0.0,18:15:00,2012-03-01
554,14_2012-03-01 02:30:00,14,0.0,0.0,0.0,0.0,0.0,02:30:00,2012-03-01
555,1_2012-03-01 19:00:00,1,0.0,0.0,0.0,0.0,0.0,19:00:00,2012-03-01
556,1_2012-03-01 05:15:00,1,0.0,0.0,0.0,0.0,0.0,05:15:00,2012-03-01
557,35_2012-03-01 06:15:00,35,0.0,0.0,0.0,0.0,0.0,06:15:00,2012-03-01
558,44_2012-03-01 22:30:00,44,0.0,0.0,0.0,0.0,0.0,22:30:00,2012-03-01
559,44_2012-03-01 22:15:00,44,0.0,0.0,0.0,0.0,0.0,22:15:00,2012-03-01
560,29_2012-03-01 23:00:00,29,0.0,0.0,0.0,0.0,0.0,23:00:00,2012-03-01
561,14_2012-03-01 01:45:00,14,0.0,0.0,0.0,0.0,0.0,01:45:00,2012-03-01
562,30_2012-03-01 01:45:00,30,0.0,0.0,0.0,0.0,0.0,01:45:00,2012-03-01
563,48_2012-03-01 03:30:00,48,0.0,0.0,0.0,0.0,0.0,03:30:00,2012-03-01
564,30_2012-03-01 01:15:00,30,0.0,0.0,0.0,0.0,0.0,01:15:00,2012-03-01
565,8_2012-03-01 07:15:00,8,0.0,0.0,0.0,0.0,0.0,07:15:00,2012-03-01
566,70_2012-03-01 10:30:00,70,0.0,0.0,0.0,0.0,0.0,10:30:00,2012-03-01
567,8_2012-03-01 12:15:00,8,0.0,0.0,0.0,0.0,0.0,12:15:00,2012-03-01
568,8_2012-03-01 10:15:00,8,0.0,0.0,0.0,0.0,0.0,10:15:00,2012-03-01
569,47_2012-03-01 09:00:00,47,0.0,0.0,0.0,0.0,0.0,09:00:00,2012-03-01
570,1_2012-03-01 06:45:00,1,0.0,0.0,0.0,0.0,0.0,06:45:00,2012-03-01
571,29_2012-03-01 04:15:00,29,0.0,0.0,0.0,0.0,0.0,04:15:00,2012-03-01
572,30_2012-03-01 20:00:00,30,0.0,0.0,0.0,0.0,0.0,20:00:00,2012-03-01
573,1_2012-03-01 09:30:00,1,0.0,0.0,0.0,0.0,0.0,09:30:00,2012-03-01
574,69_2012-03-01 10:00:00,69,0.0,0.0,0.0,0.0,0.0,10:00:00,2012-03-01
575,44_2012-03-01 14:00:00,44,0.0,0.0,0.0,0.0,0.0,14:00:00,2012-03-01
576,1_2012-03-01 19:15:00,1,0.0,0.0,0.0,0.0,0.0,19:15:00,2012-03-01
577,35_2012-03-01 03:00:00,35,0.0,0.0,0.0,0.0,0.0,03:00:00,2012-03-01
578,1_2012-03-01 20:45:00,1,0.0,0.0,0.0,0.0,0.0,20:45:00,2012-03-01
579,35_2012-03-01 23:15:00,35,0.0,0.0,0.0,0.0,0.0,23:15:00,2012-03-01
580,5_2012-03-01 13:00:00,5,0.0,0.0,0.0,0.0,0.0,13:00:00,2012-03-01
581,69_2012-03-01 19:15:00,69,0.0,0.0,0.0,0.0,0.0,19:15:00,2012-03-01
582,76_2012-03-01 04:45:00,76,0.0,0.0,0.0,0.0,0.0,04:45:00,2012-03-01
583,29_2012-03-01 23:15:00,29,0.0,0.0,0.0,0.0,0.0,23:15:00,2012-03-01
584,44_2012-03-01 23:30:00,44,0.0,0.0,0.0,0.0,0.0,23:30:00,2012-03-01
585,50_2012-03-01 12:00:00,50,0.0,0.0,0.0,0.0,0.0,12:00:00,2012-03-01
586,35_2012-03-01 13:30:00,35,0.0,0.0,0.0,0.0,0.0,13:30:00,2012-03-01
587,47_2012-03-01 06:45:00,47,0.0,0.0,0.0,0.0,0.0,06:45:00,2012-03-01
588,1_2012-03-01 22:00:00,1,0.0,0.0,0.0,0.0,0.0,22:00:00,2012-03-01
589,4_2012-03-01 10:45:00,4,0.0,0.0,0.0,0.0,0.0,10:45:00,2012-03-01
590,70_2012-03-01 11:30:00,70,0.0,0.0,0.0,0.0,0.0,11:30:00,2012-03-01
591,14_2012-03-01 20:30:00,14,0.0,0.0,0.0,0.0,0.0,20:30:00,2012-03-01
592,36_2012-03-01 01:15:00,36,0.0,0.0,0.0,0.0,0.0,01:15:00,2012-03-01
593,50_2012-03-01 01:15:00,50,0.0,0.0,0.0,0.0,0.0,01:15:00,2012-03-01
594,1_2012-03-01 03:15:00,1,0.0,0.0,0.0,0.0,0.0,03:15:00,2012-03-01
595,47_2012-03-01 16:15:00,47,0.0,0.0,0.0,0.0,0.0,16:15:00,2012-03-01
596,4_2012-03-01 05:15:00,4,0.0,0.0,0.0,0.0,0.0,05:15:00,2012-03-01
597,50_2012-03-01 21:30:00,50,0.0,0.0,0.0,0.0,0.0,21:30:00,2012-03-01
598,50_2012-03-01 05:15:00,50,0.0,0.0,0.0,0.0,0.0,05:15:00,2012-03-01
599,70_2012-03-01 16:15:00,70,0.0,0.0,0.0,0.0,0.0,16:15:00,2012-03-01
600,29_2012-03-01 11:00:00,29,0.0,0.0,0.0,0.0,0.0,11:00:00,2012-03-01
601,5_2012-03-01 12:00:00,5,0.0,0.0,0.0,0.0,0.0,12:00:00,2012-03-01
602,5_2012-03-01 09:15:00,5,0.0,0.0,0.0,0.0,0.0,09:15:00,2012-03-01
603,8_2012-03-01 08:45:00,8,0.0,0.0,0.0,0.0,0.0,08:45:00,2012-03-01
604,4_2012-03-01 08:30:00,4,0.0,0.0,0.0,0.0,0.0,08:30:00,2012-03-01
605,76_2012-03-01 05:30:00,76,0.0,0.0,0.0,0.0,0.0,05:30:00,2012-03-01
606,29_2012-03-01 17:15:00,29,0.0,0.0,0.0,0.0,0.0,17:15:00,2012-03-01
607,76_2012-03-01 07:15:00,76,0.0,0.0,0.0,0.0,0.0,07:15:00,2012-03-01
608,29_2012-03-01 06:00:00,29,0.0,0.0,0.0,0.0,0.0,06:00:00,2012-03-01
609,69_2012-03-01 18:45:00,69,0.0,0.0,0.0,0.0,0.0,18:45:00,2012-03-01
610,4_2012-03-01 08:15:00,4,0.0,0.0,0.0,0.0,0.0,08:15:00,2012-03-01
611,14_2012-03-01 16:00:00,14,0.0,0.0,0.0,0.0,0.0,16:00:00,2012-03-01
612,76_2012-03-01 03:45:00,76,0.0,0.0,0.0,0.0,0.0,03:45:00,2012-03-01
613,36_2012-03-01 18:15:00,36,0.0,0.0,0.0,0.0,0.0,18:15:00,2012-03-01
614,35_2012-03-01 23:45:00,35,0.0,0.0,0.0,0.0,0.0,23:45:00,2012-03-01
615,8_2012-03-01 05:45:00,8,0.0,0.0,0.0,0.0,0.0,05:45:00,2012-03-01
616,50_2012-03-01 18:30:00,50,0.0,0.0,0.0,0.0,0.0,18:30:00,2012-03-01
617,29_2012-03-01 09:30:00,29,0.0,0.0,0.0,0.0,0.0,09:30:00,2012-03-01
618,76_2012-03-01 06:30:00,76,0.0,0.0,0.0,0.0,0.0,06:30:00,2012-03-01
619,44_2012-03-01 12:15:00,44,0.0,0.0,0.0,0.0,0.0,12:15:00,2012-03-01
620,48_2012-03-01 23:30:00,48,0.0,0.0,0.0,0.0,0.0,23:30:00,2012-03-01
621,70_2012-03-01 23:45:00,70,0.0,0.0,0.0,0.0,0.0,23:45:00,2012-03-01
622,69_2012-03-01 14:30:00,69,0.0,0.0,0.0,0.0,0.0,14:30:00,2012-03-01
623,36_2012-03-01 21:15:00,36,0.0,0.0,0.0,0.0,0.0,21:15:00,2012-03-01
624,44_2012-03-01 22:00:00,44,0.0,0.0,0.0,0.0,0.0,22:00:00,2012-03-01
625,29_2012-03-01 13:00:00,29,0.0,0.0,0.0,0.0,0.0,13:00:00,2012-03-01
626,44_2012-03-01 19:30:00,44,0.0,0.0,0.0,0.0,0.0,19:30:00,2012-03-01
627,50_2012-03-01 08:15:00,50,0.0,0.0,0.0,0.0,0.0,08:15:00,2012-03-01
628,35_2012-03-01 06:45:00,35,0.0,0.0,0.0,0.0,0.0,06:45:00,2012-03-01
629,8_2012-03-01 07:30:00,8,0.0,0.0,0.0,0.0,0.0,07:30:00,2012-03-01
630,69_2012-03-01 22:45:00,69,0.0,0.0,0.0,0.0,0.0,22:45:00,2012-03-01
631,36_2012-03-01 13:30:00,36,0.0,0.0,0.0,0.0,0.0,13:30:00,2012-03-01
632,5_2012-03-01 14:15:00,5,0.0,0.0,0.0,0.0,0.0,14:15:00,2012-03-01
633,47_2012-03-01 10:00:00,47,0.0,0.0,0.0,0.0,0.0,10:00:00,2012-03-01
634,4_2012-03-01 21:15:00,4,0.0,0.0,0.0,0.0,0.0,21:15:00,2012-03-01
635,76_2012-03-01 21:30:00,76,0.0,0.0,0.0,0.0,0.0,21:30:00,2012-03-01
636,47_2012-03-01 03:00:00,47,0.0,0.0,0.0,0.0,0.0,03:00:00,2012-03-01
637,4_2012-03-01 00:15:00,4,0.0,0.0,0.0,0.0,0.0,00:15:00,2012-03-01
638,4_2012-03-01 06:15:00,4,0.0,0.0,0.0,0.0,0.0,06:15:00,2012-03-01
639,30_2012-03-01 08:30:00,30,0.0,0.0,0.0,0.0,0.0,08:30:00,2012-03-01
640,8_2012-03-01 11:45:00,8,0.0,0.0,0.0,0.0,0.0,11:45:00,2012-03-01
641,36_2012-03-01 11:45:00,36,0.0,0.0,0.0,0.0,0.0,11:45:00,2012-03-01
642,29_2012-03-01 21:15:00,29,0.0,0.0,0.0,0.0,0.0,21:15:00,2012-03-01
643,30_2012-03-01 07:30:00,30,0.0,0.0,0.0,0.0,0.0,07:30:00,2012-03-01
644,76_2012-03-01 23:00:00,76,0.0,0.0,0.0,0.0,0.0,23:00:00,2012-03-01
645,50_2012-03-01 19:00:00,50,0.0,0.0,0.0,0.0,0.0,19:00:00,2012-03-01
646,76_2012-03-01 12:45:00,76,0.0,0.0,0.0,0.0,0.0,12:45:00,2012-03-01
647,14_2012-03-01 18:45:00,14,0.0,0.0,0.0,0.0,0.0,18:45:00,2012-03-01
648,69_2012-03-01 20:15:00,69,0.0,0.0,0.0,0.0,0.0,20:15:00,2012-03-01
649,69_2012-03-01 17:45:00,69,0.0,0.0,0.0,0.0,0.0,17:45:00,2012-03-01
650,29_2012-03-01 23:45:00,29,0.0,0.0,0.0,0.0,0.0,23:45:00,2012-03-01
651,36_2012-03-01 00:30:00,36,0.0,0.0,0.0,0.0,0.0,00:30:00,2012-03-01
652,69_2012-03-01 01:45:00,69,0.0,0.0,0.0,0.0,0.0,01:45:00,2012-03-01
653,70_2012-03-01 19:45:00,70,0.0,0.0,0.0,0.0,0.0,19:45:00,2012-03-01
654,1_2012-03-01 12:15:00,1,0.0,0.0,0.0,0.0,0.0,12:15:00,2012-03-01
655,14_2012-03-01 20:00:00,14,0.0,0.0,0.0,0.0,0.0,20:00:00,2012-03-01
656,44_2012-03-01 09:15:00,44,0.0,0.0,0.0,0.0,0.0,09:15:00,2012-03-01
657,44_2012-03-01 13:15:00,44,0.0,0.0,0.0,0.0,0.0,13:15:00,2012-03-01
658,70_2012-03-01 16:30:00,70,0.0,0.0,0.0,0.0,0.0,16:30:00,2012-03-01
659,29_2012-03-01 23:30:00,29,0.0,0.0,0.0,0.0,0.0,23:30:00,2012-03-01
660,4_2012-03-01 08:45:00,4,0.0,0.0,0.0,0.0,0.0,08:45:00,2012-03-01
661,69_2012-03-01 00:00:00,69,0.0,0.0,0.0,0.0,0.0,00:00:00,2012-03-01
662,30_2012-03-01 21:00:00,30,0.0,0.0,0.0,0.0,0.0,21:00:00,2012-03-01
663,8_2012-03-01 16:00:00,8,0.0,0.0,0.0,0.0,0.0,16:00:00,2012-03-01
664,4_2012-03-01 11:00:00,4,0.0,0.0,0.0,0.0,0.0,11:00:00,2012-03-01
665,44_2012-03-01 02:15:00,44,0.0,0.0,0.0,0.0,0.0,02:15:00,2012-03-01
666,14_2012-03-01 08:45:00,14,0.0,0.0,0.0,0.0,0.0,08:45:00,2012-03-01
667,44_2012-03-01 08:15:00,44,0.0,0.0,0.0,0.0,0.0,08:15:00,2012-03-01
668,76_2012-03-01 20:45:00,76,0.0,0.0,0.0,0.0,0.0,20:45:00,2012-03-01
669,47_2012-03-01 02:15:00,47,0.0,0.0,0.0,0.0,0.0,02:15:00,2012-03-01
670,36_2012-03-01 07:45:00,36,0.0,0.0,0.0,0.0,0.0,07:45:00,2012-03-01
671,76_2012-03-01 17:30:00,76,0.0,0.0,0.0,0.0,0.0,17:30:00,2012-03-01
672,30_2012-03-01 01:00:00,30,0.0,0.0,0.0,0.0,0.0,01:00:00,2012-03-01
673,44_2012-03-01 08:00:00,44,0.0,0.0,0.0,0.0,0.0,08:00:00,2012-03-01
674,50_2012-03-01 17:15:00,50,0.0,0.0,0.0,0.0,0.0,17:15:00,2012-03-01
675,76_2012-03-01 21:45:00,76,0.0,0.0,0.0,0.0,0.0,21:45:00,2012-03-01
676,4_2012-03-01 23:45:00,4,0.0,0.0,0.0,0.0,0.0,23:45:00,2012-03-01
677,50_2012-03-01 21:15:00,50,0.0,0.0,0.0,0.0,0.0,21:15:00,2012-03-01
678,29_2012-03-01 20:45:00,29,0.0,0.0,0.0,0.0,0.0,20:45:00,2012-03-01
679,35_2012-03-01 18:45:00,35,0.0,0.0,0.0,0.0,0.0,18:45:00,2012-03-01
680,50_2012-03-01 03:15:00,50,0.0,0.0,0.0,0.0,0.0,03:15:00,2012-03-01
681,5_2012-03-01 16:15:00,5,0.0,0.0,0.0,0.0,0.0,16:15:00,2012-03-01
682,29_2012-03-01 06:30:00,29,0.0,0.0,0.0,0.0,0.0,06:30:00,2012-03-01
683,36_2012-03-01 15:15:00,36,0.0,0.0,0.0,0.0,0.0,15:15:00,2012-03-01
684,36_2012-03-01 18:30:00,36,0.0,0.0,0.0,0.0,0.0,18:30:00,2012-03-01
685,30_2012-03-01 10:30:00,30,0.0,0.0,0.0,0.0,0.0,10:30:00,2012-03-01
686,8_2012-03-01 02:00:00,8,0.0,0.0,0.0,0.0,0.0,02:00:00,2012-03-01
687,69_2012-03-01 08:15:00,69,0.0,0.0,0.0,0.0,0.0,08:15:00,2012-03-01
688,5_2012-03-01 14:30:00,5,0.0,0.0,0.0,0.0,0.0,14:30:00,2012-03-01
689,69_2012-03-01 18:30:00,69,0.0,0.0,0.0,0.0,0.0,18:30:00,2012-03-01
690,4_2012-03-01 04:45:00,4,0.0,0.0,0.0,0.0,0.0,04:45:00,2012-03-01
691,50_2012-03-01 11:45:00,50,0.0,0.0,0.0,0.0,0.0,11:45:00,2012-03-01
692,44_2012-03-01 09:00:00,44,0.0,0.0,0.0,0.0,0.0,09:00:00,2012-03-01
693,44_2012-03-01 01:30:00,44,0.0,0.0,0.0,0.0,0.0,01:30:00,2012-03-01
694,1_2012-03-01 12:30:00,1,0.0,0.0,0.0,0.0,0.0,12:30:00,2012-03-01
695,44_2012-03-01 03:15:00,44,0.0,0.0,0.0,0.0,0.0,03:15:00,2012-03-01
696,50_2012-03-01 12:45:00,50,0.0,0.0,0.0,0.0,0.0,12:45:00,2012-03-01
697,76_2012-03-01 20:30:00,76,0.0,0.0,0.0,0.0,0.0,20:30:00,2012-03-01
698,50_2012-03-01 04:00:00,50,0.0,0.0,0.0,0.0,0.0,04:00:00,2012-03-01
699,70_2012-03-01 22:00:00,70,0.0,0.0,0.0,0.0,0.0,22:00:00,2012-03-01
700,47_2012-03-01 23:00:00,47,0.0,0.0,0.0,0.0,0.0,23:00:00,2012-03-01
701,44_2012-03-01 10:00:00,44,0.0,0.0,0.0,0.0,0.0,10:00:00,2012-03-01
702,70_2012-03-01 02:30:00,70,0.0,0.0,0.0,0.0,0.0,02:30:00,2012-03-01
703,8_2012-03-01 16:30:00,8,0.0,0.0,0.0,0.0,0.0,16:30:00,2012-03-01
704,48_2012-03-01 01:15:00,48,0.0,0.0,0.0,0.0,0.0,01:15:00,2012-03-01
705,5_2012-03-01 16:00:00,5,0.0,0.0,0.0,0.0,0.0,16:00:00,2012-03-01
706,70_2012-03-01 08:30:00,70,0.0,0.0,0.0,0.0,0.0,08:30:00,2012-03-01
707,29_2012-03-01 08:00:00,29,0.0,0.0,0.0,0.0,0.0,08:00:00,2012-03-01
708,30_2012-03-01 20:15:00,30,0.0,0.0,0.0,0.0,0.0,20:15:00,2012-03-01
709,4_2012-03-01 14:45:00,4,0.0,0.0,0.0,0.0,0.0,14:45:00,2012-03-01
710,5_2012-03-01 11:00:00,5,0.0,0.0,0.0,0.0,0.0,11:00:00,2012-03-01
711,30_2012-03-01 06:15:00,30,0.0,0.0,0.0,0.0,0.0,06:15:00,2012-03-01
712,29_2012-03-01 14:45:00,29,0.0,0.0,0.0,0.0,0.0,14:45:00,2012-03-01
713,5_2012-03-01 22:15:00,5,0.0,0.0,0.0,0.0,0.0,22:15:00,2012-03-01
714,5_2012-03-01 11:30:00,5,0.0,0.0,0.0,0.0,0.0,11:30:00,2012-03-01
715,14_2012-03-01 03:45:00,14,0.0,0.0,0.0,0.0,0.0,03:45:00,2012-03-01
716,35_2012-03-01 21:45:00,35,0.0,0.0,0.0,0.0,0.0,21:45:00,2012-03-01
717,5_2012-03-01 09:00:00,5,0.0,0.0,0.0,0.0,0.0,09:00:00,2012-03-01
718,30_2012-03-01 10:00:00,30,0.0,0.0,0.0,0.0,0.0,10:00:00,2012-03-01
719,70_2012-03-01 21:15:00,70,0.0,0.0,0.0,0.0,0.0,21:15:00,2012-03-01
720,8_2012-03-01 05:30:00,8,0.0,0.0,0.0,0.0,0.0,05:30:00,2012-03-01
721,4_2012-03-01 20:30:00,4,0.0,0.0,0.0,0.0,0.0,20:30:00,2012-03-01
722,70_2012-03-01 19:15:00,70,0.0,0.0,0.0,0.0,0.0,19:15:00,2012-03-01
723,14_2012-03-01 19:00:00,14,0.0,0.0,0.0,0.0,0.0,19:00:00,2012-03-01
724,30_2012-03-01 05:15:00,30,0.0,0.0,0.0,0.0,0.0,05:15:00,2012-03-01
725,50_2012-03-01 12:30:00,50,0.0,0.0,0.0,0.0,0.0,12:30:00,2012-03-01
726,14_2012-03-01 02:00:00,14,0.0,0.0,0.0,0.0,0.0,02:00:00,2012-03-01
727,29_2012-03-01 17:45:00,29,0.0,0.0,0.0,0.0,0.0,17:45:00,2012-03-01
728,8_2012-03-01 21:15:00,8,0.0,0.0,0.0,0.0,0.0,21:15:00,2012-03-01
729,44_2012-03-01 08:45:00,44,0.0,0.0,0.0,0.0,0.0,08:45:00,2012-03-01
730,14_2012-03-01 04:15:00,14,0.0,0.0,0.0,0.0,0.0,04:15:00,2012-03-01
731,36_2012-03-01 09:00:00,36,0.0,0.0,0.0,0.0,0.0,09:00:00,2012-03-01
732,35_2012-03-01 01:15:00,35,0.0,0.0,0.0,0.0,0.0,01:15:00,2012-03-01
733,70_2012-03-01 15:45:00,70,0.0,0.0,0.0,0.0,0.0,15:45:00,2012-03-01
734,14_2012-03-01 07:45:00,14,0.0,0.0,0.0,0.0,0.0,07:45:00,2012-03-01
735,47_2012-03-01 19:15:00,47,0.0,0.0,0.0,0.0,0.0,19:15:00,2012-03-01
736,14_2012-03-01 19:30:00,14,0.0,0.0,0.0,0.0,0.0,19:30:00,2012-03-01
737,1_2012-03-01 04:30:00,1,0.0,0.0,0.0,0.0,0.0,04:30:00,2012-03-01
738,14_2012-03-01 22:00:00,14,0.0,0.0,0.0,0.0,0.0,22:00:00,2012-03-01
739,69_2012-03-01 21:30:00,69,0.0,0.0,0.0,0.0,0.0,21:30:00,2012-03-01
740,44_2012-03-01 16:45:00,44,0.0,0.0,0.0,0.0,0.0,16:45:00,2012-03-01
741,5_2012-03-01 21:15:00,5,0.0,0.0,0.0,0.0,0.0,21:15:00,2012-03-01
742,69_2012-03-01 16:15:00,69,0.0,0.0,0.0,0.0,0.0,16:15:00,2012-03-01
743,47_2012-03-01 22:00:00,47,0.0,0.0,0.0,0.0,0.0,22:00:00,2012-03-01
744,8_2012-03-01 23:30:00,8,0.0,0.0,0.0,0.0,0.0,23:30:00,2012-03-01
745,76_2012-03-01 19:00:00,76,0.0,0.0,0.0,0.0,0.0,19:00:00,2012-03-01
746,29_2012-03-01 18:15:00,29,0.0,0.0,0.0,0.0,0.0,18:15:00,2012-03-01
747,8_2012-03-01 19:30:00,8,0.0,0.0,0.0,0.0,0.0,19:30:00,2012-03-01
748,35_2012-03-01 13:00:00,35,0.0,0.0,0.0,0.0,0.0,13:00:00,2012-03-01
749,8_2012-03-01 01:30:00,8,0.0,0.0,0.0,0.0,0.0,01:30:00,2012-03-01
750,70_2012-03-01 01:15:00,70,0.0,0.0,0.0,0.0,0.0,01:15:00,2012-03-01
751,5_2012-03-01 10:45:00,5,0.0,0.0,0.0,0.0,0.0,10:45:00,2012-03-01
752,5_2012-03-01 10:00:00,5,0.0,0.0,0.0,0.0,0.0,10:00:00,2012-03-01
753,50_2012-03-01 14:45:00,50,0.0,0.0,0.0,0.0,0.0,14:45:00,2012-03-01
754,5_2012-03-01 23:15:00,5,0.0,0.0,0.0,0.0,0.0,23:15:00,2012-03-01
755,50_2012-03-01 20:45:00,50,0.0,0.0,0.0,0.0,0.0,20:45:00,2012-03-01
756,76_2012-03-01 14:00:00,76,0.0,0.0,0.0,0.0,0.0,14:00:00,2012-03-01
757,30_2012-03-01 13:45:00,30,0.0,0.0,0.0,0.0,0.0,13:45:00,2012-03-01
758,36_2012-03-01 20:45:00,36,0.0,0.0,0.0,0.0,0.0,20:45:00,2012-03-01
759,1_2012-03-01 17:30:00,1,0.0,0.0,0.0,0.0,0.0,17:30:00,2012-03-01
760,4_2012-03-01 00:30:00,4,0.0,0.0,0.0,0.0,0.0,00:30:00,2012-03-01
761,76_2012-03-01 20:15:00,76,0.0,0.0,0.0,0.0,0.0,20:15:00,2012-03-01
762,14_2012-03-01 11:15:00,14,0.0,0.0,0.0,0.0,0.0,11:15:00,2012-03-01
763,70_2012-03-01 10:00:00,70,0.0,0.0,0.0,0.0,0.0,10:00:00,2012-03-01
764,30_2012-03-01 19:45:00,30,0.0,0.0,0.0,0.0,0.0,19:45:00,2012-03-01
765,5_2012-03-01 12:45:00,5,0.0,0.0,0.0,0.0,0.0,12:45:00,2012-03-01
766,35_2012-03-01 14:00:00,35,0.0,0.0,0.0,0.0,0.0,14:00:00,2012-03-01
767,29_2012-03-01 03:15:00,29,0.0,0.0,0.0,0.0,0.0,03:15:00,2012-03-01
768,29_2012-03-01 22:00:00,29,0.0,0.0,0.0,0.0,0.0,22:00:00,2012-03-01
769,70_2012-03-01 07:45:00,70,0.0,0.0,0.0,0.0,0.0,07:45:00,2012-03-01
770,5_2012-03-01 23:45:00,5,0.0,0.0,0.0,0.0,0.0,23:45:00,2012-03-01
771,47_2012-03-01 23:30:00,47,0.0,0.0,0.0,0.0,0.0,23:30:00,2012-03-01
772,4_2012-03-01 17:45:00,4,0.0,0.0,0.0,0.0,0.0,17:45:00,2012-03-01
773,47_2012-03-01 16:45:00,47,0.0,0.0,0.0,0.0,0.0,16:45:00,2012-03-01
774,50_2012-03-01 04:30:00,50,0.0,0.0,0.0,0.0,0.0,04:30:00,2012-03-01
775,48_2012-03-01 03:45:00,48,0.0,0.0,0.0,0.0,0.0,03:45:00,2012-03-01
776,70_2012-03-01 14:00:00,70,0.0,0.0,0.0,0.0,0.0,14:00:00,2012-03-01
777,47_2012-03-01 08:45:00,47,0.0,0.0,0.0,0.0,0.0,08:45:00,2012-03-01
778,29_2012-03-01 16:15:00,29,0.0,0.0,0.0,0.0,0.0,16:15:00,2012-03-01
779,5_2012-03-01 13:15:00,5,0.0,0.0,0.0,0.0,0.0,13:15:00,2012-03-01
780,76_2012-03-01 17:00:00,76,0.0,0.0,0.0,0.0,0.0,17:00:00,2012-03-01
781,47_2012-03-01 21:30:00,47,0.0,0.0,0.0,0.0,0.0,21:30:00,2012-03-01
782,47_2012-03-01 20:30:00,47,0.0,0.0,0.0,0.0,0.0,20:30:00,2012-03-01
783,8_2012-03-01 07:45:00,8,0.0,0.0,0.0,0.0,0.0,07:45:00,2012-03-01
784,35_2012-03-01 07:30:00,35,0.0,0.0,0.0,0.0,0.0,07:30:00,2012-03-01
785,4_2012-03-01 12:30:00,4,0.0,0.0,0.0,0.0,0.0,12:30:00,2012-03-01
786,47_2012-03-01 16:30:00,47,0.0,0.0,0.0,0.0,0.0,16:30:00,2012-03-01
787,47_2012-03-01 15:45:00,47,0.0,0.0,0.0,0.0,0.0,15:45:00,2012-03-01
788,69_2012-03-01 18:00:00,69,0.0,0.0,0.0,0.0,0.0,18:00:00,2012-03-01
789,29_2012-03-01 03:30:00,29,0.0,0.0,0.0,0.0,0.0,03:30:00,2012-03-01
790,30_2012-03-01 09:45:00,30,0.0,0.0,0.0,0.0,0.0,09:45:00,2012-03-01
791,8_2012-03-01 09:00:00,8,0.0,0.0,0.0,0.0,0.0,09:00:00,2012-03-01
792,35_2012-03-01 12:00:00,35,0.0,0.0,0.0,0.0,0.0,12:00:00,2012-03-01
793,36_2012-03-01 01:30:00,36,0.0,0.0,0.0,0.0,0.0,01:30:00,2012-03-01
794,8_2012-03-01 17:15:00,8,0.0,0.0,0.0,0.0,0.0,17:15:00,2012-03-01
795,48_2012-03-01 21:30:00,48,0.0,0.0,0.0,0.0,0.0,21:30:00,2012-03-01
796,47_2012-03-01 18:00:00,47,0.0,0.0,0.0,0.0,0.0,18:00:00,2012-03-01
797,50_2012-03-01 06:15:00,50,0.0,0.0,0.0,0.0,0.0,06:15:00,2012-03-01
798,47_2012-03-01 17:45:00,47,0.0,0.0,0.0,0.0,0.0,17:45:00,2012-03-01
799,76_2012-03-01 18:15:00,76,0.0,0.0,0.0,0.0,0.0,18:15:00,2012-03-01
800,47_2012-03-01 12:45:00,47,0.0,0.0,0.0,0.0,0.0,12:45:00,2012-03-01
801,76_2012-03-01 15:00:00,76,0.0,0.0,0.0,0.0,0.0,15:00:00,2012-03-01
802,50_2012-03-01 11:15:00,50,0.0,0.0,0.0,0.0,0.0,11:15:00,2012-03-01
803,47_2012-03-01 17:15:00,47,0.0,0.0,0.0,0.0,0.0,17:15:00,2012-03-01
804,35_2012-03-01 22:15:00,35,0.0,0.0,0.0,0.0,0.0,22:15:00,2012-03-01
805,35_2012-03-01 07:45:00,35,0.0,0.0,0.0,0.0,0.0,07:45:00,2012-03-01
806,76_2012-03-01 11:30:00,76,0.0,0.0,0.0,0.0,0.0,11:30:00,2012-03-01
807,44_2012-03-01 18:45:00,44,0.0,0.0,0.0,0.0,0.0,18:45:00,2012-03-01
808,35_2012-03-01 05:45:00,35,0.0,0.0,0.0,0.0,0.0,05:45:00,2012-03-01
809,70_2012-03-01 16:00:00,70,0.0,0.0,0.0,0.0,0.0,16:00:00,2012-03-01
810,70_2012-03-01 20:15:00,70,0.0,0.0,0.0,0.0,0.0,20:15:00,2012-03-01
811,4_2012-03-01 00:45:00,4,0.0,0.0,0.0,0.0,0.0,00:45:00,2012-03-01
812,70_2012-03-01 05:00:00,70,0.0,0.0,0.0,0.0,0.0,05:00:00,2012-03-01
813,1_2012-03-01 04:45:00,1,0.0,0.0,0.0,0.0,0.0,04:45:00,2012-03-01
814,8_2012-03-01 17:45:00,8,0.0,0.0,0.0,0.0,0.0,17:45:00,2012-03-01
815,44_2012-03-01 04:45:00,44,0.0,0.0,0.0,0.0,0.0,04:45:00,2012-03-01
816,36_2012-03-01 03:00:00,36,0.0,0.0,0.0,0.0,0.0,03:00:00,2012-03-01
817,4_2012-03-01 03:00:00,4,0.0,0.0,0.0,0.0,0.0,03:00:00,2012-03-01
818,47_2012-03-01 03:45:00,47,0.0,0.0,0.0,0.0,0.0,03:45:00,2012-03-01
819,47_2012-03-01 21:15:00,47,0.0,0.0,0.0,0.0,0.0,21:15:00,2012-03-01
820,35_2012-03-01 18:30:00,35,0.0,0.0,0.0,0.0,0.0,18:30:00,2012-03-01
821,30_2012-03-01 07:45:00,30,0.0,0.0,0.0,0.0,0.0,07:45:00,2012-03-01
822,8_2012-03-01 05:15:00,8,0.0,0.0,0.0,0.0,0.0,05:15:00,2012-03-01
823,14_2012-03-01 08:00:00,14,0.0,0.0,0.0,0.0,0.0,08:00:00,2012-03-01
824,29_2012-03-01 16:30:00,29,0.0,0.0,0.0,0.0,0.0,16:30:00,2012-03-01
825,76_2012-03-01 15:30:00,76,0.0,0.0,0.0,0.0,0.0,15:30:00,2012-03-01
826,14_2012-03-01 06:30:00,14,0.0,0.0,0.0,0.0,0.0,06:30:00,2012-03-01
827,30_2012-03-01 15:30:00,30,0.0,0.0,0.0,0.0,0.0,15:30:00,2012-03-01
828,5_2012-03-01 21:30:00,5,0.0,0.0,0.0,0.0,0.0,21:30:00,2012-03-01
829,30_2012-03-01 11:45:00,30,0.0,0.0,0.0,0.0,0.0,11:45:00,2012-03-01
830,70_2012-03-01 03:15:00,70,0.0,0.0,0.0,0.0,0.0,03:15:00,2012-03-01
831,70_2012-03-01 17:00:00,70,0.0,0.0,0.0,0.0,0.0,17:00:00,2012-03-01
832,5_2012-03-01 19:45:00,5,0.0,0.0,0.0,0.0,0.0,19:45:00,2012-03-01
833,70_2012-03-01 12:30:00,70,0.0,0.0,0.0,0.0,0.0,12:30:00,2012-03-01
834,69_2012-03-01 14:15:00,69,0.0,0.0,0.0,0.0,0.0,14:15:00,2012-03-01
835,48_2012-03-01 21:45:00,48,0.0,0.0,0.0,0.0,0.0,21:45:00,2012-03-01
836,50_2012-03-01 08:30:00,50,0.0,0.0,0.0,0.0,0.0,08:30:00,2012-03-01
837,8_2012-03-01 06:00:00,8,0.0,0.0,0.0,0.0,0.0,06:00:00,2012-03-01
838,36_2012-03-01 12:00:00,36,0.0,0.0,0.0,0.0,0.0,12:00:00,2012-03-01
839,4_2012-03-01 14:15:00,4,0.0,0.0,0.0,0.0,0.0,14:15:00,2012-03-01
840,76_2012-03-01 06:00:00,76,0.0,0.0,0.0,0.0,0.0,06:00:00,2012-03-01
841,70_2012-03-01 13:45:00,70,0.0,0.0,0.0,0.0,0.0,13:45:00,2012-03-01
842,76_2012-03-01 22:15:00,76,0.0,0.0,0.0,0.0,0.0,22:15:00,2012-03-01
843,76_2012-03-01 05:00:00,76,0.0,0.0,0.0,0.0,0.0,05:00:00,2012-03-01
844,36_2012-03-01 06:30:00,36,0.0,0.0,0.0,0.0,0.0,06:30:00,2012-03-01
845,1_2012-03-01 22:30:00,1,0.0,0.0,0.0,0.0,0.0,22:30:00,2012-03-01
846,44_2012-03-01 00:45:00,44,0.0,0.0,0.0,0.0,0.0,00:45:00,2012-03-01
847,76_2012-03-01 02:45:00,76,0.0,0.0,0.0,0.0,0.0,02:45:00,2012-03-01
848,36_2012-03-01 02:15:00,36,0.0,0.0,0.0,0.0,0.0,02:15:00,2012-03-01
849,8_2012-03-01 20:45:00,8,0.0,0.0,0.0,0.0,0.0,20:45:00,2012-03-01
850,70_2012-03-01 06:15:00,70,0.0,0.0,0.0,0.0,0.0,06:15:00,2012-03-01
851,30_2012-03-01 09:15:00,30,0.0,0.0,0.0,0.0,0.0,09:15:00,2012-03-01
852,29_2012-03-01 06:45:00,29,0.0,0.0,0.0,0.0,0.0,06:45:00,2012-03-01
853,29_2012-03-01 21:30:00,29,0.0,0.0,0.0,0.0,0.0,21:30:00,2012-03-01
854,48_2012-03-01 12:15:00,48,0.0,0.0,0.0,0.0,0.0,12:15:00,2012-03-01
855,35_2012-03-01 00:30:00,35,0.0,0.0,0.0,0.0,0.0,00:30:00,2012-03-01
856,48_2012-03-01 04:45:00,48,0.0,0.0,0.0,0.0,0.0,04:45:00,2012-03-01
857,76_2012-03-01 16:15:00,76,0.0,0.0,0.0,0.0,0.0,16:15:00,2012-03-01
858,4_2012-03-01 22:30:00,4,0.0,0.0,0.0,0.0,0.0,22:30:00,2012-03-01
859,47_2012-03-01 14:45:00,47,0.0,0.0,0.0,0.0,0.0,14:45:00,2012-03-01
860,1_2012-03-01 16:15:00,1,0.0,0.0,0.0,0.0,0.0,16:15:00,2012-03-01
861,8_2012-03-01 07:00:00,8,0.0,0.0,0.0,0.0,0.0,07:00:00,2012-03-01
862,14_2012-03-01 00:30:00,14,0.0,0.0,0.0,0.0,0.0,00:30:00,2012-03-01
863,47_2012-03-01 09:45:00,47,0.0,0.0,0.0,0.0,0.0,09:45:00,2012-03-01
864,44_2012-03-01 16:15:00,44,0.0,0.0,0.0,0.0,0.0,16:15:00,2012-03-01
865,69_2012-03-01 23:45:00,69,0.0,0.0,0.0,0.0,0.0,23:45:00,2012-03-01
866,48_2012-03-01 17:30:00,48,0.0,0.0,0.0,0.0,0.0,17:30:00,2012-03-01
867,69_2012-03-01 09:15:00,69,0.0,0.0,0.0,0.0,0.0,09:15:00,2012-03-01
868,50_2012-03-01 10:00:00,50,0.0,0.0,0.0,0.0,0.0,10:00:00,2012-03-01
869,1_2012-03-01 21:45:00,1,0.0,0.0,0.0,0.0,0.0,21:45:00,2012-03-01
870,14_2012-03-01 12:15:00,14,0.0,0.0,0.0,0.0,0.0,12:15:00,2012-03-01
871,5_2012-03-01 13:30:00,5,0.0,0.0,0.0,0.0,0.0,13:30:00,2012-03-01
872,5_2012-03-01 01:30:00,5,0.0,0.0,0.0,0.0,0.0,01:30:00,2012-03-01
873,4_2012-03-01 09:00:00,4,0.0,0.0,0.0,0.0,0.0,09:00:00,2012-03-01
874,1_2012-03-01 08:00:00,1,0.0,0.0,0.0,0.0,0.0,08:00:00,2012-03-01
875,36_2012-03-01 20:15:00,36,0.0,0.0,0.0,0.0,0.0,20:15:00,2012-03-01
876,1_2012-03-01 17:15:00,1,0.0,0.0,0.0,0.0,0.0,17:15:00,2012-03-01
877,1_2012-03-01 15:45:00,1,0.0,0.0,0.0,0.0,0.0,15:45:00,2012-03-01
878,14_2012-03-01 11:45:00,14,0.0,0.0,0.0,0.0,0.0,11:45:00,2012-03-01
879,14_2012-03-01 08:15:00,14,0.0,0.0,0.0,0.0,0.0,08:15:00,2012-03-01
880,8_2012-03-01 19:15:00,8,0.0,0.0,0.0,0.0,0.0,19:15:00,2012-03-01
881,70_2012-03-01 10:45:00,70,0.0,0.0,0.0,0.0,0.0,10:45:00,2012-03-01
882,44_2012-03-01 13:45:00,44,0.0,0.0,0.0,0.0,0.0,13:45:00,2012-03-01
883,36_2012-03-01 09:15:00,36,0.0,0.0,0.0,0.0,0.0,09:15:00,2012-03-01
884,36_2012-03-01 15:30:00,36,0.0,0.0,0.0,0.0,0.0,15:30:00,2012-03-01
885,4_2012-03-01 20:00:00,4,0.0,0.0,0.0,0.0,0.0,20:00:00,2012-03-01
886,47_2012-03-01 00:45:00,47,0.0,0.0,0.0,0.0,0.0,00:45:00,2012-03-01
887,76_2012-03-01 07:45:00,76,0.0,0.0,0.0,0.0,0.0,07:45:00,2012-03-01
888,70_2012-03-01 00:15:00,70,0.0,0.0,0.0,0.0,0.0,00:15:00,2012-03-01
889,14_2012-03-01 06:45:00,14,0.0,0.0,0.0,0.0,0.0,06:45:00,2012-03-01
890,8_2012-03-01 00:45:00,8,0.0,0.0,0.0,0.0,0.0,00:45:00,2012-03-01
891,44_2012-03-01 06:30:00,44,0.0,0.0,0.0,0.0,0.0,06:30:00,2012-03-01
892,30_2012-03-01 21:45:00,30,0.0,0.0,0.0,0.0,0.0,21:45:00,2012-03-01
893,70_2012-03-01 20:45:00,70,0.0,0.0,0.0,0.0,0.0,20:45:00,2012-03-01
894,44_2012-03-01 00:30:00,44,0.0,0.0,0.0,0.0,0.0,00:30:00,2012-03-01
895,70_2012-03-01 17:30:00,70,0.0,0.0,0.0,0.0,0.0,17:30:00,2012-03-01
896,29_2012-03-01 01:15:00,29,0.0,0.0,0.0,0.0,0.0,01:15:00,2012-03-01
897,5_2012-03-01 01:00:00,5,0.0,0.0,0.0,0.0,0.0,01:00:00,2012-03-01
898,47_2012-03-01 13:45:00,47,0.0,0.0,0.0,0.0,0.0,13:45:00,2012-03-01
899,8_2012-03-01 00:00:00,8,0.0,0.0,0.0,0.0,0.0,00:00:00,2012-03-01
900,4_2012-03-01 13:45:00,4,0.0,0.0,0.0,0.0,0.0,13:45:00,2012-03-01
901,48_2012-03-01 18:30:00,48,0.0,0.0,0.0,0.0,0.0,18:30:00,2012-03-01
902,50_2012-03-01 19:45:00,50,0.0,0.0,0.0,0.0,0.0,19:45:00,2012-03-01
903,47_2012-03-01 17:30:00,47,0.0,0.0,0.0,0.0,0.0,17:30:00,2012-03-01
904,30_2012-03-01 03:45:00,30,0.0,0.0,0.0,0.0,0.0,03:45:00,2012-03-01
905,30_2012-03-01 14:15:00,30,0.0,0.0,0.0,0.0,0.0,14:15:00,2012-03-01
906,14_2012-03-01 23:45:00,14,0.0,0.0,0.0,0.0,0.0,23:45:00,2012-03-01
907,14_2012-03-01 09:00:00,14,0.0,0.0,0.0,0.0,0.0,09:00:00,2012-03-01
908,14_2012-03-01 13:30:00,14,0.0,0.0,0.0,0.0,0.0,13:30:00,2012-03-01
909,50_2012-03-01 03:30:00,50,0.0,0.0,0.0,0.0,0.0,03:30:00,2012-03-01
910,30_2012-03-01 01:30:00,30,0.0,0.0,0.0,0.0,0.0,01:30:00,2012-03-01
911,30_2012-03-01 23:45:00,30,0.0,0.0,0.0,0.0,0.0,23:45:00,2012-03-01
912,35_2012-03-01 15:30:00,35,0.0,0.0,0.0,0.0,0.0,15:30:00,2012-03-01
913,1_2012-03-01 04:15:00,1,0.0,0.0,0.0,0.0,0.0,04:15:00,2012-03-01
914,1_2012-03-01 00:00:00,1,0.0,0.0,0.0,0.0,0.0,00:00:00,2012-03-01
915,14_2012-03-01 21:30:00,14,0.0,0.0,0.0,0.0,0.0,21:30:00,2012-03-01
916,47_2012-03-01 20:15:00,47,0.0,0.0,0.0,0.0,0.0,20:15:00,2012-03-01
917,29_2012-03-01 00:00:00,29,0.0,0.0,0.0,0.0,0.0,00:00:00,2012-03-01
918,5_2012-03-01 12:15:00,5,0.0,0.0,0.0,0.0,0.0,12:15:00,2012-03-01
919,69_2012-03-01 11:15:00,69,0.0,0.0,0.0,0.0,0.0,11:15:00,2012-03-01
920,47_2012-03-01 09:30:00,47,0.0,0.0,0.0,0.0,0.0,09:30:00,2012-03-01
921,35_2012-03-01 04:00:00,35,0.0,0.0,0.0,0.0,0.0,04:00:00,2012-03-01
922,1_2012-03-01 02:15:00,1,0.0,0.0,0.0,0.0,0.0,02:15:00,2012-03-01
923,5_2012-03-01 07:45:00,5,0.0,0.0,0.0,0.0,0.0,07:45:00,2012-03-01
924,69_2012-03-01 16:45:00,69,0.0,0.0,0.0,0.0,0.0,16:45:00,2012-03-01
925,69_2012-03-01 20:45:00,69,0.0,0.0,0.0,0.0,0.0,20:45:00,2012-03-01
926,1_2012-03-01 11:30:00,1,0.0,0.0,0.0,0.0,0.0,11:30:00,2012-03-01
927,36_2012-03-01 22:45:00,36,0.0,0.0,0.0,0.0,0.0,22:45:00,2012-03-01
928,76_2012-03-01 04:30:00,76,0.0,0.0,0.0,0.0,0.0,04:30:00,2012-03-01
929,36_2012-03-01 05:45:00,36,0.0,0.0,0.0,0.0,0.0,05:45:00,2012-03-01
930,1_2012-03-01 07:00:00,1,0.0,0.0,0.0,0.0,0.0,07:00:00,2012-03-01
931,44_2012-03-01 01:15:00,44,0.0,0.0,0.0,0.0,0.0,01:15:00,2012-03-01
932,29_2012-03-01 19:15:00,29,0.0,0.0,0.0,0.0,0.0,19:15:00,2012-03-01
933,1_2012-03-01 06:15:00,1,0.0,0.0,0.0,0.0,0.0,06:15:00,2012-03-01
934,35_2012-03-01 10:15:00,35,0.0,0.0,0.0,0.0,0.0,10:15:00,2012-03-01
935,36_2012-03-01 14:00:00,36,0.0,0.0,0.0,0.0,0.0,14:00:00,2012-03-01
936,29_2012-03-01 20:15:00,29,0.0,0.0,0.0,0.0,0.0,20:15:00,2012-03-01
937,35_2012-03-01 02:45:00,35,0.0,0.0,0.0,0.0,0.0,02:45:00,2012-03-01
938,50_2012-03-01 08:45:00,50,0.0,0.0,0.0,0.0,0.0,08:45:00,2012-03-01
939,50_2012-03-01 13:30:00,50,0.0,0.0,0.0,0.0,0.0,13:30:00,2012-03-01
940,8_2012-03-01 03:30:00,8,0.0,0.0,0.0,0.0,0.0,03:30:00,2012-03-01
941,1_2012-03-01 20:15:00,1,0.0,0.0,0.0,0.0,0.0,20:15:00,2012-03-01
942,35_2012-03-01 01:45:00,35,0.0,0.0,0.0,0.0,0.0,01:45:00,2012-03-01
943,76_2012-03-01 06:45:00,76,0.0,0.0,0.0,0.0,0.0,06:45:00,2012-03-01
944,4_2012-03-01 01:30:00,4,0.0,0.0,0.0,0.0,0.0,01:30:00,2012-03-01
945,30_2012-03-01 11:30:00,30,0.0,0.0,0.0,0.0,0.0,11:30:00,2012-03-01
946,30_2012-03-01 03:15:00,30,0.0,0.0,0.0,0.0,0.0,03:15:00,2012-03-01
947,70_2012-03-01 02:45:00,70,0.0,0.0,0.0,0.0,0.0,02:45:00,2012-03-01
948,69_2012-03-01 10:30:00,69,0.0,0.0,0.0,0.0,0.0,10:30:00,2012-03-01
949,1_2012-03-01 11:00:00,1,0.0,0.0,0.0,0.0,0.0,11:00:00,2012-03-01
950,70_2012-03-01 11:15:00,70,0.0,0.0,0.0,0.0,0.0,11:15:00,2012-03-01
951,48_2012-03-01 23:45:00,48,0.0,0.0,0.0,0.0,0.0,23:45:00,2012-03-01
952,50_2012-03-01 09:30:00,50,0.0,0.0,0.0,0.0,0.0,09:30:00,2012-03-01
953,69_2012-03-01 22:00:00,69,0.0,0.0,0.0,0.0,0.0,22:00:00,2012-03-01
954,1_2012-03-01 16:45:00,1,0.0,0.0,0.0,0.0,0.0,16:45:00,2012-03-01
955,70_2012-03-01 15:00:00,70,0.0,0.0,0.0,0.0,0.0,15:00:00,2012-03-01
956,48_2012-03-01 10:15:00,48,0.0,0.0,0.0,0.0,0.0,10:15:00,2012-03-01
957,69_2012-03-01 19:30:00,69,0.0,0.0,0.0,0.0,0.0,19:30:00,2012-03-01
958,69_2012-03-01 13:00:00,69,0.0,0.0,0.0,0.0,0.0,13:00:00,2012-03-01
959,69_2012-03-01 11:00:00,69,0.0,0.0,0.0,0.0,0.0,11:00:00,2012-03-01
960,70_2012-03-01 21:00:00,70,0.0,0.0,0.0,0.0,0.0,21:00:00,2012-03-01
961,14_2012-03-01 23:30:00,14,0.0,0.0,0.0,0.0,0.0,23:30:00,2012-03-01
962,48_2012-03-01 07:30:00,48,0.0,0.0,0.0,0.0,0.0,07:30:00,2012-03-01
963,4_2012-03-01 14:30:00,4,0.0,0.0,0.0,0.0,0.0,14:30:00,2012-03-01
964,36_2012-03-01 22:00:00,36,0.0,0.0,0.0,0.0,0.0,22:00:00,2012-03-01
965,14_2012-03-01 18:15:00,14,0.0,0.0,0.0,0.0,0.0,18:15:00,2012-03-01
966,30_2012-03-01 09:30:00,30,0.0,0.0,0.0,0.0,0.0,09:30:00,2012-03-01
967,5_2012-03-01 22:45:00,5,0.0,0.0,0.0,0.0,0.0,22:45:00,2012-03-01
968,5_2012-03-01 18:00:00,5,0.0,0.0,0.0,0.0,0.0,18:00:00,2012-03-01
969,69_2012-03-01 02:45:00,69,0.0,0.0,0.0,0.0,0.0,02:45:00,2012-03-01
970,50_2012-03-01 16:30:00,50,0.0,0.0,0.0,0.0,0.0,16:30:00,2012-03-01
971,36_2012-03-01 19:15:00,36,0.0,0.0,0.0,0.0,0.0,19:15:00,2012-03-01
972,29_2012-03-01 18:00:00,29,0.0,0.0,0.0,0.0,0.0,18:00:00,2012-03-01
973,69_2012-03-01 02:15:00,69,0.0,0.0,0.0,0.0,0.0,02:15:00,2012-03-01
974,30_2012-03-01 18:15:00,30,0.0,0.0,0.0,0.0,0.0,18:15:00,2012-03-01
975,48_2012-03-01 05:00:00,48,0.0,0.0,0.0,0.0,0.0,05:00:00,2012-03-01
976,30_2012-03-01 14:30:00,30,0.0,0.0,0.0,0.0,0.0,14:30:00,2012-03-01
977,8_2012-03-01 04:45:00,8,0.0,0.0,0.0,0.0,0.0,04:45:00,2012-03-01
978,30_2012-03-01 06:00:00,30,0.0,0.0,0.0,0.0,0.0,06:00:00,2012-03-01
979,47_2012-03-01 19:45:00,47,0.0,0.0,0.0,0.0,0.0,19:45:00,2012-03-01
980,5_2012-03-01 19:00:00,5,0.0,0.0,0.0,0.0,0.0,19:00:00,2012-03-01
981,50_2012-03-01 17:00:00,50,0.0,0.0,0.0,0.0,0.0,17:00:00,2012-03-01
982,4_2012-03-01 21:45:00,4,0.0,0.0,0.0,0.0,0.0,21:45:00,2012-03-01
983,47_2012-03-01 16:00:00,47,0.0,0.0,0.0,0.0,0.0,16:00:00,2012-03-01
984,8_2012-03-01 02:30:00,8,0.0,0.0,0.0,0.0,0.0,02:30:00,2012-03-01
985,5_2012-03-01 07:30:00,5,0.0,0.0,0.0,0.0,0.0,07:30:00,2012-03-01
986,76_2012-03-01 14:45:00,76,0.0,0.0,0.0,0.0,0.0,14:45:00,2012-03-01
987,5_2012-03-01 23:00:00,5,0.0,0.0,0.0,0.0,0.0,23:00:00,2012-03-01
988,44_2012-03-01 23:45:00,44,0.0,0.0,0.0,0.0,0.0,23:45:00,2012-03-01
989,14_2012-03-01 22:30:00,14,0.0,0.0,0.0,0.0,0.0,22:30:00,2012-03-01
990,48_2012-03-01 08:00:00,48,0.0,0.0,0.0,0.0,0.0,08:00:00,2012-03-01
991,30_2012-03-01 02:30:00,30,0.0,0.0,0.0,0.0,0.0,02:30:00,2012-03-01
992,48_2012-03-01 04:15:00,48,0.0,0.0,0.0,0.0,0.0,04:15:00,2012-03-01
993,30_2012-03-01 08:00:00,30,0.0,0.0,0.0,0.0,0.0,08:00:00,2012-03-01
994,1_2012-03-01 18:45:00,1,0.0,0.0,0.0,0.0,0.0,18:45:00,2012-03-01
995,29_2012-03-01 13:30:00,29,0.0,0.0,0.0,0.0,0.0,13:30:00,2012-03-01
996,69_2012-03-01 08:00:00,69,0.0,0.0,0.0,0.0,0.0,08:00:00,2012-03-01
997,69_2012-03-01 12:15:00,69,0.0,0.0,0.0,0.0,0.0,12:15:00,2012-03-01
998,8_2012-03-01 00:30:00,8,0.0,0.0,0.0,0.0,0.0,00:30:00,2012-03-01
999,14_2012-03-01 14:00:00,14,0.0,0.0,0.0,0.0,0.0,14:00:00,2012-03-01
