,primary_key,altura_agua,horario,data_particao
0,2_2023-04-09 20:50:00,0.0,20:50:00,2023-04-09
1,1_2023-04-09 17:49:00,0.0,17:49:00,2023-04-09
2,6_2023-04-09 06:49:00,0.0,06:49:00,2023-04-09
3,6_2023-04-09 12:59:00,0.0,12:59:00,2023-04-09
4,1_2023-04-09 16:30:00,0.0,16:30:00,2023-04-09
5,5_2023-04-09 12:31:00,0.0,12:31:00,2023-04-09
6,6_2023-04-09 16:19:00,0.0,16:19:00,2023-04-09
7,1_2023-04-09 00:29:00,0.0,00:29:00,2023-04-09
8,5_2023-04-09 07:20:00,0.0,07:20:00,2023-04-09
9,6_2023-04-09 12:51:00,0.0,12:51:00,2023-04-09
10,5_2023-04-09 19:40:00,0.0,19:40:00,2023-04-09
11,6_2023-04-09 20:57:00,0.0,20:57:00,2023-04-09
12,6_2023-04-09 15:09:00,0.0,15:09:00,2023-04-09
13,6_2023-04-09 23:09:00,0.0,23:09:00,2023-04-09
14,1_2023-04-09 03:49:00,0.0,03:49:00,2023-04-09
15,1_2023-04-09 12:10:00,0.0,12:10:00,2023-04-09
16,6_2023-04-09 22:20:00,0.0,22:20:00,2023-04-09
17,2_2023-04-09 05:30:00,0.0,05:30:00,2023-04-09
18,6_2023-04-09 01:49:00,0.0,01:49:00,2023-04-09
19,2_2023-04-09 20:40:00,0.0,20:40:00,2023-04-09
20,5_2023-04-09 02:40:00,0.0,02:40:00,2023-04-09
21,6_2023-04-09 19:20:00,0.0,19:20:00,2023-04-09
22,5_2023-04-09 16:29:00,0.0,16:29:00,2023-04-09
23,5_2023-04-09 19:49:00,0.0,19:49:00,2023-04-09
24,6_2023-04-09 03:10:00,0.0,03:10:00,2023-04-09
25,6_2023-04-09 04:59:00,0.0,04:59:00,2023-04-09
26,1_2023-04-09 06:41:00,0.0,06:41:00,2023-04-09
27,1_2023-04-09 16:20:00,0.0,16:20:00,2023-04-09
28,6_2023-04-09 00:09:00,0.0,00:09:00,2023-04-09
29,6_2023-04-09 00:39:00,0.0,00:39:00,2023-04-09
30,2_2023-04-09 22:39:00,0.0,22:39:00,2023-04-09
31,1_2023-04-09 16:00:00,0.0,16:00:00,2023-04-09
32,1_2023-04-09 19:40:00,0.0,19:40:00,2023-04-09
33,6_2023-04-09 11:40:00,0.0,11:40:00,2023-04-09
34,1_2023-04-09 18:29:00,0.0,18:29:00,2023-04-09
35,1_2023-04-09 16:50:00,0.0,16:50:00,2023-04-09
36,1_2023-04-09 21:01:00,0.0,21:01:00,2023-04-09
37,6_2023-04-09 22:39:00,0.0,22:39:00,2023-04-09
38,1_2023-04-09 03:29:00,0.0,03:29:00,2023-04-09
39,6_2023-04-09 19:39:00,0.0,19:39:00,2023-04-09
40,6_2023-04-09 12:40:00,0.0,12:40:00,2023-04-09
41,6_2023-04-09 19:49:00,0.0,19:49:00,2023-04-09
42,1_2023-04-09 18:09:00,0.0,18:09:00,2023-04-09
43,2_2023-04-09 20:30:00,0.0,20:30:00,2023-04-09
44,5_2023-04-09 15:19:00,0.0,15:19:00,2023-04-09
45,6_2023-04-09 04:10:00,0.0,04:10:00,2023-04-09
46,2_2023-04-09 10:53:00,0.0,10:53:00,2023-04-09
47,2_2023-04-09 23:00:00,0.0,23:00:00,2023-04-09
48,6_2023-04-09 21:08:00,0.0,21:08:00,2023-04-09
49,1_2023-04-09 08:50:00,0.0,08:50:00,2023-04-09
50,2_2023-04-09 00:39:00,0.0,00:39:00,2023-04-09
51,1_2023-04-09 19:50:00,0.0,19:50:00,2023-04-09
52,6_2023-04-09 22:29:00,0.0,22:29:00,2023-04-09
53,1_2023-04-09 15:50:00,0.0,15:50:00,2023-04-09
54,2_2023-04-09 12:40:00,0.0,12:40:00,2023-04-09
55,6_2023-04-09 00:50:00,0.0,00:50:00,2023-04-09
56,5_2023-04-09 03:39:00,0.0,03:39:00,2023-04-09
57,5_2023-04-09 17:30:00,0.0,17:30:00,2023-04-09
58,2_2023-04-09 22:09:00,0.0,22:09:00,2023-04-09
59,2_2023-04-09 00:29:00,0.0,00:29:00,2023-04-09
60,4_2023-04-09 05:50:00,0.0,05:50:00,2023-04-09
61,6_2023-04-09 00:31:00,0.0,00:31:00,2023-04-09
62,5_2023-04-09 14:00:00,0.0,14:00:00,2023-04-09
63,2_2023-04-09 20:59:00,0.0,20:59:00,2023-04-09
64,5_2023-04-09 07:50:00,0.0,07:50:00,2023-04-09
65,2_2023-04-09 20:10:00,0.0,20:10:00,2023-04-09
66,5_2023-04-09 15:40:00,0.0,15:40:00,2023-04-09
67,5_2023-04-09 17:39:00,0.0,17:39:00,2023-04-09
68,6_2023-04-09 10:49:00,0.0,10:49:00,2023-04-09
69,6_2023-04-09 11:19:00,0.0,11:19:00,2023-04-09
70,2_2023-04-09 14:01:00,0.0,14:01:00,2023-04-09
71,1_2023-04-09 17:00:00,0.0,17:00:00,2023-04-09
72,5_2023-04-09 00:49:00,0.0,00:49:00,2023-04-09
73,6_2023-04-09 09:29:00,0.0,09:29:00,2023-04-09
74,1_2023-04-09 06:49:00,0.0,06:49:00,2023-04-09
75,6_2023-04-09 04:50:00,0.0,04:50:00,2023-04-09
76,6_2023-04-09 11:28:00,0.0,11:28:00,2023-04-09
77,6_2023-04-09 13:20:00,0.0,13:20:00,2023-04-09
78,2_2023-04-09 17:59:00,0.0,17:59:00,2023-04-09
79,6_2023-04-09 17:40:00,0.0,17:40:00,2023-04-09
80,1_2023-04-09 21:19:00,0.0,21:19:00,2023-04-09
81,1_2023-04-09 13:10:00,0.0,13:10:00,2023-04-09
82,2_2023-04-09 15:50:00,0.0,15:50:00,2023-04-09
83,5_2023-04-09 01:59:00,0.0,01:59:00,2023-04-09
84,1_2023-04-09 18:39:00,0.0,18:39:00,2023-04-09
85,1_2023-04-09 20:50:00,0.0,20:50:00,2023-04-09
86,2_2023-04-09 01:20:00,0.0,01:20:00,2023-04-09
87,5_2023-04-09 03:31:00,0.0,03:31:00,2023-04-09
88,6_2023-04-09 10:00:00,0.0,10:00:00,2023-04-09
89,6_2023-04-09 16:30:00,0.0,16:30:00,2023-04-09
90,6_2023-04-09 06:09:00,0.0,06:09:00,2023-04-09
91,5_2023-04-09 18:41:00,0.0,18:41:00,2023-04-09
92,2_2023-04-09 19:50:00,0.0,19:50:00,2023-04-09
93,6_2023-04-09 23:26:00,0.0,23:26:00,2023-04-09
94,5_2023-04-09 20:29:00,0.0,20:29:00,2023-04-09
95,2_2023-04-09 01:40:00,0.0,01:40:00,2023-04-09
96,5_2023-04-09 19:59:00,0.0,19:59:00,2023-04-09
97,6_2023-04-09 18:50:00,0.0,18:50:00,2023-04-09
98,1_2023-04-09 21:39:00,0.0,21:39:00,2023-04-09
99,2_2023-04-09 07:59:00,0.0,07:59:00,2023-04-09
100,2_2023-04-09 06:24:00,0.0,06:24:00,2023-04-09
101,6_2023-04-09 08:48:00,0.0,08:48:00,2023-04-09
102,6_2023-04-09 08:59:00,0.0,08:59:00,2023-04-09
103,6_2023-04-09 05:09:00,0.0,05:09:00,2023-04-09
104,2_2023-04-09 07:09:00,0.0,07:09:00,2023-04-09
105,2_2023-04-09 13:30:00,0.0,13:30:00,2023-04-09
106,6_2023-04-09 17:50:00,0.0,17:50:00,2023-04-09
107,6_2023-04-09 08:29:00,0.0,08:29:00,2023-04-09
108,5_2023-04-09 01:19:00,0.0,01:19:00,2023-04-09
109,6_2023-04-09 13:39:00,0.0,13:39:00,2023-04-09
110,1_2023-04-09 08:09:00,0.0,08:09:00,2023-04-09
111,5_2023-04-09 16:50:00,0.0,16:50:00,2023-04-09
112,6_2023-04-09 09:09:00,0.0,09:09:00,2023-04-09
113,2_2023-04-09 00:19:00,0.0,00:19:00,2023-04-09
114,1_2023-04-09 02:40:00,0.0,02:40:00,2023-04-09
115,6_2023-04-09 04:29:00,0.0,04:29:00,2023-04-09
116,6_2023-04-09 14:50:00,0.0,14:50:00,2023-04-09
117,2_2023-04-09 15:19:00,0.0,15:19:00,2023-04-09
118,2_2023-04-09 19:07:00,0.0,19:07:00,2023-04-09
119,6_2023-04-09 06:19:00,0.0,06:19:00,2023-04-09
120,1_2023-04-09 14:19:00,0.0,14:19:00,2023-04-09
121,6_2023-04-09 20:00:00,0.0,20:00:00,2023-04-09
122,1_2023-04-09 17:39:00,0.0,17:39:00,2023-04-09
123,5_2023-04-09 18:49:00,0.0,18:49:00,2023-04-09
124,5_2023-04-09 01:49:00,0.0,01:49:00,2023-04-09
125,1_2023-04-09 12:40:00,0.0,12:40:00,2023-04-09
126,5_2023-04-09 14:40:00,0.0,14:40:00,2023-04-09
127,5_2023-04-09 01:10:00,0.0,01:10:00,2023-04-09
128,5_2023-04-09 15:59:00,0.0,15:59:00,2023-04-09
129,5_2023-04-09 02:10:00,0.0,02:10:00,2023-04-09
130,1_2023-04-09 09:30:00,0.0,09:30:00,2023-04-09
131,6_2023-04-09 07:19:00,0.0,07:19:00,2023-04-09
132,1_2023-04-09 23:40:00,0.0,23:40:00,2023-04-09
133,1_2023-04-09 07:19:00,0.0,07:19:00,2023-04-09
134,6_2023-04-09 15:49:00,0.0,15:49:00,2023-04-09
135,5_2023-04-09 17:50:00,0.0,17:50:00,2023-04-09
136,1_2023-04-09 06:20:00,0.0,06:20:00,2023-04-09
137,2_2023-04-09 11:05:00,0.0,11:05:00,2023-04-09
138,6_2023-04-09 01:00:00,0.0,01:00:00,2023-04-09
139,2_2023-04-09 05:00:00,0.0,05:00:00,2023-04-09
140,5_2023-04-09 14:11:00,0.0,14:11:00,2023-04-09
141,2_2023-04-09 14:29:00,0.0,14:29:00,2023-04-09
142,2_2023-04-09 16:10:00,0.0,16:10:00,2023-04-09
143,2_2023-04-09 14:39:00,0.0,14:39:00,2023-04-09
144,1_2023-04-09 14:29:00,0.0,14:29:00,2023-04-09
145,5_2023-04-09 18:19:00,0.0,18:19:00,2023-04-09
146,5_2023-04-09 23:59:00,0.0,23:59:00,2023-04-09
147,6_2023-04-09 03:50:00,0.0,03:50:00,2023-04-09
148,1_2023-04-09 03:11:00,0.0,03:11:00,2023-04-09
149,6_2023-04-09 16:00:00,0.0,16:00:00,2023-04-09
150,5_2023-04-09 19:00:00,0.0,19:00:00,2023-04-09
151,2_2023-04-09 21:29:00,0.0,21:29:00,2023-04-09
152,2_2023-04-09 04:19:00,0.0,04:19:00,2023-04-09
153,5_2023-04-09 09:49:00,0.0,09:49:00,2023-04-09
154,6_2023-04-09 06:21:00,0.0,06:21:00,2023-04-09
155,6_2023-04-09 12:00:00,0.0,12:00:00,2023-04-09
156,2_2023-04-09 03:59:00,0.0,03:59:00,2023-04-09
157,2_2023-04-09 09:20:00,0.0,09:20:00,2023-04-09
158,5_2023-04-09 14:59:00,0.0,14:59:00,2023-04-09
159,2_2023-04-09 16:00:00,0.0,16:00:00,2023-04-09
160,6_2023-04-09 01:09:00,0.0,01:09:00,2023-04-09
161,1_2023-04-09 15:30:00,0.0,15:30:00,2023-04-09
162,1_2023-04-09 08:30:00,0.0,08:30:00,2023-04-09
163,5_2023-04-09 20:20:00,0.0,20:20:00,2023-04-09
164,1_2023-04-09 12:50:00,0.0,12:50:00,2023-04-09
165,2_2023-04-09 17:21:00,0.0,17:21:00,2023-04-09
166,6_2023-04-09 19:00:00,0.0,19:00:00,2023-04-09
167,1_2023-04-09 03:37:00,0.0,03:37:00,2023-04-09
168,6_2023-04-09 12:29:00,0.0,12:29:00,2023-04-09
169,1_2023-04-09 21:49:00,0.0,21:49:00,2023-04-09
170,5_2023-04-09 16:10:00,0.0,16:10:00,2023-04-09
171,1_2023-04-09 04:19:00,0.0,04:19:00,2023-04-09
172,5_2023-04-09 05:40:00,0.0,05:40:00,2023-04-09
173,1_2023-04-09 02:30:00,0.0,02:30:00,2023-04-09
174,5_2023-04-09 07:39:00,0.0,07:39:00,2023-04-09
175,2_2023-04-09 18:29:00,0.0,18:29:00,2023-04-09
176,2_2023-04-09 04:39:00,0.0,04:39:00,2023-04-09
177,5_2023-04-09 17:09:00,0.0,17:09:00,2023-04-09
178,2_2023-04-09 08:20:00,0.0,08:20:00,2023-04-09
179,2_2023-04-09 14:19:00,0.0,14:19:00,2023-04-09
180,5_2023-04-09 21:39:00,0.0,21:39:00,2023-04-09
181,6_2023-04-09 18:31:00,0.0,18:31:00,2023-04-09
182,1_2023-04-09 12:20:00,0.0,12:20:00,2023-04-09
183,5_2023-04-09 14:30:00,0.0,14:30:00,2023-04-09
184,1_2023-04-09 02:50:00,0.0,02:50:00,2023-04-09
185,5_2023-04-09 13:49:00,0.0,13:49:00,2023-04-09
186,5_2023-04-09 22:49:00,0.0,22:49:00,2023-04-09
187,5_2023-04-09 00:09:00,0.0,00:09:00,2023-04-09
188,2_2023-04-09 21:59:00,0.0,21:59:00,2023-04-09
189,2_2023-04-09 12:10:00,0.0,12:10:00,2023-04-09
190,5_2023-04-09 13:39:00,0.0,13:39:00,2023-04-09
191,5_2023-04-09 03:09:00,0.0,03:09:00,2023-04-09
192,1_2023-04-09 17:59:00,0.0,17:59:00,2023-04-09
193,1_2023-04-09 09:10:00,0.0,09:10:00,2023-04-09
194,6_2023-04-09 13:59:00,0.0,13:59:00,2023-04-09
195,1_2023-04-09 21:29:00,0.0,21:29:00,2023-04-09
196,6_2023-04-09 02:49:00,0.0,02:49:00,2023-04-09
197,6_2023-04-09 02:38:00,0.0,02:38:00,2023-04-09
198,2_2023-04-09 03:49:00,0.0,03:49:00,2023-04-09
199,5_2023-04-09 22:09:00,0.0,22:09:00,2023-04-09
200,6_2023-04-09 07:00:00,0.0,07:00:00,2023-04-09
201,5_2023-04-09 15:29:00,0.0,15:29:00,2023-04-09
202,2_2023-04-09 02:00:00,0.0,02:00:00,2023-04-09
203,2_2023-04-09 15:09:00,0.0,15:09:00,2023-04-09
204,1_2023-04-09 13:20:00,0.0,13:20:00,2023-04-09
205,1_2023-04-09 21:11:00,0.0,21:11:00,2023-04-09
206,2_2023-04-09 13:40:00,0.0,13:40:00,2023-04-09
207,1_2023-04-09 14:09:00,0.0,14:09:00,2023-04-09
208,2_2023-04-09 14:59:00,0.0,14:59:00,2023-04-09
209,6_2023-04-09 21:19:00,0.0,21:19:00,2023-04-09
210,2_2023-04-09 15:38:00,0.0,15:38:00,2023-04-09
211,2_2023-04-09 16:20:00,0.0,16:20:00,2023-04-09
212,1_2023-04-09 23:50:00,0.0,23:50:00,2023-04-09
213,6_2023-04-09 23:50:00,0.0,23:50:00,2023-04-09
214,6_2023-04-09 20:19:00,0.0,20:19:00,2023-04-09
215,6_2023-04-09 02:30:00,0.0,02:30:00,2023-04-09
216,1_2023-04-09 15:19:00,0.0,15:19:00,2023-04-09
217,6_2023-04-09 22:59:00,0.0,22:59:00,2023-04-09
218,2_2023-04-09 20:20:00,0.0,20:20:00,2023-04-09
219,5_2023-04-09 05:00:00,0.0,05:00:00,2023-04-09
220,6_2023-04-09 11:00:00,0.0,11:00:00,2023-04-09
221,2_2023-04-09 17:29:00,0.0,17:29:00,2023-04-09
222,1_2023-04-09 12:00:00,0.0,12:00:00,2023-04-09
223,6_2023-04-09 17:29:00,0.0,17:29:00,2023-04-09
224,6_2023-04-09 17:21:00,0.0,17:21:00,2023-04-09
225,1_2023-04-09 14:59:00,0.0,14:59:00,2023-04-09
226,2_2023-04-09 16:50:00,0.0,16:50:00,2023-04-09
227,1_2023-04-09 07:39:00,0.0,07:39:00,2023-04-09
228,2_2023-04-09 06:00:00,0.0,06:00:00,2023-04-09
229,1_2023-04-09 16:10:00,0.0,16:10:00,2023-04-09
230,1_2023-04-09 11:29:00,0.0,11:29:00,2023-04-09
231,2_2023-04-09 06:51:00,0.0,06:51:00,2023-04-09
232,5_2023-04-09 04:39:00,0.0,04:39:00,2023-04-09
233,2_2023-04-09 02:59:00,0.0,02:59:00,2023-04-09
234,6_2023-04-09 12:10:00,0.0,12:10:00,2023-04-09
235,5_2023-04-09 21:20:00,0.0,21:20:00,2023-04-09
236,6_2023-04-09 07:10:00,0.0,07:10:00,2023-04-09
237,5_2023-04-09 20:10:00,0.0,20:10:00,2023-04-09
238,2_2023-04-09 22:29:00,0.0,22:29:00,2023-04-09
239,6_2023-04-09 14:20:00,0.0,14:20:00,2023-04-09
240,1_2023-04-09 14:01:00,0.0,14:01:00,2023-04-09
241,5_2023-04-09 04:09:00,0.0,04:09:00,2023-04-09
242,2_2023-04-09 04:29:00,0.0,04:29:00,2023-04-09
243,5_2023-04-09 14:19:00,0.0,14:19:00,2023-04-09
244,5_2023-04-09 20:59:00,0.0,20:59:00,2023-04-09
245,5_2023-04-09 23:30:00,0.0,23:30:00,2023-04-09
246,6_2023-04-09 15:00:00,0.0,15:00:00,2023-04-09
247,2_2023-04-09 16:30:00,0.0,16:30:00,2023-04-09
248,5_2023-04-09 22:39:00,0.0,22:39:00,2023-04-09
249,5_2023-04-09 04:49:00,0.0,04:49:00,2023-04-09
250,1_2023-04-09 22:19:00,0.0,22:19:00,2023-04-09
251,1_2023-04-09 13:51:00,0.0,13:51:00,2023-04-09
252,5_2023-04-09 06:59:00,0.0,06:59:00,2023-04-09
253,1_2023-04-09 01:40:00,0.0,01:40:00,2023-04-09
254,1_2023-04-09 07:49:00,0.0,07:49:00,2023-04-09
255,1_2023-04-09 11:09:00,0.0,11:09:00,2023-04-09
256,5_2023-04-09 00:30:00,0.0,00:30:00,2023-04-09
257,5_2023-04-09 04:30:00,0.0,04:30:00,2023-04-09
258,2_2023-04-09 23:08:00,0.0,23:08:00,2023-04-09
259,6_2023-04-09 17:10:00,0.0,17:10:00,2023-04-09
260,2_2023-04-09 17:41:00,0.0,17:41:00,2023-04-09
261,6_2023-04-09 20:40:00,0.0,20:40:00,2023-04-09
262,2_2023-04-09 19:30:00,0.0,19:30:00,2023-04-09
263,2_2023-04-09 06:10:00,0.0,06:10:00,2023-04-09
264,1_2023-04-09 03:59:00,0.0,03:59:00,2023-04-09
265,5_2023-04-09 09:19:00,0.0,09:19:00,2023-04-09
266,5_2023-04-09 21:31:00,0.0,21:31:00,2023-04-09
267,6_2023-04-09 03:40:00,0.0,03:40:00,2023-04-09
268,2_2023-04-09 08:28:00,0.0,08:28:00,2023-04-09
269,5_2023-04-09 00:40:00,0.0,00:40:00,2023-04-09
270,2_2023-04-09 03:39:00,0.0,03:39:00,2023-04-09
271,2_2023-04-09 22:19:00,0.0,22:19:00,2023-04-09
272,2_2023-04-09 05:10:00,0.0,05:10:00,2023-04-09
273,1_2023-04-09 18:49:00,0.0,18:49:00,2023-04-09
274,1_2023-04-09 12:30:00,0.0,12:30:00,2023-04-09
275,1_2023-04-09 20:00:00,0.0,20:00:00,2023-04-09
276,1_2023-04-09 00:09:00,0.0,00:09:00,2023-04-09
277,5_2023-04-09 04:00:00,0.0,04:00:00,2023-04-09
278,1_2023-04-09 09:50:00,0.0,09:50:00,2023-04-09
279,2_2023-04-09 23:50:00,0.0,23:50:00,2023-04-09
280,2_2023-04-09 01:30:00,0.0,01:30:00,2023-04-09
281,2_2023-04-09 18:39:00,0.0,18:39:00,2023-04-09
282,6_2023-04-09 15:19:00,0.0,15:19:00,2023-04-09
283,5_2023-04-09 23:19:00,0.0,23:19:00,2023-04-09
284,6_2023-04-09 21:29:00,0.0,21:29:00,2023-04-09
285,5_2023-04-09 23:40:00,0.0,23:40:00,2023-04-09
286,6_2023-04-09 10:09:00,0.0,10:09:00,2023-04-09
287,1_2023-04-09 10:49:00,0.0,10:49:00,2023-04-09
288,2_2023-04-09 05:50:00,0.0,05:50:00,2023-04-09
289,6_2023-04-09 11:11:00,0.0,11:11:00,2023-04-09
290,2_2023-04-09 08:40:00,0.0,08:40:00,2023-04-09
291,1_2023-04-09 11:19:00,0.0,11:19:00,2023-04-09
292,2_2023-04-09 00:49:00,0.0,00:49:00,2023-04-09
293,1_2023-04-09 10:11:00,0.0,10:11:00,2023-04-09
294,2_2023-04-09 18:09:00,0.0,18:09:00,2023-04-09
295,6_2023-04-09 09:39:00,0.0,09:39:00,2023-04-09
296,5_2023-04-09 01:00:00,0.0,01:00:00,2023-04-09
297,1_2023-04-09 19:10:00,0.0,19:10:00,2023-04-09
298,6_2023-04-09 17:59:00,0.0,17:59:00,2023-04-09
299,1_2023-04-09 05:20:00,0.0,05:20:00,2023-04-09
300,2_2023-04-09 03:29:00,0.0,03:29:00,2023-04-09
301,5_2023-04-09 00:19:00,0.0,00:19:00,2023-04-09
302,1_2023-04-09 06:00:00,0.0,06:00:00,2023-04-09
303,1_2023-04-09 13:00:00,0.0,13:00:00,2023-04-09
304,2_2023-04-09 06:39:00,0.0,06:39:00,2023-04-09
305,2_2023-04-09 23:30:00,0.0,23:30:00,2023-04-09
306,2_2023-04-09 21:11:00,0.0,21:11:00,2023-04-09
307,1_2023-04-09 15:40:00,0.0,15:40:00,2023-04-09
308,6_2023-04-09 06:41:00,0.0,06:41:00,2023-04-09
309,5_2023-04-09 05:59:00,0.0,05:59:00,2023-04-09
310,2_2023-04-09 02:50:00,0.0,02:50:00,2023-04-09
311,1_2023-04-09 05:10:00,0.0,05:10:00,2023-04-09
312,2_2023-04-09 01:50:00,0.0,01:50:00,2023-04-09
313,1_2023-04-09 22:40:00,0.0,22:40:00,2023-04-09
314,2_2023-04-09 18:49:00,0.0,18:49:00,2023-04-09
315,6_2023-04-09 20:11:00,0.0,20:11:00,2023-04-09
316,6_2023-04-09 04:20:00,0.0,04:20:00,2023-04-09
317,1_2023-04-09 05:00:00,0.0,05:00:00,2023-04-09
318,6_2023-04-09 13:29:00,0.0,13:29:00,2023-04-09
319,1_2023-04-09 03:01:00,0.0,03:01:00,2023-04-09
320,1_2023-04-09 01:30:00,0.0,01:30:00,2023-04-09
321,5_2023-04-09 10:00:00,0.0,10:00:00,2023-04-09
322,6_2023-04-09 18:37:00,0.0,18:37:00,2023-04-09
323,2_2023-04-09 17:49:00,0.0,17:49:00,2023-04-09
324,5_2023-04-09 16:39:00,0.0,16:39:00,2023-04-09
325,2_2023-04-09 18:19:00,0.0,18:19:00,2023-04-09
326,6_2023-04-09 11:49:00,0.0,11:49:00,2023-04-09
327,6_2023-04-09 07:59:00,0.0,07:59:00,2023-04-09
328,2_2023-04-09 15:29:00,0.0,15:29:00,2023-04-09
329,5_2023-04-09 17:01:00,0.0,17:01:00,2023-04-09
330,5_2023-04-09 02:59:00,0.0,02:59:00,2023-04-09
331,6_2023-04-09 03:59:00,0.0,03:59:00,2023-04-09
332,6_2023-04-09 21:51:00,0.0,21:51:00,2023-04-09
333,2_2023-04-09 06:59:00,0.0,06:59:00,2023-04-09
334,1_2023-04-09 10:39:00,0.0,10:39:00,2023-04-09
335,1_2023-04-09 06:10:00,0.0,06:10:00,2023-04-09
336,6_2023-04-09 02:11:00,0.0,02:11:00,2023-04-09
337,1_2023-04-09 17:10:00,0.0,17:10:00,2023-04-09
338,1_2023-04-09 08:40:00,0.0,08:40:00,2023-04-09
339,1_2023-04-09 08:20:00,0.0,08:20:00,2023-04-09
340,5_2023-04-09 22:20:00,0.0,22:20:00,2023-04-09
341,1_2023-04-09 21:59:00,0.0,21:59:00,2023-04-09
342,1_2023-04-09 09:20:00,0.0,09:20:00,2023-04-09
343,1_2023-04-09 19:30:00,0.0,19:30:00,2023-04-09
344,6_2023-04-09 14:09:00,0.0,14:09:00,2023-04-09
345,6_2023-04-09 13:10:00,0.0,13:10:00,2023-04-09
346,5_2023-04-09 19:10:00,0.0,19:10:00,2023-04-09
347,5_2023-04-09 19:19:00,0.0,19:19:00,2023-04-09
348,6_2023-04-09 08:10:00,0.0,08:10:00,2023-04-09
349,2_2023-04-09 09:36:00,0.0,09:36:00,2023-04-09
350,1_2023-04-09 22:09:00,0.0,22:09:00,2023-04-09
351,2_2023-04-09 03:11:00,0.0,03:11:00,2023-04-09
352,1_2023-04-09 04:39:00,0.0,04:39:00,2023-04-09
353,1_2023-04-09 14:49:00,0.0,14:49:00,2023-04-09
354,5_2023-04-09 01:29:00,0.0,01:29:00,2023-04-09
355,6_2023-04-09 05:30:00,0.0,05:30:00,2023-04-09
356,1_2023-04-09 07:09:00,0.0,07:09:00,2023-04-09
357,6_2023-04-09 10:30:00,0.0,10:30:00,2023-04-09
358,1_2023-04-09 20:40:00,0.0,20:40:00,2023-04-09
359,6_2023-04-09 14:30:00,0.0,14:30:00,2023-04-09
360,5_2023-04-09 14:49:00,0.0,14:49:00,2023-04-09
361,1_2023-04-09 14:39:00,0.0,14:39:00,2023-04-09
362,6_2023-04-09 07:49:00,0.0,07:49:00,2023-04-09
363,6_2023-04-09 21:40:00,0.0,21:40:00,2023-04-09
364,5_2023-04-09 15:10:00,0.0,15:10:00,2023-04-09
365,6_2023-04-09 03:19:00,0.0,03:19:00,2023-04-09
366,6_2023-04-09 00:20:00,0.0,00:20:00,2023-04-09
367,1_2023-04-09 20:10:00,0.0,20:10:00,2023-04-09
368,2_2023-04-09 23:40:00,0.0,23:40:00,2023-04-09
369,5_2023-04-09 21:09:00,0.0,21:09:00,2023-04-09
370,1_2023-04-09 18:59:00,0.0,18:59:00,2023-04-09
371,1_2023-04-09 23:20:00,0.0,23:20:00,2023-04-09
372,6_2023-04-09 10:39:00,0.0,10:39:00,2023-04-09
373,5_2023-04-09 02:50:00,0.0,02:50:00,2023-04-09
374,2_2023-04-09 00:59:00,0.0,00:59:00,2023-04-09
375,2_2023-04-09 09:30:00,0.0,09:30:00,2023-04-09
376,1_2023-04-09 17:31:00,0.0,17:31:00,2023-04-09
377,1_2023-04-09 07:59:00,0.0,07:59:00,2023-04-09
378,2_2023-04-09 05:38:00,0.0,05:38:00,2023-04-09
379,6_2023-04-09 15:30:00,0.0,15:30:00,2023-04-09
380,5_2023-04-09 23:11:00,0.0,23:11:00,2023-04-09
381,5_2023-04-09 22:00:00,0.0,22:00:00,2023-04-09
382,2_2023-04-09 08:09:00,0.0,08:09:00,2023-04-09
383,6_2023-04-09 23:39:00,0.0,23:39:00,2023-04-09
384,2_2023-04-09 04:09:00,0.0,04:09:00,2023-04-09
385,6_2023-04-09 16:59:00,0.0,16:59:00,2023-04-09
386,6_2023-04-09 05:37:00,0.0,05:37:00,2023-04-09
387,2_2023-04-09 21:39:00,0.0,21:39:00,2023-04-09
388,5_2023-04-09 05:49:00,0.0,05:49:00,2023-04-09
389,6_2023-04-09 10:20:00,0.0,10:20:00,2023-04-09
390,6_2023-04-09 22:10:00,0.0,22:10:00,2023-04-09
391,6_2023-04-09 01:30:00,0.0,01:30:00,2023-04-09
392,6_2023-04-09 08:18:00,0.0,08:18:00,2023-04-09
393,2_2023-04-09 02:30:00,0.0,02:30:00,2023-04-09
394,5_2023-04-09 18:00:00,0.0,18:00:00,2023-04-09
395,2_2023-04-09 02:40:00,0.0,02:40:00,2023-04-09
396,2_2023-04-09 00:09:00,0.0,00:09:00,2023-04-09
397,5_2023-04-09 09:00:00,0.0,09:00:00,2023-04-09
398,2_2023-04-09 19:20:00,0.0,19:20:00,2023-04-09
399,6_2023-04-09 02:59:00,0.0,02:59:00,2023-04-09
400,5_2023-04-09 08:30:00,0.0,08:30:00,2023-04-09
401,1_2023-04-09 20:20:00,0.0,20:20:00,2023-04-09
402,1_2023-04-09 03:17:00,0.0,03:17:00,2023-04-09
403,5_2023-04-09 06:29:00,0.0,06:29:00,2023-04-09
404,5_2023-04-09 03:50:00,0.0,03:50:00,2023-04-09
405,1_2023-04-09 06:57:00,0.0,06:57:00,2023-04-09
406,1_2023-04-09 20:30:00,0.0,20:30:00,2023-04-09
407,2_2023-04-09 18:59:00,0.0,18:59:00,2023-04-09
408,2_2023-04-09 02:20:00,0.0,02:20:00,2023-04-09
409,2_2023-04-09 09:50:00,0.0,09:50:00,2023-04-09
410,5_2023-04-09 07:10:00,0.0,07:10:00,2023-04-09
411,6_2023-04-09 19:09:00,0.0,19:09:00,2023-04-09
412,1_2023-04-09 02:20:00,0.0,02:20:00,2023-04-09
413,1_2023-04-09 19:20:00,0.0,19:20:00,2023-04-09
414,1_2023-04-09 17:21:00,0.0,17:21:00,2023-04-09
415,1_2023-04-09 23:00:00,0.0,23:00:00,2023-04-09
416,6_2023-04-09 21:59:00,0.0,21:59:00,2023-04-09
417,2_2023-04-09 07:39:00,0.0,07:39:00,2023-04-09
418,1_2023-04-09 01:50:00,0.0,01:50:00,2023-04-09
419,6_2023-04-09 18:09:00,0.0,18:09:00,2023-04-09
420,1_2023-04-09 15:09:00,0.0,15:09:00,2023-04-09
421,1_2023-04-09 07:29:00,0.0,07:29:00,2023-04-09
422,5_2023-04-09 00:00:00,0.0,00:00:00,2023-04-09
423,1_2023-04-09 09:40:00,0.0,09:40:00,2023-04-09
424,2_2023-04-09 17:00:00,0.0,17:00:00,2023-04-09
425,5_2023-04-09 18:09:00,0.0,18:09:00,2023-04-09
426,1_2023-04-09 10:00:00,0.0,10:00:00,2023-04-09
427,5_2023-04-09 23:00:00,0.0,23:00:00,2023-04-09
428,2_2023-04-09 07:19:00,0.0,07:19:00,2023-04-09
429,5_2023-04-09 11:20:00,0.0,11:20:00,2023-04-09
430,5_2023-04-09 08:39:00,0.0,08:39:00,2023-04-09
431,6_2023-04-09 02:00:00,0.0,02:00:00,2023-04-09
432,1_2023-04-09 02:00:00,0.0,02:00:00,2023-04-09
433,2_2023-04-09 10:04:00,0.0,10:04:00,2023-04-09
434,1_2023-04-09 22:50:00,0.0,22:50:00,2023-04-09
435,1_2023-04-09 18:19:00,0.0,18:19:00,2023-04-09
436,6_2023-04-09 09:18:00,0.0,09:18:00,2023-04-09
437,5_2023-04-09 16:20:00,0.0,16:20:00,2023-04-09
438,1_2023-04-09 13:30:00,0.0,13:30:00,2023-04-09
439,5_2023-04-09 05:30:00,0.0,05:30:00,2023-04-09
440,5_2023-04-09 15:50:00,0.0,15:50:00,2023-04-09
441,5_2023-04-09 06:10:00,0.0,06:10:00,2023-04-09
442,6_2023-04-09 19:30:00,0.0,19:30:00,2023-04-09
443,6_2023-04-09 15:41:00,0.0,15:41:00,2023-04-09
444,5_2023-04-09 01:40:00,0.0,01:40:00,2023-04-09
445,1_2023-04-09 11:39:00,0.0,11:39:00,2023-04-09
446,2_2023-04-09 08:50:00,0.0,08:50:00,2023-04-09
447,6_2023-04-09 07:29:00,0.0,07:29:00,2023-04-09
448,5_2023-04-09 19:29:00,0.0,19:29:00,2023-04-09
449,1_2023-04-09 02:10:00,0.0,02:10:00,2023-04-09
450,6_2023-04-09 13:50:00,0.0,13:50:00,2023-04-09
451,5_2023-04-09 17:20:00,0.0,17:20:00,2023-04-09
452,1_2023-04-09 10:21:00,0.0,10:21:00,2023-04-09
453,5_2023-04-09 04:19:00,0.0,04:19:00,2023-04-09
454,5_2023-04-09 05:19:00,0.0,05:19:00,2023-04-09
455,6_2023-04-09 20:30:00,0.0,20:30:00,2023-04-09
456,5_2023-04-09 20:40:00,0.0,20:40:00,2023-04-09
457,2_2023-04-09 09:00:00,0.0,09:00:00,2023-04-09
458,6_2023-04-09 05:50:00,0.0,05:50:00,2023-04-09
459,1_2023-04-09 13:40:00,0.0,13:40:00,2023-04-09
460,5_2023-04-09 03:20:00,0.0,03:20:00,2023-04-09
461,1_2023-04-09 01:10:00,0.0,01:10:00,2023-04-09
462,2_2023-04-09 07:29:00,0.0,07:29:00,2023-04-09
463,5_2023-04-09 07:27:00,0.0,07:27:00,2023-04-09
464,1_2023-04-09 11:49:00,0.0,11:49:00,2023-04-09
465,1_2023-04-09 04:29:00,0.0,04:29:00,2023-04-09
466,2_2023-04-09 17:10:00,0.0,17:10:00,2023-04-09
467,1_2023-04-09 04:09:00,0.0,04:09:00,2023-04-09
468,5_2023-04-09 06:40:00,0.0,06:40:00,2023-04-09
469,1_2023-04-09 10:59:00,0.0,10:59:00,2023-04-09
470,2_2023-04-09 09:10:00,0.0,09:10:00,2023-04-09
471,6_2023-04-09 07:40:00,0.0,07:40:00,2023-04-09
472,2_2023-04-09 05:20:00,0.0,05:20:00,2023-04-09
473,2_2023-04-09 22:50:00,0.0,22:50:00,2023-04-09
474,6_2023-04-09 16:40:00,0.0,16:40:00,2023-04-09
475,1_2023-04-09 01:20:00,0.0,01:20:00,2023-04-09
476,1_2023-04-09 04:50:00,0.0,04:50:00,2023-04-09
477,1_2023-04-09 09:00:00,0.0,09:00:00,2023-04-09
478,2_2023-04-09 03:19:00,0.0,03:19:00,2023-04-09
479,1_2023-04-09 06:24:00,0.0,06:24:00,2023-04-09
480,5_2023-04-09 20:50:00,0.0,20:50:00,2023-04-09
481,6_2023-04-09 12:19:00,0.0,12:19:00,2023-04-09
482,6_2023-04-09 06:00:00,0.0,06:00:00,2023-04-09
483,1_2023-04-09 16:40:00,0.0,16:40:00,2023-04-09
484,5_2023-04-09 18:30:00,0.0,18:30:00,2023-04-09
485,2_2023-04-09 23:20:00,0.0,23:20:00,2023-04-09
486,2_2023-04-09 20:00:00,0.0,20:00:00,2023-04-09
487,1_2023-04-09 23:30:00,0.0,23:30:00,2023-04-09
488,6_2023-04-09 04:39:00,0.0,04:39:00,2023-04-09
489,1_2023-04-09 10:29:00,0.0,10:29:00,2023-04-09
490,2_2023-04-09 14:49:00,0.0,14:49:00,2023-04-09
491,6_2023-04-09 09:50:00,0.0,09:50:00,2023-04-09
492,6_2023-04-09 01:39:00,0.0,01:39:00,2023-04-09
493,6_2023-04-09 08:40:00,0.0,08:40:00,2023-04-09
494,6_2023-04-09 16:49:00,0.0,16:49:00,2023-04-09
495,1_2023-04-09 22:29:00,0.0,22:29:00,2023-04-09
496,6_2023-04-09 20:49:00,0.0,20:49:00,2023-04-09
497,2_2023-04-09 07:49:00,0.0,07:49:00,2023-04-09
498,5_2023-04-09 02:20:00,0.0,02:20:00,2023-04-09
499,5_2023-04-09 05:11:00,0.0,05:11:00,2023-04-09
500,6_2023-04-09 01:20:00,0.0,01:20:00,2023-04-09
501,1_2023-04-09 00:59:00,0.0,00:59:00,2023-04-09
502,6_2023-04-09 22:48:00,0.0,22:48:00,2023-04-09
503,2_2023-04-09 21:47:00,0.0,21:47:00,2023-04-09
504,2_2023-04-09 14:09:00,0.0,14:09:00,2023-04-09
505,6_2023-04-09 03:29:00,0.0,03:29:00,2023-04-09
506,1_2023-04-09 23:10:00,0.0,23:10:00,2023-04-09
507,6_2023-04-09 16:10:00,0.0,16:10:00,2023-04-09
508,6_2023-04-09 05:20:00,0.0,05:20:00,2023-04-09
509,2_2023-04-09 02:10:00,0.0,02:10:00,2023-04-09
510,5_2023-04-09 22:30:00,0.0,22:30:00,2023-04-09
511,2_2023-04-09 01:07:00,0.0,01:07:00,2023-04-09
512,6_2023-04-09 23:20:00,0.0,23:20:00,2023-04-09
513,2_2023-04-09 16:40:00,0.0,16:40:00,2023-04-09
514,2_2023-04-09 19:38:00,0.0,19:38:00,2023-04-09
515,2_2023-04-09 06:20:00,0.0,06:20:00,2023-04-09
516,5_2023-04-09 13:30:00,0.0,13:30:00,2023-04-09
517,1_2023-04-09 05:30:00,0.0,05:30:00,2023-04-09
518,5_2023-04-09 02:29:00,0.0,02:29:00,2023-04-09
519,2_2023-04-09 21:19:00,0.0,21:19:00,2023-04-09
520,5_2023-04-09 21:50:00,0.0,21:50:00,2023-04-09
521,2_2023-04-09 04:50:00,0.0,04:50:00,2023-04-09
522,5_2023-04-09 06:19:00,0.0,06:19:00,2023-04-09
523,5_2023-04-09 23:49:00,0.0,23:49:00,2023-04-09
524,6_2023-04-09 18:16:00,0.0,18:16:00,2023-04-09
525,5_2023-04-10 21:00:00,0.0,21:00:00,2023-04-10
526,6_2023-04-10 11:10:00,0.0,11:10:00,2023-04-10
527,5_2023-04-10 05:21:00,0.0,05:21:00,2023-04-10
528,5_2023-04-10 16:09:00,0.0,16:09:00,2023-04-10
529,5_2023-04-10 22:59:00,0.0,22:59:00,2023-04-10
530,1_2023-04-10 11:39:00,0.0,11:39:00,2023-04-10
531,5_2023-04-10 00:29:00,0.0,00:29:00,2023-04-10
532,2_2023-04-10 05:09:00,0.0,05:09:00,2023-04-10
533,1_2023-04-10 02:30:00,0.0,02:30:00,2023-04-10
534,1_2023-04-10 04:39:00,0.0,04:39:00,2023-04-10
535,2_2023-04-10 00:41:00,0.0,00:41:00,2023-04-10
536,6_2023-04-10 19:49:00,0.0,19:49:00,2023-04-10
537,2_2023-04-10 19:19:00,0.0,19:19:00,2023-04-10
538,1_2023-04-10 16:29:00,0.0,16:29:00,2023-04-10
539,1_2023-04-10 12:17:00,0.0,12:17:00,2023-04-10
540,6_2023-04-10 20:27:00,0.0,20:27:00,2023-04-10
541,6_2023-04-10 02:40:00,0.0,02:40:00,2023-04-10
542,1_2023-04-10 23:50:00,0.0,23:50:00,2023-04-10
543,1_2023-04-10 16:19:00,0.0,16:19:00,2023-04-10
544,5_2023-04-10 22:10:00,0.0,22:10:00,2023-04-10
545,5_2023-04-10 07:49:00,0.0,07:49:00,2023-04-10
546,6_2023-04-10 15:27:00,0.0,15:27:00,2023-04-10
547,2_2023-04-10 14:20:00,0.0,14:20:00,2023-04-10
548,2_2023-04-10 20:30:00,0.0,20:30:00,2023-04-10
549,5_2023-04-10 05:40:00,0.0,05:40:00,2023-04-10
550,6_2023-04-10 13:09:00,0.0,13:09:00,2023-04-10
551,1_2023-04-10 21:00:00,0.0,21:00:00,2023-04-10
552,1_2023-04-10 22:49:00,0.0,22:49:00,2023-04-10
553,1_2023-04-10 15:29:00,0.0,15:29:00,2023-04-10
554,2_2023-04-10 19:09:00,0.0,19:09:00,2023-04-10
555,6_2023-04-10 09:41:00,0.0,09:41:00,2023-04-10
556,2_2023-04-10 08:09:00,0.0,08:09:00,2023-04-10
557,5_2023-04-10 08:19:00,0.0,08:19:00,2023-04-10
558,2_2023-04-10 18:31:00,0.0,18:31:00,2023-04-10
559,5_2023-04-10 09:40:00,0.0,09:40:00,2023-04-10
560,5_2023-04-10 19:29:00,0.0,19:29:00,2023-04-10
561,2_2023-04-10 03:20:00,0.0,03:20:00,2023-04-10
562,6_2023-04-10 09:00:00,0.0,09:00:00,2023-04-10
563,5_2023-04-10 17:11:00,0.0,17:11:00,2023-04-10
564,1_2023-04-10 19:09:00,0.0,19:09:00,2023-04-10
565,2_2023-04-10 20:48:00,0.0,20:48:00,2023-04-10
566,6_2023-04-10 15:59:00,0.0,15:59:00,2023-04-10
567,2_2023-04-10 06:16:00,0.0,06:16:00,2023-04-10
568,6_2023-04-10 09:49:00,0.0,09:49:00,2023-04-10
569,6_2023-04-10 18:00:00,0.0,18:00:00,2023-04-10
570,6_2023-04-10 23:19:00,0.0,23:19:00,2023-04-10
571,6_2023-04-10 19:59:00,0.0,19:59:00,2023-04-10
572,2_2023-04-10 07:40:00,0.0,07:40:00,2023-04-10
573,2_2023-04-10 02:20:00,0.0,02:20:00,2023-04-10
574,2_2023-04-10 10:20:00,0.0,10:20:00,2023-04-10
575,1_2023-04-10 09:50:00,0.0,09:50:00,2023-04-10
576,1_2023-04-10 08:29:00,0.0,08:29:00,2023-04-10
577,2_2023-04-10 13:30:00,0.0,13:30:00,2023-04-10
578,2_2023-04-10 19:57:00,0.0,19:57:00,2023-04-10
579,5_2023-04-10 18:10:00,0.0,18:10:00,2023-04-10
580,1_2023-04-10 04:21:00,0.0,04:21:00,2023-04-10
581,1_2023-04-10 18:59:00,0.0,18:59:00,2023-04-10
582,5_2023-04-10 22:30:00,0.0,22:30:00,2023-04-10
583,1_2023-04-10 16:07:00,0.0,16:07:00,2023-04-10
584,6_2023-04-10 23:30:00,0.0,23:30:00,2023-04-10
585,1_2023-04-10 05:39:00,0.0,05:39:00,2023-04-10
586,2_2023-04-10 15:59:00,0.0,15:59:00,2023-04-10
587,6_2023-04-10 00:19:00,0.0,00:19:00,2023-04-10
588,5_2023-04-10 23:50:00,0.0,23:50:00,2023-04-10
589,5_2023-04-10 18:29:00,0.0,18:29:00,2023-04-10
590,6_2023-04-10 07:10:00,0.0,07:10:00,2023-04-10
591,1_2023-04-10 13:42:00,0.0,13:42:00,2023-04-10
592,1_2023-04-10 00:59:00,0.0,00:59:00,2023-04-10
593,2_2023-04-10 02:40:00,0.0,02:40:00,2023-04-10
594,5_2023-04-10 23:40:00,0.0,23:40:00,2023-04-10
595,1_2023-04-10 09:30:00,0.0,09:30:00,2023-04-10
596,2_2023-04-10 08:19:00,0.0,08:19:00,2023-04-10
597,5_2023-04-10 03:09:00,0.0,03:09:00,2023-04-10
598,5_2023-04-10 09:19:00,0.0,09:19:00,2023-04-10
599,1_2023-04-10 19:59:00,0.0,19:59:00,2023-04-10
600,2_2023-04-10 11:10:00,0.0,11:10:00,2023-04-10
601,6_2023-04-10 07:59:00,0.0,07:59:00,2023-04-10
602,2_2023-04-10 21:22:00,0.0,21:22:00,2023-04-10
603,2_2023-04-10 11:59:00,0.0,11:59:00,2023-04-10
604,5_2023-04-10 13:30:00,0.0,13:30:00,2023-04-10
605,6_2023-04-10 11:50:00,0.0,11:50:00,2023-04-10
606,5_2023-04-10 02:09:00,0.0,02:09:00,2023-04-10
607,6_2023-04-10 21:39:00,0.0,21:39:00,2023-04-10
608,1_2023-04-10 19:39:00,0.0,19:39:00,2023-04-10
609,1_2023-04-10 03:00:00,0.0,03:00:00,2023-04-10
610,6_2023-04-10 12:10:00,0.0,12:10:00,2023-04-10
611,6_2023-04-10 22:20:00,0.0,22:20:00,2023-04-10
612,2_2023-04-10 17:50:00,0.0,17:50:00,2023-04-10
613,2_2023-04-10 06:10:00,0.0,06:10:00,2023-04-10
614,6_2023-04-10 19:00:00,0.0,19:00:00,2023-04-10
615,1_2023-04-10 06:00:00,0.0,06:00:00,2023-04-10
616,2_2023-04-10 02:09:00,0.0,02:09:00,2023-04-10
617,6_2023-04-10 10:59:00,0.0,10:59:00,2023-04-10
618,1_2023-04-10 06:40:00,0.0,06:40:00,2023-04-10
619,6_2023-04-10 21:20:00,0.0,21:20:00,2023-04-10
620,1_2023-04-10 18:10:00,0.0,18:10:00,2023-04-10
621,6_2023-04-10 16:20:00,0.0,16:20:00,2023-04-10
622,5_2023-04-10 21:39:00,0.0,21:39:00,2023-04-10
623,5_2023-04-10 09:59:00,0.0,09:59:00,2023-04-10
624,6_2023-04-10 23:41:00,0.0,23:41:00,2023-04-10
625,2_2023-04-10 09:48:00,0.0,09:48:00,2023-04-10
626,5_2023-04-10 02:01:00,0.0,02:01:00,2023-04-10
627,5_2023-04-10 11:09:00,0.0,11:09:00,2023-04-10
628,5_2023-04-10 08:30:00,0.0,08:30:00,2023-04-10
629,6_2023-04-10 08:09:00,0.0,08:09:00,2023-04-10
630,1_2023-04-10 00:00:00,0.0,00:00:00,2023-04-10
631,6_2023-04-10 03:09:00,0.0,03:09:00,2023-04-10
632,1_2023-04-10 21:10:00,0.0,21:10:00,2023-04-10
633,2_2023-04-10 10:00:00,0.0,10:00:00,2023-04-10
634,5_2023-04-10 18:51:00,0.0,18:51:00,2023-04-10
635,6_2023-04-10 22:09:00,0.0,22:09:00,2023-04-10
636,5_2023-04-10 07:00:00,0.0,07:00:00,2023-04-10
637,1_2023-04-10 03:10:00,0.0,03:10:00,2023-04-10
638,6_2023-04-10 13:49:00,0.0,13:49:00,2023-04-10
639,6_2023-04-10 06:51:00,0.0,06:51:00,2023-04-10
640,6_2023-04-10 01:19:00,0.0,01:19:00,2023-04-10
641,5_2023-04-10 02:58:00,0.0,02:58:00,2023-04-10
642,2_2023-04-10 14:40:00,0.0,14:40:00,2023-04-10
643,5_2023-04-10 16:00:00,0.0,16:00:00,2023-04-10
644,6_2023-04-10 05:00:00,0.0,05:00:00,2023-04-10
645,1_2023-04-10 01:39:00,0.0,01:39:00,2023-04-10
646,1_2023-04-10 07:00:00,0.0,07:00:00,2023-04-10
647,1_2023-04-10 01:19:00,0.0,01:19:00,2023-04-10
648,6_2023-04-10 03:37:00,0.0,03:37:00,2023-04-10
649,2_2023-04-10 12:39:00,0.0,12:39:00,2023-04-10
650,5_2023-04-10 18:59:00,0.0,18:59:00,2023-04-10
651,2_2023-04-10 21:50:00,0.0,21:50:00,2023-04-10
652,6_2023-04-10 13:39:00,0.0,13:39:00,2023-04-10
653,1_2023-04-10 11:10:00,0.0,11:10:00,2023-04-10
654,5_2023-04-10 01:10:00,0.0,01:10:00,2023-04-10
655,5_2023-04-10 05:10:00,0.0,05:10:00,2023-04-10
656,5_2023-04-10 12:41:00,0.0,12:41:00,2023-04-10
657,1_2023-04-10 10:30:00,0.0,10:30:00,2023-04-10
658,2_2023-04-10 21:06:00,0.0,21:06:00,2023-04-10
659,2_2023-04-10 04:49:00,0.0,04:49:00,2023-04-10
660,5_2023-04-10 08:49:00,0.0,08:49:00,2023-04-10
661,6_2023-04-10 00:09:00,0.0,00:09:00,2023-04-10
662,6_2023-04-10 14:09:00,0.0,14:09:00,2023-04-10
663,1_2023-04-10 23:19:00,0.0,23:19:00,2023-04-10
664,1_2023-04-10 15:27:00,0.0,15:27:00,2023-04-10
665,2_2023-04-10 08:49:00,0.0,08:49:00,2023-04-10
666,5_2023-04-10 01:50:00,0.0,01:50:00,2023-04-10
667,6_2023-04-10 18:39:00,0.0,18:39:00,2023-04-10
668,2_2023-04-10 05:49:00,0.0,05:49:00,2023-04-10
669,1_2023-04-10 21:20:00,0.0,21:20:00,2023-04-10
670,2_2023-04-10 07:00:00,0.0,07:00:00,2023-04-10
671,5_2023-04-10 20:28:00,0.0,20:28:00,2023-04-10
672,6_2023-04-10 18:09:00,0.0,18:09:00,2023-04-10
673,2_2023-04-10 16:39:00,0.0,16:39:00,2023-04-10
674,5_2023-04-10 07:30:00,0.0,07:30:00,2023-04-10
675,5_2023-04-10 07:20:00,0.0,07:20:00,2023-04-10
676,1_2023-04-10 00:10:00,0.0,00:10:00,2023-04-10
677,6_2023-04-10 03:50:00,0.0,03:50:00,2023-04-10
678,5_2023-04-10 04:40:00,0.0,04:40:00,2023-04-10
679,1_2023-04-10 19:49:00,0.0,19:49:00,2023-04-10
680,1_2023-04-10 07:20:00,0.0,07:20:00,2023-04-10
681,2_2023-04-10 20:40:00,0.0,20:40:00,2023-04-10
682,2_2023-04-10 03:10:00,0.0,03:10:00,2023-04-10
683,1_2023-04-10 18:29:00,0.0,18:29:00,2023-04-10
684,6_2023-04-10 22:01:00,0.0,22:01:00,2023-04-10
685,1_2023-04-10 10:20:00,0.0,10:20:00,2023-04-10
686,5_2023-04-10 02:39:00,0.0,02:39:00,2023-04-10
687,2_2023-04-10 06:00:00,0.0,06:00:00,2023-04-10
688,1_2023-04-10 11:21:00,0.0,11:21:00,2023-04-10
689,2_2023-04-10 16:50:00,0.0,16:50:00,2023-04-10
690,6_2023-04-10 06:17:00,0.0,06:17:00,2023-04-10
691,2_2023-04-10 23:19:00,0.0,23:19:00,2023-04-10
692,6_2023-04-10 08:50:00,0.0,08:50:00,2023-04-10
693,5_2023-04-10 04:00:00,0.0,04:00:00,2023-04-10
694,5_2023-04-10 20:50:00,0.0,20:50:00,2023-04-10
695,6_2023-04-10 19:19:00,0.0,19:19:00,2023-04-10
696,5_2023-04-10 13:40:00,0.0,13:40:00,2023-04-10
697,6_2023-04-10 11:59:00,0.0,11:59:00,2023-04-10
698,2_2023-04-10 14:00:00,0.0,14:00:00,2023-04-10
699,2_2023-04-10 20:20:00,0.0,20:20:00,2023-04-10
700,2_2023-04-10 08:01:00,0.0,08:01:00,2023-04-10
701,6_2023-04-10 10:00:00,0.0,10:00:00,2023-04-10
702,1_2023-04-10 18:20:00,0.0,18:20:00,2023-04-10
703,6_2023-04-10 09:09:00,0.0,09:09:00,2023-04-10
704,2_2023-04-10 11:39:00,0.0,11:39:00,2023-04-10
705,2_2023-04-10 05:29:00,0.0,05:29:00,2023-04-10
706,6_2023-04-10 20:10:00,0.0,20:10:00,2023-04-10
707,5_2023-04-10 06:50:00,0.0,06:50:00,2023-04-10
708,6_2023-04-10 18:19:00,0.0,18:19:00,2023-04-10
709,2_2023-04-10 18:20:00,0.0,18:20:00,2023-04-10
710,6_2023-04-10 10:10:00,0.0,10:10:00,2023-04-10
711,2_2023-04-10 23:29:00,0.0,23:29:00,2023-04-10
712,2_2023-04-10 12:19:00,0.0,12:19:00,2023-04-10
713,6_2023-04-10 08:31:00,0.0,08:31:00,2023-04-10
714,2_2023-04-10 13:40:00,0.0,13:40:00,2023-04-10
715,2_2023-04-10 13:10:00,0.0,13:10:00,2023-04-10
716,2_2023-04-10 16:58:00,0.0,16:58:00,2023-04-10
717,5_2023-04-10 22:19:00,0.0,22:19:00,2023-04-10
718,5_2023-04-10 04:57:00,0.0,04:57:00,2023-04-10
719,1_2023-04-10 03:40:00,0.0,03:40:00,2023-04-10
720,5_2023-04-10 11:30:00,0.0,11:30:00,2023-04-10
721,1_2023-04-10 07:10:00,0.0,07:10:00,2023-04-10
722,5_2023-04-10 12:30:00,0.0,12:30:00,2023-04-10
723,1_2023-04-10 02:09:00,0.0,02:09:00,2023-04-10
724,2_2023-04-10 18:41:00,0.0,18:41:00,2023-04-10
725,6_2023-04-10 16:59:00,0.0,16:59:00,2023-04-10
726,1_2023-04-10 23:39:00,0.0,23:39:00,2023-04-10
727,6_2023-04-10 13:30:00,0.0,13:30:00,2023-04-10
728,5_2023-04-10 04:29:00,0.0,04:29:00,2023-04-10
729,2_2023-04-10 19:39:00,0.0,19:39:00,2023-04-10
730,5_2023-04-10 17:49:00,0.0,17:49:00,2023-04-10
731,2_2023-04-10 22:31:00,0.0,22:31:00,2023-04-10
732,5_2023-04-10 21:30:00,0.0,21:30:00,2023-04-10
733,1_2023-04-10 05:09:00,0.0,05:09:00,2023-04-10
734,5_2023-04-10 21:49:00,0.0,21:49:00,2023-04-10
735,6_2023-04-10 10:40:00,0.0,10:40:00,2023-04-10
736,2_2023-04-10 12:59:00,0.0,12:59:00,2023-04-10
737,1_2023-04-10 06:50:00,0.0,06:50:00,2023-04-10
738,1_2023-04-10 18:00:00,0.0,18:00:00,2023-04-10
739,1_2023-04-10 20:20:00,0.0,20:20:00,2023-04-10
740,1_2023-04-10 02:20:00,0.0,02:20:00,2023-04-10
741,2_2023-04-10 01:59:00,0.0,01:59:00,2023-04-10
742,1_2023-04-10 16:50:00,0.0,16:50:00,2023-04-10
743,6_2023-04-10 17:50:00,0.0,17:50:00,2023-04-10
744,1_2023-04-10 21:40:00,0.0,21:40:00,2023-04-10
745,2_2023-04-10 04:11:00,0.0,04:11:00,2023-04-10
746,1_2023-04-10 00:41:00,0.0,00:41:00,2023-04-10
747,2_2023-04-10 03:40:00,0.0,03:40:00,2023-04-10
748,6_2023-04-10 16:10:00,0.0,16:10:00,2023-04-10
749,6_2023-04-10 12:50:00,0.0,12:50:00,2023-04-10
750,6_2023-04-10 17:31:00,0.0,17:31:00,2023-04-10
751,1_2023-04-10 11:00:00,0.0,11:00:00,2023-04-10
752,1_2023-04-10 01:29:00,0.0,01:29:00,2023-04-10
753,5_2023-04-10 04:19:00,0.0,04:19:00,2023-04-10
754,6_2023-04-10 23:58:00,0.0,23:58:00,2023-04-10
755,5_2023-04-10 19:10:00,0.0,19:10:00,2023-04-10
756,1_2023-04-10 15:59:00,0.0,15:59:00,2023-04-10
757,5_2023-04-10 22:49:00,0.0,22:49:00,2023-04-10
758,2_2023-04-10 04:21:00,0.0,04:21:00,2023-04-10
759,6_2023-04-10 03:20:00,0.0,03:20:00,2023-04-10
760,2_2023-04-10 17:30:00,0.0,17:30:00,2023-04-10
761,2_2023-04-10 05:39:00,0.0,05:39:00,2023-04-10
762,6_2023-04-10 05:09:00,0.0,05:09:00,2023-04-10
763,1_2023-04-10 15:49:00,0.0,15:49:00,2023-04-10
764,6_2023-04-10 06:59:00,0.0,06:59:00,2023-04-10
765,5_2023-04-10 14:40:00,0.0,14:40:00,2023-04-10
766,2_2023-04-10 08:39:00,0.0,08:39:00,2023-04-10
767,6_2023-04-10 01:49:00,0.0,01:49:00,2023-04-10
768,5_2023-04-10 16:39:00,0.0,16:39:00,2023-04-10
769,5_2023-04-10 02:30:00,0.0,02:30:00,2023-04-10
770,1_2023-04-10 22:01:00,0.0,22:01:00,2023-04-10
771,6_2023-04-10 04:01:00,0.0,04:01:00,2023-04-10
772,2_2023-04-10 15:27:00,0.0,15:27:00,2023-04-10
773,6_2023-04-10 03:29:00,0.0,03:29:00,2023-04-10
774,5_2023-04-10 03:49:00,0.0,03:49:00,2023-04-10
775,6_2023-04-10 17:20:00,0.0,17:20:00,2023-04-10
776,1_2023-04-10 08:49:00,0.0,08:49:00,2023-04-10
777,1_2023-04-10 13:14:00,0.0,13:14:00,2023-04-10
778,4_2023-04-10 11:59:00,0.0,11:59:00,2023-04-10
779,5_2023-04-10 10:29:00,0.0,10:29:00,2023-04-10
780,5_2023-04-10 17:40:00,0.0,17:40:00,2023-04-10
781,6_2023-04-10 04:49:00,0.0,04:49:00,2023-04-10
782,2_2023-04-10 19:49:00,0.0,19:49:00,2023-04-10
783,6_2023-04-10 05:40:00,0.0,05:40:00,2023-04-10
784,2_2023-04-10 15:39:00,0.0,15:39:00,2023-04-10
785,5_2023-04-10 21:19:00,0.0,21:19:00,2023-04-10
786,1_2023-04-10 02:40:00,0.0,02:40:00,2023-04-10
787,2_2023-04-10 09:40:00,0.0,09:40:00,2023-04-10
788,6_2023-04-10 20:19:00,0.0,20:19:00,2023-04-10
789,1_2023-04-10 17:40:00,0.0,17:40:00,2023-04-10
790,5_2023-04-10 03:19:00,0.0,03:19:00,2023-04-10
791,5_2023-04-10 03:41:00,0.0,03:41:00,2023-04-10
792,1_2023-04-10 02:50:00,0.0,02:50:00,2023-04-10
793,1_2023-04-10 04:49:00,0.0,04:49:00,2023-04-10
794,5_2023-04-10 17:19:00,0.0,17:19:00,2023-04-10
795,5_2023-04-10 21:09:00,0.0,21:09:00,2023-04-10
796,6_2023-04-10 05:17:00,0.0,05:17:00,2023-04-10
797,1_2023-04-10 19:19:00,0.0,19:19:00,2023-04-10
798,2_2023-04-10 02:30:00,0.0,02:30:00,2023-04-10
799,1_2023-04-10 08:39:00,0.0,08:39:00,2023-04-10
800,5_2023-04-10 05:27:00,0.0,05:27:00,2023-04-10
801,6_2023-04-10 20:40:00,0.0,20:40:00,2023-04-10
802,6_2023-04-10 14:36:00,0.0,14:36:00,2023-04-10
803,5_2023-04-10 18:19:00,0.0,18:19:00,2023-04-10
804,5_2023-04-10 23:21:00,0.0,23:21:00,2023-04-10
805,5_2023-04-10 15:39:00,0.0,15:39:00,2023-04-10
806,5_2023-04-10 00:50:00,0.0,00:50:00,2023-04-10
807,6_2023-04-10 11:29:00,0.0,11:29:00,2023-04-10
808,1_2023-04-10 09:40:00,0.0,09:40:00,2023-04-10
809,5_2023-04-10 09:10:00,0.0,09:10:00,2023-04-10
810,2_2023-04-10 00:28:00,0.0,00:28:00,2023-04-10
811,5_2023-04-10 06:29:00,0.0,06:29:00,2023-04-10
812,5_2023-04-10 12:09:00,0.0,12:09:00,2023-04-10
813,2_2023-04-10 21:00:00,0.0,21:00:00,2023-04-10
814,2_2023-04-10 03:50:00,0.0,03:50:00,2023-04-10
815,1_2023-04-10 10:40:00,0.0,10:40:00,2023-04-10
816,5_2023-04-10 08:40:00,0.0,08:40:00,2023-04-10
817,5_2023-04-10 10:59:00,0.0,10:59:00,2023-04-10
818,5_2023-04-10 08:11:00,0.0,08:11:00,2023-04-10
819,5_2023-04-10 23:29:00,0.0,23:29:00,2023-04-10
820,1_2023-04-10 08:59:00,0.0,08:59:00,2023-04-10
821,5_2023-04-10 08:59:00,0.0,08:59:00,2023-04-10
822,2_2023-04-10 15:49:00,0.0,15:49:00,2023-04-10
823,1_2023-04-10 07:41:00,0.0,07:41:00,2023-04-10
824,2_2023-04-10 17:40:00,0.0,17:40:00,2023-04-10
825,2_2023-04-10 03:30:00,0.0,03:30:00,2023-04-10
826,5_2023-04-10 19:39:00,0.0,19:39:00,2023-04-10
827,6_2023-04-10 01:30:00,0.0,01:30:00,2023-04-10
828,1_2023-04-10 04:00:00,0.0,04:00:00,2023-04-10
829,5_2023-04-10 18:00:00,0.0,18:00:00,2023-04-10
830,2_2023-04-10 18:59:00,0.0,18:59:00,2023-04-10
831,2_2023-04-10 14:30:00,0.0,14:30:00,2023-04-10
832,2_2023-04-10 16:19:00,0.0,16:19:00,2023-04-10
833,6_2023-04-10 10:30:00,0.0,10:30:00,2023-04-10
834,6_2023-04-10 11:21:00,0.0,11:21:00,2023-04-10
835,6_2023-04-10 14:19:00,0.0,14:19:00,2023-04-10
836,5_2023-04-10 03:30:00,0.0,03:30:00,2023-04-10
837,5_2023-04-10 18:40:00,0.0,18:40:00,2023-04-10
838,1_2023-04-10 07:30:00,0.0,07:30:00,2023-04-10
839,5_2023-04-10 16:30:00,0.0,16:30:00,2023-04-10
840,2_2023-04-10 18:10:00,0.0,18:10:00,2023-04-10
841,1_2023-04-10 10:00:00,0.0,10:00:00,2023-04-10
842,2_2023-04-10 11:49:00,0.0,11:49:00,2023-04-10
843,6_2023-04-10 04:39:00,0.0,04:39:00,2023-04-10
844,6_2023-04-10 17:09:00,0.0,17:09:00,2023-04-10
845,1_2023-04-10 10:50:00,0.0,10:50:00,2023-04-10
846,6_2023-04-10 07:50:00,0.0,07:50:00,2023-04-10
847,2_2023-04-10 18:49:00,0.0,18:49:00,2023-04-10
848,6_2023-04-10 07:20:00,0.0,07:20:00,2023-04-10
849,2_2023-04-10 01:17:00,0.0,01:17:00,2023-04-10
850,1_2023-04-10 00:20:00,0.0,00:20:00,2023-04-10
851,6_2023-04-10 06:27:00,0.0,06:27:00,2023-04-10
852,1_2023-04-10 03:50:00,0.0,03:50:00,2023-04-10
853,6_2023-04-10 19:30:00,0.0,19:30:00,2023-04-10
854,6_2023-04-10 18:30:00,0.0,18:30:00,2023-04-10
855,5_2023-04-10 06:39:00,0.0,06:39:00,2023-04-10
856,2_2023-04-10 23:49:00,0.0,23:49:00,2023-04-10
857,6_2023-04-10 14:30:00,0.0,14:30:00,2023-04-10
858,6_2023-04-10 00:00:00,0.0,00:00:00,2023-04-10
859,6_2023-04-10 08:39:00,0.0,08:39:00,2023-04-10
860,5_2023-04-10 09:51:00,0.0,09:51:00,2023-04-10
861,2_2023-04-10 04:39:00,0.0,04:39:00,2023-04-10
862,5_2023-04-10 14:10:00,0.0,14:10:00,2023-04-10
863,2_2023-04-10 06:30:00,0.0,06:30:00,2023-04-10
864,6_2023-04-10 16:40:00,0.0,16:40:00,2023-04-10
865,2_2023-04-10 09:09:00,0.0,09:09:00,2023-04-10
866,1_2023-04-10 08:19:00,0.0,08:19:00,2023-04-10
867,1_2023-04-10 11:59:00,0.0,11:59:00,2023-04-10
868,2_2023-04-10 17:20:00,0.0,17:20:00,2023-04-10
869,2_2023-04-10 00:59:00,0.0,00:59:00,2023-04-10
870,2_2023-04-10 00:10:00,0.0,00:10:00,2023-04-10
871,5_2023-04-10 13:00:00,0.0,13:00:00,2023-04-10
872,2_2023-04-10 01:07:00,0.0,01:07:00,2023-04-10
873,6_2023-04-10 21:50:00,0.0,21:50:00,2023-04-10
874,1_2023-04-10 17:00:00,0.0,17:00:00,2023-04-10
875,5_2023-04-10 00:59:00,0.0,00:59:00,2023-04-10
876,5_2023-04-10 13:49:00,0.0,13:49:00,2023-04-10
877,6_2023-04-10 00:30:00,0.0,00:30:00,2023-04-10
878,1_2023-04-10 17:30:00,0.0,17:30:00,2023-04-10
879,6_2023-04-10 22:58:00,0.0,22:58:00,2023-04-10
880,6_2023-04-10 16:29:00,0.0,16:29:00,2023-04-10
881,1_2023-04-10 03:30:00,0.0,03:30:00,2023-04-10
882,6_2023-04-10 12:31:00,0.0,12:31:00,2023-04-10
883,6_2023-04-10 04:20:00,0.0,04:20:00,2023-04-10
884,5_2023-04-10 01:35:00,0.0,01:35:00,2023-04-10
885,2_2023-04-10 02:50:00,0.0,02:50:00,2023-04-10
886,5_2023-04-10 19:50:00,0.0,19:50:00,2023-04-10
887,5_2023-04-10 19:59:00,0.0,19:59:00,2023-04-10
888,1_2023-04-10 05:19:00,0.0,05:19:00,2023-04-10
889,5_2023-04-10 20:20:00,0.0,20:20:00,2023-04-10
890,5_2023-04-10 05:50:00,0.0,05:50:00,2023-04-10
891,5_2023-04-10 07:39:00,0.0,07:39:00,2023-04-10
892,5_2023-04-10 16:49:00,0.0,16:49:00,2023-04-10
893,5_2023-04-10 20:39:00,0.0,20:39:00,2023-04-10
894,5_2023-04-10 00:40:00,0.0,00:40:00,2023-04-10
895,6_2023-04-10 21:10:00,0.0,21:10:00,2023-04-10
896,1_2023-04-10 20:10:00,0.0,20:10:00,2023-04-10
897,2_2023-04-10 04:59:00,0.0,04:59:00,2023-04-10
898,5_2023-04-10 12:00:00,0.0,12:00:00,2023-04-10
899,6_2023-04-10 07:40:00,0.0,07:40:00,2023-04-10
900,2_2023-04-10 06:50:00,0.0,06:50:00,2023-04-10
901,1_2023-04-10 22:39:00,0.0,22:39:00,2023-04-10
902,5_2023-04-10 01:20:00,0.0,01:20:00,2023-04-10
903,1_2023-04-10 07:51:00,0.0,07:51:00,2023-04-10
904,1_2023-04-10 14:14:00,0.0,14:14:00,2023-04-10
905,6_2023-04-10 15:38:00,0.0,15:38:00,2023-04-10
906,2_2023-04-10 00:00:00,0.0,00:00:00,2023-04-10
907,6_2023-04-10 20:50:00,0.0,20:50:00,2023-04-10
908,5_2023-04-10 16:20:00,0.0,16:20:00,2023-04-10
909,5_2023-04-10 00:10:00,0.0,00:10:00,2023-04-10
910,5_2023-04-10 06:09:00,0.0,06:09:00,2023-04-10
911,5_2023-04-10 11:20:00,0.0,11:20:00,2023-04-10
912,6_2023-04-10 08:20:00,0.0,08:20:00,2023-04-10
913,1_2023-04-10 03:20:00,0.0,03:20:00,2023-04-10
914,6_2023-04-10 22:50:00,0.0,22:50:00,2023-04-10
915,1_2023-04-10 06:30:00,0.0,06:30:00,2023-04-10
916,5_2023-04-10 15:50:00,0.0,15:50:00,2023-04-10
917,5_2023-04-10 22:00:00,0.0,22:00:00,2023-04-10
918,6_2023-04-10 10:19:00,0.0,10:19:00,2023-04-10
919,2_2023-04-10 10:40:00,0.0,10:40:00,2023-04-10
920,1_2023-04-10 15:39:00,0.0,15:39:00,2023-04-10
921,2_2023-04-10 07:51:00,0.0,07:51:00,2023-04-10
922,6_2023-04-10 02:29:00,0.0,02:29:00,2023-04-10
923,1_2023-04-10 04:59:00,0.0,04:59:00,2023-04-10
924,2_2023-04-10 21:18:00,0.0,21:18:00,2023-04-10
925,6_2023-04-10 05:30:00,0.0,05:30:00,2023-04-10
926,5_2023-04-10 10:20:00,0.0,10:20:00,2023-04-10
927,5_2023-04-10 23:59:00,0.0,23:59:00,2023-04-10
928,2_2023-04-10 20:09:00,0.0,20:09:00,2023-04-10
929,1_2023-04-10 01:09:00,0.0,01:09:00,2023-04-10
930,5_2023-04-10 05:59:00,0.0,05:59:00,2023-04-10
931,5_2023-04-10 07:09:00,0.0,07:09:00,2023-04-10
932,5_2023-04-10 14:29:00,0.0,14:29:00,2023-04-10
933,1_2023-04-10 20:50:00,0.0,20:50:00,2023-04-10
934,5_2023-04-10 13:19:00,0.0,13:19:00,2023-04-10
935,6_2023-04-10 06:40:00,0.0,06:40:00,2023-04-10
936,1_2023-04-10 12:09:00,0.0,12:09:00,2023-04-10
937,1_2023-04-10 22:11:00,0.0,22:11:00,2023-04-10
938,6_2023-04-10 02:21:00,0.0,02:21:00,2023-04-10
939,2_2023-04-10 14:10:00,0.0,14:10:00,2023-04-10
940,1_2023-04-10 09:09:00,0.0,09:09:00,2023-04-10
941,6_2023-04-10 15:51:00,0.0,15:51:00,2023-04-10
942,6_2023-04-10 04:09:00,0.0,04:09:00,2023-04-10
943,6_2023-04-10 19:40:00,0.0,19:40:00,2023-04-10
944,5_2023-04-10 06:20:00,0.0,06:20:00,2023-04-10
945,5_2023-04-10 20:09:00,0.0,20:09:00,2023-04-10
946,5_2023-04-10 13:10:00,0.0,13:10:00,2023-04-10
947,5_2023-04-10 02:50:00,0.0,02:50:00,2023-04-10
948,6_2023-04-10 01:00:00,0.0,01:00:00,2023-04-10
949,6_2023-04-10 15:29:00,0.0,15:29:00,2023-04-10
950,6_2023-04-10 10:49:00,0.0,10:49:00,2023-04-10
951,5_2023-04-10 10:39:00,0.0,10:39:00,2023-04-10
952,1_2023-04-10 23:09:00,0.0,23:09:00,2023-04-10
953,1_2023-04-10 00:31:00,0.0,00:31:00,2023-04-10
954,6_2023-04-10 09:30:00,0.0,09:30:00,2023-04-10
955,5_2023-04-10 22:38:00,0.0,22:38:00,2023-04-10
956,2_2023-04-10 06:38:00,0.0,06:38:00,2023-04-10
957,1_2023-04-10 20:40:00,0.0,20:40:00,2023-04-10
958,2_2023-04-10 04:29:00,0.0,04:29:00,2023-04-10
959,6_2023-04-10 21:29:00,0.0,21:29:00,2023-04-10
960,6_2023-04-10 01:40:00,0.0,01:40:00,2023-04-10
961,1_2023-04-10 16:40:00,0.0,16:40:00,2023-04-10
962,5_2023-04-10 15:29:00,0.0,15:29:00,2023-04-10
963,5_2023-04-10 08:00:00,0.0,08:00:00,2023-04-10
964,5_2023-04-10 09:29:00,0.0,09:29:00,2023-04-10
965,5_2023-04-10 23:10:00,0.0,23:10:00,2023-04-10
966,6_2023-04-10 04:28:00,0.0,04:28:00,2023-04-10
967,5_2023-04-10 17:30:00,0.0,17:30:00,2023-04-10
968,1_2023-04-10 21:30:00,0.0,21:30:00,2023-04-10
969,2_2023-04-10 19:29:00,0.0,19:29:00,2023-04-10
970,1_2023-04-10 17:10:00,0.0,17:10:00,2023-04-10
971,6_2023-04-10 00:41:00,0.0,00:41:00,2023-04-10
972,1_2023-04-10 22:29:00,0.0,22:29:00,2023-04-10
973,2_2023-04-10 22:45:00,0.0,22:45:00,2023-04-10
974,1_2023-04-10 22:59:00,0.0,22:59:00,2023-04-10
975,1_2023-04-10 07:59:00,0.0,07:59:00,2023-04-10
976,5_2023-04-10 11:50:00,0.0,11:50:00,2023-04-10
977,5_2023-04-10 10:10:00,0.0,10:10:00,2023-04-10
978,2_2023-04-10 10:50:00,0.0,10:50:00,2023-04-10
979,1_2023-04-10 17:20:00,0.0,17:20:00,2023-04-10
980,6_2023-04-10 01:59:00,0.0,01:59:00,2023-04-10
981,2_2023-04-10 02:58:00,0.0,02:58:00,2023-04-10
982,1_2023-04-10 13:22:00,0.0,13:22:00,2023-04-10
983,6_2023-04-10 22:39:00,0.0,22:39:00,2023-04-10
984,5_2023-04-10 17:00:00,0.0,17:00:00,2023-04-10
985,2_2023-04-10 16:07:00,0.0,16:07:00,2023-04-10
986,6_2023-04-10 13:01:00,0.0,13:01:00,2023-04-10
987,5_2023-04-10 02:20:00,0.0,02:20:00,2023-04-10
988,5_2023-04-10 10:50:00,0.0,10:50:00,2023-04-10
989,5_2023-04-10 12:49:00,0.0,12:49:00,2023-04-10
990,1_2023-04-10 17:50:00,0.0,17:50:00,2023-04-10
991,1_2023-04-10 09:19:00,0.0,09:19:00,2023-04-10
992,6_2023-04-10 06:10:00,0.0,06:10:00,2023-04-10
993,2_2023-04-10 12:29:00,0.0,12:29:00,2023-04-10
994,2_2023-04-10 04:00:00,0.0,04:00:00,2023-04-10
995,6_2023-04-10 02:10:00,0.0,02:10:00,2023-04-10
996,2_2023-04-10 13:20:00,0.0,13:20:00,2023-04-10
997,2_2023-04-10 00:51:00,0.0,00:51:00,2023-04-10
998,1_2023-04-10 18:49:00,0.0,18:49:00,2023-04-10
999,5_2023-04-10 12:19:00,0.0,12:19:00,2023-04-10
